sex;age;2004;2005;2006;2007;2008;2009;2010;2011;2012;2013;2014;2015;2016;2017;2018;2019;2020;2021;2022;2023;2024;2025;2026;2027;2028;2029;2030;2031;2032;2033;2034;2035;2036;2037;2038;2039;2040;2041;2042;2043;2044;2045;2046;2047;2048;2049;2050;2051;2052;2053;2054;2055;2056;2057;2058;2059;2060;2061;2062;2063;2064;2065;2066;2067;2068;2069;2070;2071;2072;2073;2074;2075;2076;2077;2078;2079;2080;2081;2082;2083;2084;2085;2086;2087;2088;2089;2090;2091;2092;2093;2094;2095;2096;2097;2098;2099;2100
1;0;0.0;0.0;0.0;0.0;0.0;0.0;0.0;0.0;0.0;0.0;0.0;0.0;0.0;0.0;0.0;0.0;0.0;0.0;0.0;0.0;0.0;0.0;0.0;0.0;0.0;0.0;0.0;0.0;0.0;0.0;0.0;0.0;0.0;0.0;0.0;0.0;0.0;0.0;0.0;0.0;0.0;0.0;0.0;0.0;0.0;0.0;0.0;0.0;0.0;0.0;0.0;0.0;0.0;0.0;0.0;0.0;0.0;0.0;0.0;0.0;0.0;0.0;0.0;0.0;0.0;0.0;0.0;0.0;0.0;0.0;0.0;0.0;0.0;0.0;0.0;0.0;0.0;0.0;0.0;0.0;0.0;0.0;0.0;0.0;0.0;0.0;0.0;0.0;0.0;0.0;0.0;0.0;0.0;0.0;0.0;0.0;0.0
1;1;0.0;0.0;0.0;0.0;0.0;0.0;0.0;0.0;0.0;0.0;0.0;0.0;0.0;0.0;0.0;0.0;0.0;0.0;0.0;0.0;0.0;0.0;0.0;0.0;0.0;0.0;0.0;0.0;0.0;0.0;0.0;0.0;0.0;0.0;0.0;0.0;0.0;0.0;0.0;0.0;0.0;0.0;0.0;0.0;0.0;0.0;0.0;0.0;0.0;0.0;0.0;0.0;0.0;0.0;0.0;0.0;0.0;0.0;0.0;0.0;0.0;0.0;0.0;0.0;0.0;0.0;0.0;0.0;0.0;0.0;0.0;0.0;0.0;0.0;0.0;0.0;0.0;0.0;0.0;0.0;0.0;0.0;0.0;0.0;0.0;0.0;0.0;0.0;0.0;0.0;0.0;0.0;0.0;0.0;0.0;0.0;0.0
1;2;0.0;0.0;0.0;0.0;0.0;0.0;0.0;0.0;0.0;0.0;0.0;0.0;0.0;0.0;0.0;0.0;0.0;0.0;0.0;0.0;0.0;0.0;0.0;0.0;0.0;0.0;0.0;0.0;0.0;0.0;0.0;0.0;0.0;0.0;0.0;0.0;0.0;0.0;0.0;0.0;0.0;0.0;0.0;0.0;0.0;0.0;0.0;0.0;0.0;0.0;0.0;0.0;0.0;0.0;0.0;0.0;0.0;0.0;0.0;0.0;0.0;0.0;0.0;0.0;0.0;0.0;0.0;0.0;0.0;0.0;0.0;0.0;0.0;0.0;0.0;0.0;0.0;0.0;0.0;0.0;0.0;0.0;0.0;0.0;0.0;0.0;0.0;0.0;0.0;0.0;0.0;0.0;0.0;0.0;0.0;0.0;0.0
1;3;0.0;0.0;0.0;0.0;0.0;0.0;0.0;0.0;0.0;0.0;0.0;0.0;0.0;0.0;0.0;0.0;0.0;0.0;0.0;0.0;0.0;0.0;0.0;0.0;0.0;0.0;0.0;0.0;0.0;0.0;0.0;0.0;0.0;0.0;0.0;0.0;0.0;0.0;0.0;0.0;0.0;0.0;0.0;0.0;0.0;0.0;0.0;0.0;0.0;0.0;0.0;0.0;0.0;0.0;0.0;0.0;0.0;0.0;0.0;0.0;0.0;0.0;0.0;0.0;0.0;0.0;0.0;0.0;0.0;0.0;0.0;0.0;0.0;0.0;0.0;0.0;0.0;0.0;0.0;0.0;0.0;0.0;0.0;0.0;0.0;0.0;0.0;0.0;0.0;0.0;0.0;0.0;0.0;0.0;0.0;0.0;0.0
1;4;0.0;0.0;0.0;0.0;0.0;0.0;0.0;0.0;0.0;0.0;0.0;0.0;0.0;0.0;0.0;0.0;0.0;0.0;0.0;0.0;0.0;0.0;0.0;0.0;0.0;0.0;0.0;0.0;0.0;0.0;0.0;0.0;0.0;0.0;0.0;0.0;0.0;0.0;0.0;0.0;0.0;0.0;0.0;0.0;0.0;0.0;0.0;0.0;0.0;0.0;0.0;0.0;0.0;0.0;0.0;0.0;0.0;0.0;0.0;0.0;0.0;0.0;0.0;0.0;0.0;0.0;0.0;0.0;0.0;0.0;0.0;0.0;0.0;0.0;0.0;0.0;0.0;0.0;0.0;0.0;0.0;0.0;0.0;0.0;0.0;0.0;0.0;0.0;0.0;0.0;0.0;0.0;0.0;0.0;0.0;0.0;0.0
1;5;0.0;0.0;0.0;0.0;0.0;0.0;0.0;0.0;0.0;0.0;0.0;0.0;0.0;0.0;0.0;0.0;0.0;0.0;0.0;0.0;0.0;0.0;0.0;0.0;0.0;0.0;0.0;0.0;0.0;0.0;0.0;0.0;0.0;0.0;0.0;0.0;0.0;0.0;0.0;0.0;0.0;0.0;0.0;0.0;0.0;0.0;0.0;0.0;0.0;0.0;0.0;0.0;0.0;0.0;0.0;0.0;0.0;0.0;0.0;0.0;0.0;0.0;0.0;0.0;0.0;0.0;0.0;0.0;0.0;0.0;0.0;0.0;0.0;0.0;0.0;0.0;0.0;0.0;0.0;0.0;0.0;0.0;0.0;0.0;0.0;0.0;0.0;0.0;0.0;0.0;0.0;0.0;0.0;0.0;0.0;0.0;0.0
1;6;0.0;0.0;0.0;0.0;0.0;0.0;0.0;0.0;0.0;0.0;0.0;0.0;0.0;0.0;0.0;0.0;0.0;0.0;0.0;0.0;0.0;0.0;0.0;0.0;0.0;0.0;0.0;0.0;0.0;0.0;0.0;0.0;0.0;0.0;0.0;0.0;0.0;0.0;0.0;0.0;0.0;0.0;0.0;0.0;0.0;0.0;0.0;0.0;0.0;0.0;0.0;0.0;0.0;0.0;0.0;0.0;0.0;0.0;0.0;0.0;0.0;0.0;0.0;0.0;0.0;0.0;0.0;0.0;0.0;0.0;0.0;0.0;0.0;0.0;0.0;0.0;0.0;0.0;0.0;0.0;0.0;0.0;0.0;0.0;0.0;0.0;0.0;0.0;0.0;0.0;0.0;0.0;0.0;0.0;0.0;0.0;0.0
1;7;0.0;0.0;0.0;0.0;0.0;0.0;0.0;0.0;0.0;0.0;0.0;0.0;0.0;0.0;0.0;0.0;0.0;0.0;0.0;0.0;0.0;0.0;0.0;0.0;0.0;0.0;0.0;0.0;0.0;0.0;0.0;0.0;0.0;0.0;0.0;0.0;0.0;0.0;0.0;0.0;0.0;0.0;0.0;0.0;0.0;0.0;0.0;0.0;0.0;0.0;0.0;0.0;0.0;0.0;0.0;0.0;0.0;0.0;0.0;0.0;0.0;0.0;0.0;0.0;0.0;0.0;0.0;0.0;0.0;0.0;0.0;0.0;0.0;0.0;0.0;0.0;0.0;0.0;0.0;0.0;0.0;0.0;0.0;0.0;0.0;0.0;0.0;0.0;0.0;0.0;0.0;0.0;0.0;0.0;0.0;0.0;0.0
1;8;0.0;0.0;0.0;0.0;0.0;0.0;0.0;0.0;0.0;0.0;0.0;0.0;0.0;0.0;0.0;0.0;0.0;0.0;0.0;0.0;0.0;0.0;0.0;0.0;0.0;0.0;0.0;0.0;0.0;0.0;0.0;0.0;0.0;0.0;0.0;0.0;0.0;0.0;0.0;0.0;0.0;0.0;0.0;0.0;0.0;0.0;0.0;0.0;0.0;0.0;0.0;0.0;0.0;0.0;0.0;0.0;0.0;0.0;0.0;0.0;0.0;0.0;0.0;0.0;0.0;0.0;0.0;0.0;0.0;0.0;0.0;0.0;0.0;0.0;0.0;0.0;0.0;0.0;0.0;0.0;0.0;0.0;0.0;0.0;0.0;0.0;0.0;0.0;0.0;0.0;0.0;0.0;0.0;0.0;0.0;0.0;0.0
1;9;0.0;0.0;0.0;0.0;0.0;0.0;0.0;0.0;0.0;0.0;0.0;0.0;0.0;0.0;0.0;0.0;0.0;0.0;0.0;0.0;0.0;0.0;0.0;0.0;0.0;0.0;0.0;0.0;0.0;0.0;0.0;0.0;0.0;0.0;0.0;0.0;0.0;0.0;0.0;0.0;0.0;0.0;0.0;0.0;0.0;0.0;0.0;0.0;0.0;0.0;0.0;0.0;0.0;0.0;0.0;0.0;0.0;0.0;0.0;0.0;0.0;0.0;0.0;0.0;0.0;0.0;0.0;0.0;0.0;0.0;0.0;0.0;0.0;0.0;0.0;0.0;0.0;0.0;0.0;0.0;0.0;0.0;0.0;0.0;0.0;0.0;0.0;0.0;0.0;0.0;0.0;0.0;0.0;0.0;0.0;0.0;0.0
1;10;0.0;0.0;0.0;0.0;0.0;0.0;0.0;0.0;0.0;0.0;0.0;0.0;0.0;0.0;0.0;0.0;0.0;0.0;0.0;0.0;0.0;0.0;0.0;0.0;0.0;0.0;0.0;0.0;0.0;0.0;0.0;0.0;0.0;0.0;0.0;0.0;0.0;0.0;0.0;0.0;0.0;0.0;0.0;0.0;0.0;0.0;0.0;0.0;0.0;0.0;0.0;0.0;0.0;0.0;0.0;0.0;0.0;0.0;0.0;0.0;0.0;0.0;0.0;0.0;0.0;0.0;0.0;0.0;0.0;0.0;0.0;0.0;0.0;0.0;0.0;0.0;0.0;0.0;0.0;0.0;0.0;0.0;0.0;0.0;0.0;0.0;0.0;0.0;0.0;0.0;0.0;0.0;0.0;0.0;0.0;0.0;0.0
1;11;0.0;0.0;0.0;0.0;0.0;0.0;0.0;0.0;0.0;0.0;0.0;0.0;0.0;0.0;0.0;0.0;0.0;0.0;0.0;0.0;0.0;0.0;0.0;0.0;0.0;0.0;0.0;0.0;0.0;0.0;0.0;0.0;0.0;0.0;0.0;0.0;0.0;0.0;0.0;0.0;0.0;0.0;0.0;0.0;0.0;0.0;0.0;0.0;0.0;0.0;0.0;0.0;0.0;0.0;0.0;0.0;0.0;0.0;0.0;0.0;0.0;0.0;0.0;0.0;0.0;0.0;0.0;0.0;0.0;0.0;0.0;0.0;0.0;0.0;0.0;0.0;0.0;0.0;0.0;0.0;0.0;0.0;0.0;0.0;0.0;0.0;0.0;0.0;0.0;0.0;0.0;0.0;0.0;0.0;0.0;0.0;0.0
1;12;0.0;0.0;0.0;0.0;0.0;0.0;0.0;0.0;0.0;0.0;0.0;0.0;0.0;0.0;0.0;0.0;0.0;0.0;0.0;0.0;0.0;0.0;0.0;0.0;0.0;0.0;0.0;0.0;0.0;0.0;0.0;0.0;0.0;0.0;0.0;0.0;0.0;0.0;0.0;0.0;0.0;0.0;0.0;0.0;0.0;0.0;0.0;0.0;0.0;0.0;0.0;0.0;0.0;0.0;0.0;0.0;0.0;0.0;0.0;0.0;0.0;0.0;0.0;0.0;0.0;0.0;0.0;0.0;0.0;0.0;0.0;0.0;0.0;0.0;0.0;0.0;0.0;0.0;0.0;0.0;0.0;0.0;0.0;0.0;0.0;0.0;0.0;0.0;0.0;0.0;0.0;0.0;0.0;0.0;0.0;0.0;0.0
1;13;0.0;0.0;0.0;0.0;0.0;0.0;0.0;0.0;0.0;0.0;0.0;0.0;0.0;0.0;0.0;0.0;0.0;0.0;0.0;0.0;0.0;0.0;0.0;0.0;0.0;0.0;0.0;0.0;0.0;0.0;0.0;0.0;0.0;0.0;0.0;0.0;0.0;0.0;0.0;0.0;0.0;0.0;0.0;0.0;0.0;0.0;0.0;0.0;0.0;0.0;0.0;0.0;0.0;0.0;0.0;0.0;0.0;0.0;0.0;0.0;0.0;0.0;0.0;0.0;0.0;0.0;0.0;0.0;0.0;0.0;0.0;0.0;0.0;0.0;0.0;0.0;0.0;0.0;0.0;0.0;0.0;0.0;0.0;0.0;0.0;0.0;0.0;0.0;0.0;0.0;0.0;0.0;0.0;0.0;0.0;0.0;0.0
1;14;0.0;0.0;0.0;0.0;0.0;0.0;0.0;0.0;0.0;0.0;0.0;0.0;0.0;0.0;0.0;0.0;0.0;0.0;0.0;0.0;0.0;0.0;0.0;0.0;0.0;0.0;0.0;0.0;0.0;0.0;0.0;0.0;0.0;0.0;0.0;0.0;0.0;0.0;0.0;0.0;0.0;0.0;0.0;0.0;0.0;0.0;0.0;0.0;0.0;0.0;0.0;0.0;0.0;0.0;0.0;0.0;0.0;0.0;0.0;0.0;0.0;0.0;0.0;0.0;0.0;0.0;0.0;0.0;0.0;0.0;0.0;0.0;0.0;0.0;0.0;0.0;0.0;0.0;0.0;0.0;0.0;0.0;0.0;0.0;0.0;0.0;0.0;0.0;0.0;0.0;0.0;0.0;0.0;0.0;0.0;0.0;0.0
1;15;0.003347846939815824;0.003347846939815824;0.003347846939815824;0.003347846939815824;0.003347846939815824;0.003347846939815824;0.003347846939815824;0.003347846939815824;0.003347846939815824;0.003347846939815824;0.003347846939815824;0.003347846939815824;0.003347846939815824;0.001673923469907912;0.0;0.0;0.0;0.0;0.0;0.0;0.0;0.0;0.0;0.0;0.0;0.0;0.0;0.0;0.0;0.0;0.0;0.0;0.0;0.0;0.0;0.0;0.0;0.0;0.0;0.0;0.0;0.0;0.0;0.0;0.0;0.0;0.0;0.0;0.0;0.0;0.0;0.0;0.0;0.0;0.0;0.0;0.0;0.0;0.0;0.0;0.0;0.0;0.0;0.0;0.0;0.0;0.0;0.0;0.0;0.0;0.0;0.0;0.0;0.0;0.0;0.0;0.0;0.0;0.0;0.0;0.0;0.0;0.0;0.0;0.0;0.0;0.0;0.0;0.0;0.0;0.0;0.0;0.0;0.0;0.0;0.0;0.0
1;16;0.015187988626482962;0.015187988626482962;0.015187988626482962;0.015187988626482962;0.015187988626482962;0.015187988626482962;0.015187988626482962;0.015187988626482962;0.015187988626482962;0.015187988626482962;0.015187988626482962;0.015187988626482962;0.015187988626482962;0.011498975900020358;0.007809963173557755;0.004120950447095151;0.000431937720632547;0.0;0.0;0.0;0.0;0.0;0.0;0.0;0.0;0.0;0.0;0.0;0.0;0.0;0.0;0.0;0.0;0.0;0.0;0.0;0.0;0.0;0.0;0.0;0.0;0.0;0.0;0.0;0.0;0.0;0.0;0.0;0.0;0.0;0.0;0.0;0.0;0.0;0.0;0.0;0.0;0.0;0.0;0.0;0.0;0.0;0.0;0.0;0.0;0.0;0.0;0.0;0.0;0.0;0.0;0.0;0.0;0.0;0.0;0.0;0.0;0.0;0.0;0.0;0.0;0.0;0.0;0.0;0.0;0.0;0.0;0.0;0.0;0.0;0.0;0.0;0.0;0.0;0.0;0.0;0.0
1;17;0.026721795717731922;0.026721795717731922;0.026721795717731922;0.026721795717731922;0.026721795717731922;0.026721795717731922;0.026721795717731922;0.026721795717731922;0.026721795717731922;0.026721795717731922;0.026721795717731922;0.026721795717731922;0.026721795717731922;0.02303278299126932;0.019343770264806714;0.01565475753834411;0.011965744811881507;0.008276732085418459;0.004587719358956299;0.0022938596794781496;0.0;0.0;0.0;0.0;0.0;0.0;0.0;0.0;0.0;0.0;0.0;0.0;0.0;0.0;0.0;0.0;0.0;0.0;0.0;0.0;0.0;0.0;0.0;0.0;0.0;0.0;0.0;0.0;0.0;0.0;0.0;0.0;0.0;0.0;0.0;0.0;0.0;0.0;0.0;0.0;0.0;0.0;0.0;0.0;0.0;0.0;0.0;0.0;0.0;0.0;0.0;0.0;0.0;0.0;0.0;0.0;0.0;0.0;0.0;0.0;0.0;0.0;0.0;0.0;0.0;0.0;0.0;0.0;0.0;0.0;0.0;0.0;0.0;0.0;0.0;0.0;0.0
1;18;0.03736479653782432;0.03736479653782432;0.03736479653782432;0.03736479653782432;0.03736479653782432;0.03736479653782432;0.03736479653782432;0.03736479653782432;0.03736479653782432;0.03736479653782432;0.03736479653782432;0.03736479653782432;0.03736479653782432;0.033675783811361715;0.02998677108489911;0.026297758358436507;0.022608745631973903;0.018919732905510855;0.015230720179048696;0.011541707452585648;0.0078526947261226;0.0078526947261226;0.0078526947261226;0.0078526947261226;0.0078526947261226;0.0078526947261226;0.0078526947261226;0.0078526947261226;0.0078526947261226;0.0078526947261226;0.0078526947261226;0.0078526947261226;0.0078526947261226;0.0078526947261226;0.0078526947261226;0.0078526947261226;0.0078526947261226;0.0078526947261226;0.0078526947261226;0.0078526947261226;0.0078526947261226;0.0078526947261226;0.0078526947261226;0.0078526947261226;0.0078526947261226;0.0078526947261226;0.0078526947261226;0.0078526947261226;0.0078526947261226;0.0078526947261226;0.0078526947261226;0.0078526947261226;0.0078526947261226;0.0078526947261226;0.0078526947261226;0.0078526947261226;0.0078526947261226;0.0078526947261226;0.0078526947261226;0.0078526947261226;0.0078526947261226;0.0078526947261226;0.0078526947261226;0.0078526947261226;0.0078526947261226;0.0078526947261226;0.0078526947261226;0.0078526947261226;0.0078526947261226;0.0078526947261226;0.0078526947261226;0.0078526947261226;0.0078526947261226;0.0078526947261226;0.0078526947261226;0.0078526947261226;0.0078526947261226;0.0078526947261226;0.0078526947261226;0.0078526947261226;0.0078526947261226;0.0078526947261226;0.0078526947261226;0.0078526947261226;0.0078526947261226;0.0078526947261226;0.0078526947261226;0.0078526947261226;0.0078526947261226;0.0078526947261226;0.0078526947261226;0.0078526947261226;0.0078526947261226;0.0078526947261226;0.0078526947261226;0.0078526947261226;0.0078526947261226
1;19;0.04669978546627629;0.04669978546627629;0.04669978546627629;0.04669978546627629;0.04669978546627629;0.04669978546627629;0.04669978546627629;0.04669978546627629;0.04669978546627629;0.04669978546627629;0.04669978546627629;0.04669978546627629;0.04669978546627629;0.043010772739813685;0.03932176001335108;0.03563274728688848;0.031943734560425874;0.028254721833962826;0.024565709107500666;0.02087669638103762;0.01718768365457457;0.01718768365457457;0.01718768365457457;0.01718768365457457;0.01718768365457457;0.01718768365457457;0.01718768365457457;0.01718768365457457;0.01718768365457457;0.01718768365457457;0.01718768365457457;0.01718768365457457;0.01718768365457457;0.01718768365457457;0.01718768365457457;0.01718768365457457;0.01718768365457457;0.01718768365457457;0.01718768365457457;0.01718768365457457;0.01718768365457457;0.01718768365457457;0.01718768365457457;0.01718768365457457;0.01718768365457457;0.01718768365457457;0.01718768365457457;0.01718768365457457;0.01718768365457457;0.01718768365457457;0.01718768365457457;0.01718768365457457;0.01718768365457457;0.01718768365457457;0.01718768365457457;0.01718768365457457;0.01718768365457457;0.01718768365457457;0.01718768365457457;0.01718768365457457;0.01718768365457457;0.01718768365457457;0.01718768365457457;0.01718768365457457;0.01718768365457457;0.01718768365457457;0.01718768365457457;0.01718768365457457;0.01718768365457457;0.01718768365457457;0.01718768365457457;0.01718768365457457;0.01718768365457457;0.01718768365457457;0.01718768365457457;0.01718768365457457;0.01718768365457457;0.01718768365457457;0.01718768365457457;0.01718768365457457;0.01718768365457457;0.01718768365457457;0.01718768365457457;0.01718768365457457;0.01718768365457457;0.01718768365457457;0.01718768365457457;0.01718768365457457;0.01718768365457457;0.01718768365457457;0.01718768365457457;0.01718768365457457;0.01718768365457457;0.01718768365457457;0.01718768365457457;0.01718768365457457;0.01718768365457457
1;20;0.05430955688260575;0.05430955688260575;0.05430955688260575;0.05430955688260575;0.05430955688260575;0.05430955688260575;0.05430955688260575;0.05430955688260575;0.05430955688260575;0.05430955688260575;0.05430955688260575;0.05430955688260575;0.05430955688260575;0.050620544156143144;0.04693153142968054;0.043242518703217936;0.03955350597675533;0.035864493250292284;0.032175480523830124;0.028486467797367077;0.02479745507090403;0.02479745507090403;0.02479745507090403;0.02479745507090403;0.02479745507090403;0.02479745507090403;0.02479745507090403;0.02479745507090403;0.02479745507090403;0.02479745507090403;0.02479745507090403;0.02479745507090403;0.02479745507090403;0.02479745507090403;0.02479745507090403;0.02479745507090403;0.02479745507090403;0.02479745507090403;0.02479745507090403;0.02479745507090403;0.02479745507090403;0.02479745507090403;0.02479745507090403;0.02479745507090403;0.02479745507090403;0.02479745507090403;0.02479745507090403;0.02479745507090403;0.02479745507090403;0.02479745507090403;0.02479745507090403;0.02479745507090403;0.02479745507090403;0.02479745507090403;0.02479745507090403;0.02479745507090403;0.02479745507090403;0.02479745507090403;0.02479745507090403;0.02479745507090403;0.02479745507090403;0.02479745507090403;0.02479745507090403;0.02479745507090403;0.02479745507090403;0.02479745507090403;0.02479745507090403;0.02479745507090403;0.02479745507090403;0.02479745507090403;0.02479745507090403;0.02479745507090403;0.02479745507090403;0.02479745507090403;0.02479745507090403;0.02479745507090403;0.02479745507090403;0.02479745507090403;0.02479745507090403;0.02479745507090403;0.02479745507090403;0.02479745507090403;0.02479745507090403;0.02479745507090403;0.02479745507090403;0.02479745507090403;0.02479745507090403;0.02479745507090403;0.02479745507090403;0.02479745507090403;0.02479745507090403;0.02479745507090403;0.02479745507090403;0.02479745507090403;0.02479745507090403;0.02479745507090403;0.02479745507090403
1;21;0.059882840325410136;0.059882840325410136;0.059882840325410136;0.059882840325410136;0.059882840325410136;0.059882840325410136;0.059882840325410136;0.059882840325410136;0.059882840325410136;0.059882840325410136;0.059882840325410136;0.059882840325410136;0.059882840325410136;0.05619382759894709;0.05250481487248404;0.04881580214602188;0.04512678941955972;0.04143777669309667;0.037748763966633625;0.03405975124017058;0.03037073851370753;0.03037073851370753;0.03037073851370753;0.03037073851370753;0.03037073851370753;0.03037073851370753;0.03037073851370753;0.03037073851370753;0.03037073851370753;0.03037073851370753;0.03037073851370753;0.03037073851370753;0.03037073851370753;0.03037073851370753;0.03037073851370753;0.03037073851370753;0.03037073851370753;0.03037073851370753;0.03037073851370753;0.03037073851370753;0.03037073851370753;0.03037073851370753;0.03037073851370753;0.03037073851370753;0.03037073851370753;0.03037073851370753;0.03037073851370753;0.03037073851370753;0.03037073851370753;0.03037073851370753;0.03037073851370753;0.03037073851370753;0.03037073851370753;0.03037073851370753;0.03037073851370753;0.03037073851370753;0.03037073851370753;0.03037073851370753;0.03037073851370753;0.03037073851370753;0.03037073851370753;0.03037073851370753;0.03037073851370753;0.03037073851370753;0.03037073851370753;0.03037073851370753;0.03037073851370753;0.03037073851370753;0.03037073851370753;0.03037073851370753;0.03037073851370753;0.03037073851370753;0.03037073851370753;0.03037073851370753;0.03037073851370753;0.03037073851370753;0.03037073851370753;0.03037073851370753;0.03037073851370753;0.03037073851370753;0.03037073851370753;0.03037073851370753;0.03037073851370753;0.03037073851370753;0.03037073851370753;0.03037073851370753;0.03037073851370753;0.03037073851370753;0.03037073851370753;0.03037073851370753;0.03037073851370753;0.03037073851370753;0.03037073851370753;0.03037073851370753;0.03037073851370753;0.03037073851370753;0.03037073851370753
1;22;0.0636140660572595;0.0636140660572595;0.0636140660572595;0.0636140660572595;0.0636140660572595;0.0636140660572595;0.0636140660572595;0.0636140660572595;0.0636140660572595;0.0636140660572595;0.0636140660572595;0.0636140660572595;0.0636140660572595;0.059925053330796896;0.05623604060433429;0.05254702787787169;0.048858015151409084;0.045169002424946036;0.04147998969848388;0.03779097697202083;0.03410196424555778;0.03410196424555778;0.03410196424555778;0.03410196424555778;0.03410196424555778;0.03410196424555778;0.03410196424555778;0.03410196424555778;0.03410196424555778;0.03410196424555778;0.03410196424555778;0.03410196424555778;0.03410196424555778;0.03410196424555778;0.03410196424555778;0.03410196424555778;0.03410196424555778;0.03410196424555778;0.03410196424555778;0.03410196424555778;0.03410196424555778;0.03410196424555778;0.03410196424555778;0.03410196424555778;0.03410196424555778;0.03410196424555778;0.03410196424555778;0.03410196424555778;0.03410196424555778;0.03410196424555778;0.03410196424555778;0.03410196424555778;0.03410196424555778;0.03410196424555778;0.03410196424555778;0.03410196424555778;0.03410196424555778;0.03410196424555778;0.03410196424555778;0.03410196424555778;0.03410196424555778;0.03410196424555778;0.03410196424555778;0.03410196424555778;0.03410196424555778;0.03410196424555778;0.03410196424555778;0.03410196424555778;0.03410196424555778;0.03410196424555778;0.03410196424555778;0.03410196424555778;0.03410196424555778;0.03410196424555778;0.03410196424555778;0.03410196424555778;0.03410196424555778;0.03410196424555778;0.03410196424555778;0.03410196424555778;0.03410196424555778;0.03410196424555778;0.03410196424555778;0.03410196424555778;0.03410196424555778;0.03410196424555778;0.03410196424555778;0.03410196424555778;0.03410196424555778;0.03410196424555778;0.03410196424555778;0.03410196424555778;0.03410196424555778;0.03410196424555778;0.03410196424555778;0.03410196424555778;0.03410196424555778
1;23;0.06584839434733958;0.06584839434733958;0.06584839434733958;0.06584839434733958;0.06584839434733958;0.06584839434733958;0.06584839434733958;0.06584839434733958;0.06584839434733958;0.06584839434733958;0.06584839434733958;0.06584839434733958;0.06584839434733958;0.062159381620876974;0.05847036889441437;0.05478135616795177;0.05109234344148916;0.047403330715026115;0.043714317988563955;0.04002530526210091;0.03633629253563786;0.03633629253563786;0.03633629253563786;0.03633629253563786;0.03633629253563786;0.03633629253563786;0.03633629253563786;0.03633629253563786;0.03633629253563786;0.03633629253563786;0.03633629253563786;0.03633629253563786;0.03633629253563786;0.03633629253563786;0.03633629253563786;0.03633629253563786;0.03633629253563786;0.03633629253563786;0.03633629253563786;0.03633629253563786;0.03633629253563786;0.03633629253563786;0.03633629253563786;0.03633629253563786;0.03633629253563786;0.03633629253563786;0.03633629253563786;0.03633629253563786;0.03633629253563786;0.03633629253563786;0.03633629253563786;0.03633629253563786;0.03633629253563786;0.03633629253563786;0.03633629253563786;0.03633629253563786;0.03633629253563786;0.03633629253563786;0.03633629253563786;0.03633629253563786;0.03633629253563786;0.03633629253563786;0.03633629253563786;0.03633629253563786;0.03633629253563786;0.03633629253563786;0.03633629253563786;0.03633629253563786;0.03633629253563786;0.03633629253563786;0.03633629253563786;0.03633629253563786;0.03633629253563786;0.03633629253563786;0.03633629253563786;0.03633629253563786;0.03633629253563786;0.03633629253563786;0.03633629253563786;0.03633629253563786;0.03633629253563786;0.03633629253563786;0.03633629253563786;0.03633629253563786;0.03633629253563786;0.03633629253563786;0.03633629253563786;0.03633629253563786;0.03633629253563786;0.03633629253563786;0.03633629253563786;0.03633629253563786;0.03633629253563786;0.03633629253563786;0.03633629253563786;0.03633629253563786;0.03633629253563786
1;24;0.0669310113279149;0.0669310113279149;0.0669310113279149;0.0669310113279149;0.0669310113279149;0.0669310113279149;0.0669310113279149;0.0669310113279149;0.0669310113279149;0.0669310113279149;0.0669310113279149;0.0669310113279149;0.0669310113279149;0.0632419986014523;0.059552985874989695;0.05586397314852709;0.05217496042206449;0.04848594769560144;0.04479693496913928;0.04110792224267623;0.037418909516213184;0.037418909516213184;0.037418909516213184;0.037418909516213184;0.037418909516213184;0.037418909516213184;0.037418909516213184;0.037418909516213184;0.037418909516213184;0.037418909516213184;0.037418909516213184;0.037418909516213184;0.037418909516213184;0.037418909516213184;0.037418909516213184;0.037418909516213184;0.037418909516213184;0.037418909516213184;0.037418909516213184;0.037418909516213184;0.037418909516213184;0.037418909516213184;0.037418909516213184;0.037418909516213184;0.037418909516213184;0.037418909516213184;0.037418909516213184;0.037418909516213184;0.037418909516213184;0.037418909516213184;0.037418909516213184;0.037418909516213184;0.037418909516213184;0.037418909516213184;0.037418909516213184;0.037418909516213184;0.037418909516213184;0.037418909516213184;0.037418909516213184;0.037418909516213184;0.037418909516213184;0.037418909516213184;0.037418909516213184;0.037418909516213184;0.037418909516213184;0.037418909516213184;0.037418909516213184;0.037418909516213184;0.037418909516213184;0.037418909516213184;0.037418909516213184;0.037418909516213184;0.037418909516213184;0.037418909516213184;0.037418909516213184;0.037418909516213184;0.037418909516213184;0.037418909516213184;0.037418909516213184;0.037418909516213184;0.037418909516213184;0.037418909516213184;0.037418909516213184;0.037418909516213184;0.037418909516213184;0.037418909516213184;0.037418909516213184;0.037418909516213184;0.037418909516213184;0.037418909516213184;0.037418909516213184;0.037418909516213184;0.037418909516213184;0.037418909516213184;0.037418909516213184;0.037418909516213184;0.037418909516213184
1;25;0.06719938660172531;0.06719938660172531;0.06719938660172531;0.06719938660172531;0.06719938660172531;0.06719938660172531;0.06719938660172531;0.06719938660172531;0.06719938660172531;0.06719938660172531;0.06719938660172531;0.06719938660172531;0.06719938660172531;0.0635103738752627;0.0598213611488001;0.0561323484223375;0.05244333569587489;0.048754322969411845;0.045065310242949685;0.04137629751648664;0.03768728479002359;0.03768728479002359;0.03768728479002359;0.03768728479002359;0.03768728479002359;0.03768728479002359;0.03768728479002359;0.03768728479002359;0.03768728479002359;0.03768728479002359;0.03768728479002359;0.03768728479002359;0.03768728479002359;0.03768728479002359;0.03768728479002359;0.03768728479002359;0.03768728479002359;0.03768728479002359;0.03768728479002359;0.03768728479002359;0.03768728479002359;0.03768728479002359;0.03768728479002359;0.03768728479002359;0.03768728479002359;0.03768728479002359;0.03768728479002359;0.03768728479002359;0.03768728479002359;0.03768728479002359;0.03768728479002359;0.03768728479002359;0.03768728479002359;0.03768728479002359;0.03768728479002359;0.03768728479002359;0.03768728479002359;0.03768728479002359;0.03768728479002359;0.03768728479002359;0.03768728479002359;0.03768728479002359;0.03768728479002359;0.03768728479002359;0.03768728479002359;0.03768728479002359;0.03768728479002359;0.03768728479002359;0.03768728479002359;0.03768728479002359;0.03768728479002359;0.03768728479002359;0.03768728479002359;0.03768728479002359;0.03768728479002359;0.03768728479002359;0.03768728479002359;0.03768728479002359;0.03768728479002359;0.03768728479002359;0.03768728479002359;0.03768728479002359;0.03768728479002359;0.03768728479002359;0.03768728479002359;0.03768728479002359;0.03768728479002359;0.03768728479002359;0.03768728479002359;0.03768728479002359;0.03768728479002359;0.03768728479002359;0.03768728479002359;0.03768728479002359;0.03768728479002359;0.03768728479002359;0.03768728479002359
1;26;0.0669469358186543;0.0669469358186543;0.0669469358186543;0.0669469358186543;0.0669469358186543;0.0669469358186543;0.0669469358186543;0.0669469358186543;0.0669469358186543;0.0669469358186543;0.0669469358186543;0.0669469358186543;0.0669469358186543;0.06325792309219125;0.0595689103657282;0.05587989763926604;0.05219088491280388;0.04850187218634083;0.044812859459877785;0.04112384673341474;0.03743483400695169;0.03743483400695169;0.03743483400695169;0.03743483400695169;0.03743483400695169;0.03743483400695169;0.03743483400695169;0.03743483400695169;0.03743483400695169;0.03743483400695169;0.03743483400695169;0.03743483400695169;0.03743483400695169;0.03743483400695169;0.03743483400695169;0.03743483400695169;0.03743483400695169;0.03743483400695169;0.03743483400695169;0.03743483400695169;0.03743483400695169;0.03743483400695169;0.03743483400695169;0.03743483400695169;0.03743483400695169;0.03743483400695169;0.03743483400695169;0.03743483400695169;0.03743483400695169;0.03743483400695169;0.03743483400695169;0.03743483400695169;0.03743483400695169;0.03743483400695169;0.03743483400695169;0.03743483400695169;0.03743483400695169;0.03743483400695169;0.03743483400695169;0.03743483400695169;0.03743483400695169;0.03743483400695169;0.03743483400695169;0.03743483400695169;0.03743483400695169;0.03743483400695169;0.03743483400695169;0.03743483400695169;0.03743483400695169;0.03743483400695169;0.03743483400695169;0.03743483400695169;0.03743483400695169;0.03743483400695169;0.03743483400695169;0.03743483400695169;0.03743483400695169;0.03743483400695169;0.03743483400695169;0.03743483400695169;0.03743483400695169;0.03743483400695169;0.03743483400695169;0.03743483400695169;0.03743483400695169;0.03743483400695169;0.03743483400695169;0.03743483400695169;0.03743483400695169;0.03743483400695169;0.03743483400695169;0.03743483400695169;0.03743483400695169;0.03743483400695169;0.03743483400695169;0.03743483400695169;0.03743483400695169
1;27;0.06645146551834635;0.06645146551834635;0.06645146551834635;0.06645146551834635;0.06645146551834635;0.06645146551834635;0.06645146551834635;0.06645146551834635;0.06645146551834635;0.06645146551834635;0.06645146551834635;0.06645146551834635;0.06645146551834635;0.06276245279188375;0.059073440065421146;0.05538442733895854;0.05169541461249594;0.04800640188603289;0.04431738915957073;0.04062837643310768;0.036939363706644635;0.036939363706644635;0.036939363706644635;0.036939363706644635;0.036939363706644635;0.036939363706644635;0.036939363706644635;0.036939363706644635;0.036939363706644635;0.036939363706644635;0.036939363706644635;0.036939363706644635;0.036939363706644635;0.036939363706644635;0.036939363706644635;0.036939363706644635;0.036939363706644635;0.036939363706644635;0.036939363706644635;0.036939363706644635;0.036939363706644635;0.036939363706644635;0.036939363706644635;0.036939363706644635;0.036939363706644635;0.036939363706644635;0.036939363706644635;0.036939363706644635;0.036939363706644635;0.036939363706644635;0.036939363706644635;0.036939363706644635;0.036939363706644635;0.036939363706644635;0.036939363706644635;0.036939363706644635;0.036939363706644635;0.036939363706644635;0.036939363706644635;0.036939363706644635;0.036939363706644635;0.036939363706644635;0.036939363706644635;0.036939363706644635;0.036939363706644635;0.036939363706644635;0.036939363706644635;0.036939363706644635;0.036939363706644635;0.036939363706644635;0.036939363706644635;0.036939363706644635;0.036939363706644635;0.036939363706644635;0.036939363706644635;0.036939363706644635;0.036939363706644635;0.036939363706644635;0.036939363706644635;0.036939363706644635;0.036939363706644635;0.036939363706644635;0.036939363706644635;0.036939363706644635;0.036939363706644635;0.036939363706644635;0.036939363706644635;0.036939363706644635;0.036939363706644635;0.036939363706644635;0.036939363706644635;0.036939363706644635;0.036939363706644635;0.036939363706644635;0.036939363706644635;0.036939363706644635;0.036939363706644635
1;28;0.06599076394941328;0.06599076394941328;0.06599076394941328;0.06599076394941328;0.06599076394941328;0.06599076394941328;0.06599076394941328;0.06599076394941328;0.06599076394941328;0.06599076394941328;0.06599076394941328;0.06599076394941328;0.06599076394941328;0.062301751222950674;0.05861273849648807;0.05492372577002547;0.05123471304356286;0.047545700317099815;0.043856687590637655;0.04016767486417461;0.03647866213771156;0.03647866213771156;0.03647866213771156;0.03647866213771156;0.03647866213771156;0.03647866213771156;0.03647866213771156;0.03647866213771156;0.03647866213771156;0.03647866213771156;0.03647866213771156;0.03647866213771156;0.03647866213771156;0.03647866213771156;0.03647866213771156;0.03647866213771156;0.03647866213771156;0.03647866213771156;0.03647866213771156;0.03647866213771156;0.03647866213771156;0.03647866213771156;0.03647866213771156;0.03647866213771156;0.03647866213771156;0.03647866213771156;0.03647866213771156;0.03647866213771156;0.03647866213771156;0.03647866213771156;0.03647866213771156;0.03647866213771156;0.03647866213771156;0.03647866213771156;0.03647866213771156;0.03647866213771156;0.03647866213771156;0.03647866213771156;0.03647866213771156;0.03647866213771156;0.03647866213771156;0.03647866213771156;0.03647866213771156;0.03647866213771156;0.03647866213771156;0.03647866213771156;0.03647866213771156;0.03647866213771156;0.03647866213771156;0.03647866213771156;0.03647866213771156;0.03647866213771156;0.03647866213771156;0.03647866213771156;0.03647866213771156;0.03647866213771156;0.03647866213771156;0.03647866213771156;0.03647866213771156;0.03647866213771156;0.03647866213771156;0.03647866213771156;0.03647866213771156;0.03647866213771156;0.03647866213771156;0.03647866213771156;0.03647866213771156;0.03647866213771156;0.03647866213771156;0.03647866213771156;0.03647866213771156;0.03647866213771156;0.03647866213771156;0.03647866213771156;0.03647866213771156;0.03647866213771156;0.03647866213771156
1;29;0.06580487071928243;0.06580487071928243;0.06580487071928243;0.06580487071928243;0.06580487071928243;0.06580487071928243;0.06580487071928243;0.06580487071928243;0.06580487071928243;0.06580487071928243;0.06580487071928243;0.06580487071928243;0.06580487071928243;0.06211585799281982;0.05842684526635722;0.054737832539894615;0.05104881981343201;0.047359807086968964;0.043670794360506804;0.039981781634043756;0.03629276890758071;0.03629276890758071;0.03629276890758071;0.03629276890758071;0.03629276890758071;0.03629276890758071;0.03629276890758071;0.03629276890758071;0.03629276890758071;0.03629276890758071;0.03629276890758071;0.03629276890758071;0.03629276890758071;0.03629276890758071;0.03629276890758071;0.03629276890758071;0.03629276890758071;0.03629276890758071;0.03629276890758071;0.03629276890758071;0.03629276890758071;0.03629276890758071;0.03629276890758071;0.03629276890758071;0.03629276890758071;0.03629276890758071;0.03629276890758071;0.03629276890758071;0.03629276890758071;0.03629276890758071;0.03629276890758071;0.03629276890758071;0.03629276890758071;0.03629276890758071;0.03629276890758071;0.03629276890758071;0.03629276890758071;0.03629276890758071;0.03629276890758071;0.03629276890758071;0.03629276890758071;0.03629276890758071;0.03629276890758071;0.03629276890758071;0.03629276890758071;0.03629276890758071;0.03629276890758071;0.03629276890758071;0.03629276890758071;0.03629276890758071;0.03629276890758071;0.03629276890758071;0.03629276890758071;0.03629276890758071;0.03629276890758071;0.03629276890758071;0.03629276890758071;0.03629276890758071;0.03629276890758071;0.03629276890758071;0.03629276890758071;0.03629276890758071;0.03629276890758071;0.03629276890758071;0.03629276890758071;0.03629276890758071;0.03629276890758071;0.03629276890758071;0.03629276890758071;0.03629276890758071;0.03629276890758071;0.03629276890758071;0.03629276890758071;0.03629276890758071;0.03629276890758071;0.03629276890758071;0.03629276890758071
1;30;0.06587499136692632;0.06587499136692632;0.06587499136692632;0.06587499136692632;0.06587499136692632;0.06587499136692632;0.06587499136692632;0.06587499136692632;0.06587499136692632;0.06587499136692632;0.06587499136692632;0.06587499136692632;0.06587499136692632;0.06218597864046371;0.05849696591400111;0.054807953187538505;0.0511189404610759;0.04742992773461285;0.043740915008150694;0.040051902281687646;0.0363628895552246;0.0363628895552246;0.0363628895552246;0.0363628895552246;0.0363628895552246;0.0363628895552246;0.0363628895552246;0.0363628895552246;0.0363628895552246;0.0363628895552246;0.0363628895552246;0.0363628895552246;0.0363628895552246;0.0363628895552246;0.0363628895552246;0.0363628895552246;0.0363628895552246;0.0363628895552246;0.0363628895552246;0.0363628895552246;0.0363628895552246;0.0363628895552246;0.0363628895552246;0.0363628895552246;0.0363628895552246;0.0363628895552246;0.0363628895552246;0.0363628895552246;0.0363628895552246;0.0363628895552246;0.0363628895552246;0.0363628895552246;0.0363628895552246;0.0363628895552246;0.0363628895552246;0.0363628895552246;0.0363628895552246;0.0363628895552246;0.0363628895552246;0.0363628895552246;0.0363628895552246;0.0363628895552246;0.0363628895552246;0.0363628895552246;0.0363628895552246;0.0363628895552246;0.0363628895552246;0.0363628895552246;0.0363628895552246;0.0363628895552246;0.0363628895552246;0.0363628895552246;0.0363628895552246;0.0363628895552246;0.0363628895552246;0.0363628895552246;0.0363628895552246;0.0363628895552246;0.0363628895552246;0.0363628895552246;0.0363628895552246;0.0363628895552246;0.0363628895552246;0.0363628895552246;0.0363628895552246;0.0363628895552246;0.0363628895552246;0.0363628895552246;0.0363628895552246;0.0363628895552246;0.0363628895552246;0.0363628895552246;0.0363628895552246;0.0363628895552246;0.0363628895552246;0.0363628895552246;0.0363628895552246
1;31;0.06607376281753474;0.06607376281753474;0.06607376281753474;0.06607376281753474;0.06607376281753474;0.06607376281753474;0.06607376281753474;0.06607376281753474;0.06607376281753474;0.06607376281753474;0.06607376281753474;0.06607376281753474;0.06607376281753474;0.06238475009107214;0.058695737364609535;0.05500672463814693;0.05131771191168433;0.04762869918522128;0.04393968645875912;0.04025067373229607;0.036561661005833024;0.036561661005833024;0.036561661005833024;0.036561661005833024;0.036561661005833024;0.036561661005833024;0.036561661005833024;0.036561661005833024;0.036561661005833024;0.036561661005833024;0.036561661005833024;0.036561661005833024;0.036561661005833024;0.036561661005833024;0.036561661005833024;0.036561661005833024;0.036561661005833024;0.036561661005833024;0.036561661005833024;0.036561661005833024;0.036561661005833024;0.036561661005833024;0.036561661005833024;0.036561661005833024;0.036561661005833024;0.036561661005833024;0.036561661005833024;0.036561661005833024;0.036561661005833024;0.036561661005833024;0.036561661005833024;0.036561661005833024;0.036561661005833024;0.036561661005833024;0.036561661005833024;0.036561661005833024;0.036561661005833024;0.036561661005833024;0.036561661005833024;0.036561661005833024;0.036561661005833024;0.036561661005833024;0.036561661005833024;0.036561661005833024;0.036561661005833024;0.036561661005833024;0.036561661005833024;0.036561661005833024;0.036561661005833024;0.036561661005833024;0.036561661005833024;0.036561661005833024;0.036561661005833024;0.036561661005833024;0.036561661005833024;0.036561661005833024;0.036561661005833024;0.036561661005833024;0.036561661005833024;0.036561661005833024;0.036561661005833024;0.036561661005833024;0.036561661005833024;0.036561661005833024;0.036561661005833024;0.036561661005833024;0.036561661005833024;0.036561661005833024;0.036561661005833024;0.036561661005833024;0.036561661005833024;0.036561661005833024;0.036561661005833024;0.036561661005833024;0.036561661005833024;0.036561661005833024;0.036561661005833024
1;32;0.06627345056287748;0.06627345056287748;0.06627345056287748;0.06627345056287748;0.06627345056287748;0.06627345056287748;0.06627345056287748;0.06627345056287748;0.06627345056287748;0.06627345056287748;0.06627345056287748;0.06627345056287748;0.06627345056287748;0.06258443783641487;0.05889542510995227;0.05520641238348967;0.05151739965702706;0.047828386930564015;0.044139374204101856;0.04045036147763881;0.03676134875117576;0.03676134875117576;0.03676134875117576;0.03676134875117576;0.03676134875117576;0.03676134875117576;0.03676134875117576;0.03676134875117576;0.03676134875117576;0.03676134875117576;0.03676134875117576;0.03676134875117576;0.03676134875117576;0.03676134875117576;0.03676134875117576;0.03676134875117576;0.03676134875117576;0.03676134875117576;0.03676134875117576;0.03676134875117576;0.03676134875117576;0.03676134875117576;0.03676134875117576;0.03676134875117576;0.03676134875117576;0.03676134875117576;0.03676134875117576;0.03676134875117576;0.03676134875117576;0.03676134875117576;0.03676134875117576;0.03676134875117576;0.03676134875117576;0.03676134875117576;0.03676134875117576;0.03676134875117576;0.03676134875117576;0.03676134875117576;0.03676134875117576;0.03676134875117576;0.03676134875117576;0.03676134875117576;0.03676134875117576;0.03676134875117576;0.03676134875117576;0.03676134875117576;0.03676134875117576;0.03676134875117576;0.03676134875117576;0.03676134875117576;0.03676134875117576;0.03676134875117576;0.03676134875117576;0.03676134875117576;0.03676134875117576;0.03676134875117576;0.03676134875117576;0.03676134875117576;0.03676134875117576;0.03676134875117576;0.03676134875117576;0.03676134875117576;0.03676134875117576;0.03676134875117576;0.03676134875117576;0.03676134875117576;0.03676134875117576;0.03676134875117576;0.03676134875117576;0.03676134875117576;0.03676134875117576;0.03676134875117576;0.03676134875117576;0.03676134875117576;0.03676134875117576;0.03676134875117576;0.03676134875117576
1;33;0.06635969307880796;0.06635969307880796;0.06635969307880796;0.06635969307880796;0.06635969307880796;0.06635969307880796;0.06635969307880796;0.06635969307880796;0.06635969307880796;0.06635969307880796;0.06635969307880796;0.06635969307880796;0.06635969307880796;0.06267068035234535;0.05898166762588275;0.055292654899420146;0.05160364217295754;0.047914629446494494;0.044225616720032335;0.04053660399356929;0.03684759126710624;0.03684759126710624;0.03684759126710624;0.03684759126710624;0.03684759126710624;0.03684759126710624;0.03684759126710624;0.03684759126710624;0.03684759126710624;0.03684759126710624;0.03684759126710624;0.03684759126710624;0.03684759126710624;0.03684759126710624;0.03684759126710624;0.03684759126710624;0.03684759126710624;0.03684759126710624;0.03684759126710624;0.03684759126710624;0.03684759126710624;0.03684759126710624;0.03684759126710624;0.03684759126710624;0.03684759126710624;0.03684759126710624;0.03684759126710624;0.03684759126710624;0.03684759126710624;0.03684759126710624;0.03684759126710624;0.03684759126710624;0.03684759126710624;0.03684759126710624;0.03684759126710624;0.03684759126710624;0.03684759126710624;0.03684759126710624;0.03684759126710624;0.03684759126710624;0.03684759126710624;0.03684759126710624;0.03684759126710624;0.03684759126710624;0.03684759126710624;0.03684759126710624;0.03684759126710624;0.03684759126710624;0.03684759126710624;0.03684759126710624;0.03684759126710624;0.03684759126710624;0.03684759126710624;0.03684759126710624;0.03684759126710624;0.03684759126710624;0.03684759126710624;0.03684759126710624;0.03684759126710624;0.03684759126710624;0.03684759126710624;0.03684759126710624;0.03684759126710624;0.03684759126710624;0.03684759126710624;0.03684759126710624;0.03684759126710624;0.03684759126710624;0.03684759126710624;0.03684759126710624;0.03684759126710624;0.03684759126710624;0.03684759126710624;0.03684759126710624;0.03684759126710624;0.03684759126710624;0.03684759126710624
1;34;0.06632898400102594;0.06632898400102594;0.06632898400102594;0.06632898400102594;0.06632898400102594;0.06632898400102594;0.06632898400102594;0.06632898400102594;0.06632898400102594;0.06632898400102594;0.06632898400102594;0.06632898400102594;0.06632898400102594;0.06263997127456333;0.05895095854810073;0.055261945821638125;0.05157293309517552;0.047883920368712474;0.044194907642250314;0.040505894915787266;0.03681688218932422;0.03681688218932422;0.03681688218932422;0.03681688218932422;0.03681688218932422;0.03681688218932422;0.03681688218932422;0.03681688218932422;0.03681688218932422;0.03681688218932422;0.03681688218932422;0.03681688218932422;0.03681688218932422;0.03681688218932422;0.03681688218932422;0.03681688218932422;0.03681688218932422;0.03681688218932422;0.03681688218932422;0.03681688218932422;0.03681688218932422;0.03681688218932422;0.03681688218932422;0.03681688218932422;0.03681688218932422;0.03681688218932422;0.03681688218932422;0.03681688218932422;0.03681688218932422;0.03681688218932422;0.03681688218932422;0.03681688218932422;0.03681688218932422;0.03681688218932422;0.03681688218932422;0.03681688218932422;0.03681688218932422;0.03681688218932422;0.03681688218932422;0.03681688218932422;0.03681688218932422;0.03681688218932422;0.03681688218932422;0.03681688218932422;0.03681688218932422;0.03681688218932422;0.03681688218932422;0.03681688218932422;0.03681688218932422;0.03681688218932422;0.03681688218932422;0.03681688218932422;0.03681688218932422;0.03681688218932422;0.03681688218932422;0.03681688218932422;0.03681688218932422;0.03681688218932422;0.03681688218932422;0.03681688218932422;0.03681688218932422;0.03681688218932422;0.03681688218932422;0.03681688218932422;0.03681688218932422;0.03681688218932422;0.03681688218932422;0.03681688218932422;0.03681688218932422;0.03681688218932422;0.03681688218932422;0.03681688218932422;0.03681688218932422;0.03681688218932422;0.03681688218932422;0.03681688218932422;0.03681688218932422
1;35;0.06623262976527133;0.06623262976527133;0.06623262976527133;0.06623262976527133;0.06623262976527133;0.06623262976527133;0.06623262976527133;0.06623262976527133;0.06623262976527133;0.06623262976527133;0.06623262976527133;0.06623262976527133;0.06623262976527133;0.06254361703880873;0.058854604312346126;0.05516559158588352;0.05147657885942092;0.04778756613295787;0.04409855340649571;0.04040954068003266;0.036720527953569615;0.036720527953569615;0.036720527953569615;0.036720527953569615;0.036720527953569615;0.036720527953569615;0.036720527953569615;0.036720527953569615;0.036720527953569615;0.036720527953569615;0.036720527953569615;0.036720527953569615;0.036720527953569615;0.036720527953569615;0.036720527953569615;0.036720527953569615;0.036720527953569615;0.036720527953569615;0.036720527953569615;0.036720527953569615;0.036720527953569615;0.036720527953569615;0.036720527953569615;0.036720527953569615;0.036720527953569615;0.036720527953569615;0.036720527953569615;0.036720527953569615;0.036720527953569615;0.036720527953569615;0.036720527953569615;0.036720527953569615;0.036720527953569615;0.036720527953569615;0.036720527953569615;0.036720527953569615;0.036720527953569615;0.036720527953569615;0.036720527953569615;0.036720527953569615;0.036720527953569615;0.036720527953569615;0.036720527953569615;0.036720527953569615;0.036720527953569615;0.036720527953569615;0.036720527953569615;0.036720527953569615;0.036720527953569615;0.036720527953569615;0.036720527953569615;0.036720527953569615;0.036720527953569615;0.036720527953569615;0.036720527953569615;0.036720527953569615;0.036720527953569615;0.036720527953569615;0.036720527953569615;0.036720527953569615;0.036720527953569615;0.036720527953569615;0.036720527953569615;0.036720527953569615;0.036720527953569615;0.036720527953569615;0.036720527953569615;0.036720527953569615;0.036720527953569615;0.036720527953569615;0.036720527953569615;0.036720527953569615;0.036720527953569615;0.036720527953569615;0.036720527953569615;0.036720527953569615;0.036720527953569615
1;36;0.06612232637077131;0.06612232637077131;0.06612232637077131;0.06612232637077131;0.06612232637077131;0.06612232637077131;0.06612232637077131;0.06612232637077131;0.06612232637077131;0.06612232637077131;0.06612232637077131;0.06612232637077131;0.06612232637077131;0.06243331364430871;0.058744300917846104;0.0550552881913835;0.051366275464920896;0.04767726273845785;0.04398825001199569;0.04029923728553264;0.03661022455906959;0.03661022455906959;0.03661022455906959;0.03661022455906959;0.03661022455906959;0.03661022455906959;0.03661022455906959;0.03661022455906959;0.03661022455906959;0.03661022455906959;0.03661022455906959;0.03661022455906959;0.03661022455906959;0.03661022455906959;0.03661022455906959;0.03661022455906959;0.03661022455906959;0.03661022455906959;0.03661022455906959;0.03661022455906959;0.03661022455906959;0.03661022455906959;0.03661022455906959;0.03661022455906959;0.03661022455906959;0.03661022455906959;0.03661022455906959;0.03661022455906959;0.03661022455906959;0.03661022455906959;0.03661022455906959;0.03661022455906959;0.03661022455906959;0.03661022455906959;0.03661022455906959;0.03661022455906959;0.03661022455906959;0.03661022455906959;0.03661022455906959;0.03661022455906959;0.03661022455906959;0.03661022455906959;0.03661022455906959;0.03661022455906959;0.03661022455906959;0.03661022455906959;0.03661022455906959;0.03661022455906959;0.03661022455906959;0.03661022455906959;0.03661022455906959;0.03661022455906959;0.03661022455906959;0.03661022455906959;0.03661022455906959;0.03661022455906959;0.03661022455906959;0.03661022455906959;0.03661022455906959;0.03661022455906959;0.03661022455906959;0.03661022455906959;0.03661022455906959;0.03661022455906959;0.03661022455906959;0.03661022455906959;0.03661022455906959;0.03661022455906959;0.03661022455906959;0.03661022455906959;0.03661022455906959;0.03661022455906959;0.03661022455906959;0.03661022455906959;0.03661022455906959;0.03661022455906959;0.03661022455906959
1;37;0.06604642742057987;0.06604642742057987;0.06604642742057987;0.06604642742057987;0.06604642742057987;0.06604642742057987;0.06604642742057987;0.06604642742057987;0.06604642742057987;0.06604642742057987;0.06604642742057987;0.06604642742057987;0.06604642742057987;0.062357414694117264;0.05866840196765466;0.054979389241192056;0.05129037651472945;0.047601363788266404;0.043912351061804245;0.0402233383353412;0.03653432560887815;0.03653432560887815;0.03653432560887815;0.03653432560887815;0.03653432560887815;0.03653432560887815;0.03653432560887815;0.03653432560887815;0.03653432560887815;0.03653432560887815;0.03653432560887815;0.03653432560887815;0.03653432560887815;0.03653432560887815;0.03653432560887815;0.03653432560887815;0.03653432560887815;0.03653432560887815;0.03653432560887815;0.03653432560887815;0.03653432560887815;0.03653432560887815;0.03653432560887815;0.03653432560887815;0.03653432560887815;0.03653432560887815;0.03653432560887815;0.03653432560887815;0.03653432560887815;0.03653432560887815;0.03653432560887815;0.03653432560887815;0.03653432560887815;0.03653432560887815;0.03653432560887815;0.03653432560887815;0.03653432560887815;0.03653432560887815;0.03653432560887815;0.03653432560887815;0.03653432560887815;0.03653432560887815;0.03653432560887815;0.03653432560887815;0.03653432560887815;0.03653432560887815;0.03653432560887815;0.03653432560887815;0.03653432560887815;0.03653432560887815;0.03653432560887815;0.03653432560887815;0.03653432560887815;0.03653432560887815;0.03653432560887815;0.03653432560887815;0.03653432560887815;0.03653432560887815;0.03653432560887815;0.03653432560887815;0.03653432560887815;0.03653432560887815;0.03653432560887815;0.03653432560887815;0.03653432560887815;0.03653432560887815;0.03653432560887815;0.03653432560887815;0.03653432560887815;0.03653432560887815;0.03653432560887815;0.03653432560887815;0.03653432560887815;0.03653432560887815;0.03653432560887815;0.03653432560887815;0.03653432560887815
1;38;0.0660194815073778;0.0660194815073778;0.0660194815073778;0.0660194815073778;0.0660194815073778;0.0660194815073778;0.0660194815073778;0.0660194815073778;0.0660194815073778;0.0660194815073778;0.0660194815073778;0.0660194815073778;0.0660194815073778;0.062330468780915194;0.05864145605445259;0.054952443327989986;0.05126343060152738;0.047574417875064334;0.043885405148602175;0.04019639242213913;0.03650737969567608;0.03650737969567608;0.03650737969567608;0.03650737969567608;0.03650737969567608;0.03650737969567608;0.03650737969567608;0.03650737969567608;0.03650737969567608;0.03650737969567608;0.03650737969567608;0.03650737969567608;0.03650737969567608;0.03650737969567608;0.03650737969567608;0.03650737969567608;0.03650737969567608;0.03650737969567608;0.03650737969567608;0.03650737969567608;0.03650737969567608;0.03650737969567608;0.03650737969567608;0.03650737969567608;0.03650737969567608;0.03650737969567608;0.03650737969567608;0.03650737969567608;0.03650737969567608;0.03650737969567608;0.03650737969567608;0.03650737969567608;0.03650737969567608;0.03650737969567608;0.03650737969567608;0.03650737969567608;0.03650737969567608;0.03650737969567608;0.03650737969567608;0.03650737969567608;0.03650737969567608;0.03650737969567608;0.03650737969567608;0.03650737969567608;0.03650737969567608;0.03650737969567608;0.03650737969567608;0.03650737969567608;0.03650737969567608;0.03650737969567608;0.03650737969567608;0.03650737969567608;0.03650737969567608;0.03650737969567608;0.03650737969567608;0.03650737969567608;0.03650737969567608;0.03650737969567608;0.03650737969567608;0.03650737969567608;0.03650737969567608;0.03650737969567608;0.03650737969567608;0.03650737969567608;0.03650737969567608;0.03650737969567608;0.03650737969567608;0.03650737969567608;0.03650737969567608;0.03650737969567608;0.03650737969567608;0.03650737969567608;0.03650737969567608;0.03650737969567608;0.03650737969567608;0.03650737969567608;0.03650737969567608
1;39;0.0660364083833489;0.0660364083833489;0.0660364083833489;0.0660364083833489;0.0660364083833489;0.0660364083833489;0.0660364083833489;0.0660364083833489;0.0660364083833489;0.0660364083833489;0.0660364083833489;0.0660364083833489;0.0660364083833489;0.062347395656886295;0.05865838293042369;0.05496937020396109;0.051280357477498484;0.047591344751035436;0.043902332024573276;0.04021331929811023;0.03652430657164718;0.03652430657164718;0.03652430657164718;0.03652430657164718;0.03652430657164718;0.03652430657164718;0.03652430657164718;0.03652430657164718;0.03652430657164718;0.03652430657164718;0.03652430657164718;0.03652430657164718;0.03652430657164718;0.03652430657164718;0.03652430657164718;0.03652430657164718;0.03652430657164718;0.03652430657164718;0.03652430657164718;0.03652430657164718;0.03652430657164718;0.03652430657164718;0.03652430657164718;0.03652430657164718;0.03652430657164718;0.03652430657164718;0.03652430657164718;0.03652430657164718;0.03652430657164718;0.03652430657164718;0.03652430657164718;0.03652430657164718;0.03652430657164718;0.03652430657164718;0.03652430657164718;0.03652430657164718;0.03652430657164718;0.03652430657164718;0.03652430657164718;0.03652430657164718;0.03652430657164718;0.03652430657164718;0.03652430657164718;0.03652430657164718;0.03652430657164718;0.03652430657164718;0.03652430657164718;0.03652430657164718;0.03652430657164718;0.03652430657164718;0.03652430657164718;0.03652430657164718;0.03652430657164718;0.03652430657164718;0.03652430657164718;0.03652430657164718;0.03652430657164718;0.03652430657164718;0.03652430657164718;0.03652430657164718;0.03652430657164718;0.03652430657164718;0.03652430657164718;0.03652430657164718;0.03652430657164718;0.03652430657164718;0.03652430657164718;0.03652430657164718;0.03652430657164718;0.03652430657164718;0.03652430657164718;0.03652430657164718;0.03652430657164718;0.03652430657164718;0.03652430657164718;0.03652430657164718;0.03652430657164718
1;40;0.0660918860185511;0.0660918860185511;0.0660918860185511;0.0660918860185511;0.0660918860185511;0.0660918860185511;0.0660918860185511;0.0660918860185511;0.0660918860185511;0.0660918860185511;0.0660918860185511;0.0660918860185511;0.0660918860185511;0.06240287329208849;0.058713860565625886;0.05502484783916328;0.05133583511270068;0.04764682238623763;0.04395780965977547;0.04026879693331242;0.036579784206849375;0.036579784206849375;0.036579784206849375;0.036579784206849375;0.036579784206849375;0.036579784206849375;0.036579784206849375;0.036579784206849375;0.036579784206849375;0.036579784206849375;0.036579784206849375;0.036579784206849375;0.036579784206849375;0.036579784206849375;0.036579784206849375;0.036579784206849375;0.036579784206849375;0.036579784206849375;0.036579784206849375;0.036579784206849375;0.036579784206849375;0.036579784206849375;0.036579784206849375;0.036579784206849375;0.036579784206849375;0.036579784206849375;0.036579784206849375;0.036579784206849375;0.036579784206849375;0.036579784206849375;0.036579784206849375;0.036579784206849375;0.036579784206849375;0.036579784206849375;0.036579784206849375;0.036579784206849375;0.036579784206849375;0.036579784206849375;0.036579784206849375;0.036579784206849375;0.036579784206849375;0.036579784206849375;0.036579784206849375;0.036579784206849375;0.036579784206849375;0.036579784206849375;0.036579784206849375;0.036579784206849375;0.036579784206849375;0.036579784206849375;0.036579784206849375;0.036579784206849375;0.036579784206849375;0.036579784206849375;0.036579784206849375;0.036579784206849375;0.036579784206849375;0.036579784206849375;0.036579784206849375;0.036579784206849375;0.036579784206849375;0.036579784206849375;0.036579784206849375;0.036579784206849375;0.036579784206849375;0.036579784206849375;0.036579784206849375;0.036579784206849375;0.036579784206849375;0.036579784206849375;0.036579784206849375;0.036579784206849375;0.036579784206849375;0.036579784206849375;0.036579784206849375;0.036579784206849375;0.036579784206849375
1;41;0.06618605912630571;0.06618605912630571;0.06618605912630571;0.06618605912630571;0.06618605912630571;0.06618605912630571;0.06618605912630571;0.06618605912630571;0.06618605912630571;0.06618605912630571;0.06618605912630571;0.06618605912630571;0.06618605912630571;0.062497046399843104;0.0588080336733805;0.055119020946917896;0.05143000822045529;0.047740995493992244;0.044051982767530085;0.04036297004106704;0.03667395731460399;0.03667395731460399;0.03667395731460399;0.03667395731460399;0.03667395731460399;0.03667395731460399;0.03667395731460399;0.03667395731460399;0.03667395731460399;0.03667395731460399;0.03667395731460399;0.03667395731460399;0.03667395731460399;0.03667395731460399;0.03667395731460399;0.03667395731460399;0.03667395731460399;0.03667395731460399;0.03667395731460399;0.03667395731460399;0.03667395731460399;0.03667395731460399;0.03667395731460399;0.03667395731460399;0.03667395731460399;0.03667395731460399;0.03667395731460399;0.03667395731460399;0.03667395731460399;0.03667395731460399;0.03667395731460399;0.03667395731460399;0.03667395731460399;0.03667395731460399;0.03667395731460399;0.03667395731460399;0.03667395731460399;0.03667395731460399;0.03667395731460399;0.03667395731460399;0.03667395731460399;0.03667395731460399;0.03667395731460399;0.03667395731460399;0.03667395731460399;0.03667395731460399;0.03667395731460399;0.03667395731460399;0.03667395731460399;0.03667395731460399;0.03667395731460399;0.03667395731460399;0.03667395731460399;0.03667395731460399;0.03667395731460399;0.03667395731460399;0.03667395731460399;0.03667395731460399;0.03667395731460399;0.03667395731460399;0.03667395731460399;0.03667395731460399;0.03667395731460399;0.03667395731460399;0.03667395731460399;0.03667395731460399;0.03667395731460399;0.03667395731460399;0.03667395731460399;0.03667395731460399;0.03667395731460399;0.03667395731460399;0.03667395731460399;0.03667395731460399;0.03667395731460399;0.03667395731460399;0.03667395731460399
1;42;0.0663873676919513;0.0663873676919513;0.0663873676919513;0.0663873676919513;0.0663873676919513;0.0663873676919513;0.0663873676919513;0.0663873676919513;0.0663873676919513;0.0663873676919513;0.0663873676919513;0.0663873676919513;0.0663873676919513;0.0626983549654887;0.0590093422390261;0.05532032951256349;0.05163131678610089;0.04794230405963784;0.04425329133317568;0.040564278606712634;0.036875265880249586;0.036875265880249586;0.036875265880249586;0.036875265880249586;0.036875265880249586;0.036875265880249586;0.036875265880249586;0.036875265880249586;0.036875265880249586;0.036875265880249586;0.036875265880249586;0.036875265880249586;0.036875265880249586;0.036875265880249586;0.036875265880249586;0.036875265880249586;0.036875265880249586;0.036875265880249586;0.036875265880249586;0.036875265880249586;0.036875265880249586;0.036875265880249586;0.036875265880249586;0.036875265880249586;0.036875265880249586;0.036875265880249586;0.036875265880249586;0.036875265880249586;0.036875265880249586;0.036875265880249586;0.036875265880249586;0.036875265880249586;0.036875265880249586;0.036875265880249586;0.036875265880249586;0.036875265880249586;0.036875265880249586;0.036875265880249586;0.036875265880249586;0.036875265880249586;0.036875265880249586;0.036875265880249586;0.036875265880249586;0.036875265880249586;0.036875265880249586;0.036875265880249586;0.036875265880249586;0.036875265880249586;0.036875265880249586;0.036875265880249586;0.036875265880249586;0.036875265880249586;0.036875265880249586;0.036875265880249586;0.036875265880249586;0.036875265880249586;0.036875265880249586;0.036875265880249586;0.036875265880249586;0.036875265880249586;0.036875265880249586;0.036875265880249586;0.036875265880249586;0.036875265880249586;0.036875265880249586;0.036875265880249586;0.036875265880249586;0.036875265880249586;0.036875265880249586;0.036875265880249586;0.036875265880249586;0.036875265880249586;0.036875265880249586;0.036875265880249586;0.036875265880249586;0.036875265880249586;0.036875265880249586
1;43;0.06681067589252976;0.06681067589252976;0.06681067589252976;0.06681067589252976;0.06681067589252976;0.06681067589252976;0.06681067589252976;0.06681067589252976;0.06681067589252976;0.06681067589252976;0.06681067589252976;0.06681067589252976;0.06681067589252976;0.06312166316606715;0.05943265043960455;0.05574363771314195;0.05205462498667934;0.048365612260216295;0.044676599533754136;0.04098758680729109;0.03729857408082804;0.03729857408082804;0.03729857408082804;0.03729857408082804;0.03729857408082804;0.03729857408082804;0.03729857408082804;0.03729857408082804;0.03729857408082804;0.03729857408082804;0.03729857408082804;0.03729857408082804;0.03729857408082804;0.03729857408082804;0.03729857408082804;0.03729857408082804;0.03729857408082804;0.03729857408082804;0.03729857408082804;0.03729857408082804;0.03729857408082804;0.03729857408082804;0.03729857408082804;0.03729857408082804;0.03729857408082804;0.03729857408082804;0.03729857408082804;0.03729857408082804;0.03729857408082804;0.03729857408082804;0.03729857408082804;0.03729857408082804;0.03729857408082804;0.03729857408082804;0.03729857408082804;0.03729857408082804;0.03729857408082804;0.03729857408082804;0.03729857408082804;0.03729857408082804;0.03729857408082804;0.03729857408082804;0.03729857408082804;0.03729857408082804;0.03729857408082804;0.03729857408082804;0.03729857408082804;0.03729857408082804;0.03729857408082804;0.03729857408082804;0.03729857408082804;0.03729857408082804;0.03729857408082804;0.03729857408082804;0.03729857408082804;0.03729857408082804;0.03729857408082804;0.03729857408082804;0.03729857408082804;0.03729857408082804;0.03729857408082804;0.03729857408082804;0.03729857408082804;0.03729857408082804;0.03729857408082804;0.03729857408082804;0.03729857408082804;0.03729857408082804;0.03729857408082804;0.03729857408082804;0.03729857408082804;0.03729857408082804;0.03729857408082804;0.03729857408082804;0.03729857408082804;0.03729857408082804;0.03729857408082804
1;44;0.06757173507002534;0.06757173507002534;0.06757173507002534;0.06757173507002534;0.06757173507002534;0.06757173507002534;0.06757173507002534;0.06757173507002534;0.06757173507002534;0.06757173507002534;0.06757173507002534;0.06757173507002534;0.06757173507002534;0.06388272234356274;0.06019370961710013;0.05650469689063753;0.052815684164174925;0.04912667143771188;0.04543765871124972;0.04174864598478667;0.03805963325832362;0.03805963325832362;0.03805963325832362;0.03805963325832362;0.03805963325832362;0.03805963325832362;0.03805963325832362;0.03805963325832362;0.03805963325832362;0.03805963325832362;0.03805963325832362;0.03805963325832362;0.03805963325832362;0.03805963325832362;0.03805963325832362;0.03805963325832362;0.03805963325832362;0.03805963325832362;0.03805963325832362;0.03805963325832362;0.03805963325832362;0.03805963325832362;0.03805963325832362;0.03805963325832362;0.03805963325832362;0.03805963325832362;0.03805963325832362;0.03805963325832362;0.03805963325832362;0.03805963325832362;0.03805963325832362;0.03805963325832362;0.03805963325832362;0.03805963325832362;0.03805963325832362;0.03805963325832362;0.03805963325832362;0.03805963325832362;0.03805963325832362;0.03805963325832362;0.03805963325832362;0.03805963325832362;0.03805963325832362;0.03805963325832362;0.03805963325832362;0.03805963325832362;0.03805963325832362;0.03805963325832362;0.03805963325832362;0.03805963325832362;0.03805963325832362;0.03805963325832362;0.03805963325832362;0.03805963325832362;0.03805963325832362;0.03805963325832362;0.03805963325832362;0.03805963325832362;0.03805963325832362;0.03805963325832362;0.03805963325832362;0.03805963325832362;0.03805963325832362;0.03805963325832362;0.03805963325832362;0.03805963325832362;0.03805963325832362;0.03805963325832362;0.03805963325832362;0.03805963325832362;0.03805963325832362;0.03805963325832362;0.03805963325832362;0.03805963325832362;0.03805963325832362;0.03805963325832362;0.03805963325832362
1;45;0.06877610765136843;0.06877610765136843;0.06877610765136843;0.06877610765136843;0.06877610765136843;0.06877610765136843;0.06877610765136843;0.06877610765136843;0.06877610765136843;0.06877610765136843;0.06877610765136843;0.06877610765136843;0.06877610765136843;0.06508709492490583;0.06139808219844323;0.05770906947198062;0.05402005674551802;0.05033104401905497;0.04664203129259281;0.042953018566129764;0.039264005839666716;0.039264005839666716;0.039264005839666716;0.039264005839666716;0.039264005839666716;0.039264005839666716;0.039264005839666716;0.039264005839666716;0.039264005839666716;0.039264005839666716;0.039264005839666716;0.039264005839666716;0.039264005839666716;0.039264005839666716;0.039264005839666716;0.039264005839666716;0.039264005839666716;0.039264005839666716;0.039264005839666716;0.039264005839666716;0.039264005839666716;0.039264005839666716;0.039264005839666716;0.039264005839666716;0.039264005839666716;0.039264005839666716;0.039264005839666716;0.039264005839666716;0.039264005839666716;0.039264005839666716;0.039264005839666716;0.039264005839666716;0.039264005839666716;0.039264005839666716;0.039264005839666716;0.039264005839666716;0.039264005839666716;0.039264005839666716;0.039264005839666716;0.039264005839666716;0.039264005839666716;0.039264005839666716;0.039264005839666716;0.039264005839666716;0.039264005839666716;0.039264005839666716;0.039264005839666716;0.039264005839666716;0.039264005839666716;0.039264005839666716;0.039264005839666716;0.039264005839666716;0.039264005839666716;0.039264005839666716;0.039264005839666716;0.039264005839666716;0.039264005839666716;0.039264005839666716;0.039264005839666716;0.039264005839666716;0.039264005839666716;0.039264005839666716;0.039264005839666716;0.039264005839666716;0.039264005839666716;0.039264005839666716;0.039264005839666716;0.039264005839666716;0.039264005839666716;0.039264005839666716;0.039264005839666716;0.039264005839666716;0.039264005839666716;0.039264005839666716;0.039264005839666716;0.039264005839666716;0.039264005839666716
1;46;0.07036956330861255;0.07036956330861255;0.07036956330861255;0.07036956330861255;0.07036956330861255;0.07036956330861255;0.07036956330861255;0.07036956330861255;0.07036956330861255;0.07036956330861255;0.07036956330861255;0.07036956330861255;0.07036956330861255;0.06668055058214994;0.06299153785568734;0.05930252512922474;0.05561351240276213;0.051924499676299085;0.048235486949836925;0.04454647422337388;0.04085746149691083;0.04085746149691083;0.04085746149691083;0.04085746149691083;0.04085746149691083;0.04085746149691083;0.04085746149691083;0.04085746149691083;0.04085746149691083;0.04085746149691083;0.04085746149691083;0.04085746149691083;0.04085746149691083;0.04085746149691083;0.04085746149691083;0.04085746149691083;0.04085746149691083;0.04085746149691083;0.04085746149691083;0.04085746149691083;0.04085746149691083;0.04085746149691083;0.04085746149691083;0.04085746149691083;0.04085746149691083;0.04085746149691083;0.04085746149691083;0.04085746149691083;0.04085746149691083;0.04085746149691083;0.04085746149691083;0.04085746149691083;0.04085746149691083;0.04085746149691083;0.04085746149691083;0.04085746149691083;0.04085746149691083;0.04085746149691083;0.04085746149691083;0.04085746149691083;0.04085746149691083;0.04085746149691083;0.04085746149691083;0.04085746149691083;0.04085746149691083;0.04085746149691083;0.04085746149691083;0.04085746149691083;0.04085746149691083;0.04085746149691083;0.04085746149691083;0.04085746149691083;0.04085746149691083;0.04085746149691083;0.04085746149691083;0.04085746149691083;0.04085746149691083;0.04085746149691083;0.04085746149691083;0.04085746149691083;0.04085746149691083;0.04085746149691083;0.04085746149691083;0.04085746149691083;0.04085746149691083;0.04085746149691083;0.04085746149691083;0.04085746149691083;0.04085746149691083;0.04085746149691083;0.04085746149691083;0.04085746149691083;0.04085746149691083;0.04085746149691083;0.04085746149691083;0.04085746149691083;0.04085746149691083
1;47;0.07217099934349402;0.07217099934349402;0.07217099934349402;0.07217099934349402;0.07217099934349402;0.07217099934349402;0.07217099934349402;0.07217099934349402;0.07217099934349402;0.07217099934349402;0.07217099934349402;0.07217099934349402;0.07217099934349402;0.06848198661703142;0.06479297389056882;0.06110396116410621;0.05741494843764361;0.05372593571118056;0.0500369229847184;0.046347910258255354;0.042658897531792306;0.042658897531792306;0.042658897531792306;0.042658897531792306;0.042658897531792306;0.042658897531792306;0.042658897531792306;0.042658897531792306;0.042658897531792306;0.042658897531792306;0.042658897531792306;0.042658897531792306;0.042658897531792306;0.042658897531792306;0.042658897531792306;0.042658897531792306;0.042658897531792306;0.042658897531792306;0.042658897531792306;0.042658897531792306;0.042658897531792306;0.042658897531792306;0.042658897531792306;0.042658897531792306;0.042658897531792306;0.042658897531792306;0.042658897531792306;0.042658897531792306;0.042658897531792306;0.042658897531792306;0.042658897531792306;0.042658897531792306;0.042658897531792306;0.042658897531792306;0.042658897531792306;0.042658897531792306;0.042658897531792306;0.042658897531792306;0.042658897531792306;0.042658897531792306;0.042658897531792306;0.042658897531792306;0.042658897531792306;0.042658897531792306;0.042658897531792306;0.042658897531792306;0.042658897531792306;0.042658897531792306;0.042658897531792306;0.042658897531792306;0.042658897531792306;0.042658897531792306;0.042658897531792306;0.042658897531792306;0.042658897531792306;0.042658897531792306;0.042658897531792306;0.042658897531792306;0.042658897531792306;0.042658897531792306;0.042658897531792306;0.042658897531792306;0.042658897531792306;0.042658897531792306;0.042658897531792306;0.042658897531792306;0.042658897531792306;0.042658897531792306;0.042658897531792306;0.042658897531792306;0.042658897531792306;0.042658897531792306;0.042658897531792306;0.042658897531792306;0.042658897531792306;0.042658897531792306;0.042658897531792306
1;48;0.07399581825987855;0.07399581825987855;0.07399581825987855;0.07399581825987855;0.07399581825987855;0.07399581825987855;0.07399581825987855;0.07399581825987855;0.07399581825987855;0.07399581825987855;0.07399581825987855;0.07399581825987855;0.07399581825987855;0.07030680553341595;0.06661779280695335;0.06292878008049074;0.05923976735402814;0.05555075462756509;0.05186174190110293;0.04817272917463988;0.044483716448176835;0.044483716448176835;0.044483716448176835;0.044483716448176835;0.044483716448176835;0.044483716448176835;0.044483716448176835;0.044483716448176835;0.044483716448176835;0.044483716448176835;0.044483716448176835;0.044483716448176835;0.044483716448176835;0.044483716448176835;0.044483716448176835;0.044483716448176835;0.044483716448176835;0.044483716448176835;0.044483716448176835;0.044483716448176835;0.044483716448176835;0.044483716448176835;0.044483716448176835;0.044483716448176835;0.044483716448176835;0.044483716448176835;0.044483716448176835;0.044483716448176835;0.044483716448176835;0.044483716448176835;0.044483716448176835;0.044483716448176835;0.044483716448176835;0.044483716448176835;0.044483716448176835;0.044483716448176835;0.044483716448176835;0.044483716448176835;0.044483716448176835;0.044483716448176835;0.044483716448176835;0.044483716448176835;0.044483716448176835;0.044483716448176835;0.044483716448176835;0.044483716448176835;0.044483716448176835;0.044483716448176835;0.044483716448176835;0.044483716448176835;0.044483716448176835;0.044483716448176835;0.044483716448176835;0.044483716448176835;0.044483716448176835;0.044483716448176835;0.044483716448176835;0.044483716448176835;0.044483716448176835;0.044483716448176835;0.044483716448176835;0.044483716448176835;0.044483716448176835;0.044483716448176835;0.044483716448176835;0.044483716448176835;0.044483716448176835;0.044483716448176835;0.044483716448176835;0.044483716448176835;0.044483716448176835;0.044483716448176835;0.044483716448176835;0.044483716448176835;0.044483716448176835;0.044483716448176835;0.044483716448176835
1;49;0.07567413984537108;0.07567413984537108;0.07567413984537108;0.07567413984537108;0.07567413984537108;0.07567413984537108;0.07567413984537108;0.07567413984537108;0.07567413984537108;0.07567413984537108;0.07567413984537108;0.07567413984537108;0.07567413984537108;0.07198512711890848;0.06829611439244587;0.06460710166598327;0.060918088939520665;0.05722907621305762;0.05354006348659546;0.04985105076013241;0.04616203803366936;0.04616203803366936;0.04616203803366936;0.04616203803366936;0.04616203803366936;0.04616203803366936;0.04616203803366936;0.04616203803366936;0.04616203803366936;0.04616203803366936;0.04616203803366936;0.04616203803366936;0.04616203803366936;0.04616203803366936;0.04616203803366936;0.04616203803366936;0.04616203803366936;0.04616203803366936;0.04616203803366936;0.04616203803366936;0.04616203803366936;0.04616203803366936;0.04616203803366936;0.04616203803366936;0.04616203803366936;0.04616203803366936;0.04616203803366936;0.04616203803366936;0.04616203803366936;0.04616203803366936;0.04616203803366936;0.04616203803366936;0.04616203803366936;0.04616203803366936;0.04616203803366936;0.04616203803366936;0.04616203803366936;0.04616203803366936;0.04616203803366936;0.04616203803366936;0.04616203803366936;0.04616203803366936;0.04616203803366936;0.04616203803366936;0.04616203803366936;0.04616203803366936;0.04616203803366936;0.04616203803366936;0.04616203803366936;0.04616203803366936;0.04616203803366936;0.04616203803366936;0.04616203803366936;0.04616203803366936;0.04616203803366936;0.04616203803366936;0.04616203803366936;0.04616203803366936;0.04616203803366936;0.04616203803366936;0.04616203803366936;0.04616203803366936;0.04616203803366936;0.04616203803366936;0.04616203803366936;0.04616203803366936;0.04616203803366936;0.04616203803366936;0.04616203803366936;0.04616203803366936;0.04616203803366936;0.04616203803366936;0.04616203803366936;0.04616203803366936;0.04616203803366936;0.04616203803366936;0.04616203803366936
1;50;0.07733204462762089;0.07733204462762089;0.07733204462762089;0.07733204462762089;0.07733204462762089;0.07733204462762089;0.07733204462762089;0.07733204462762089;0.07733204462762089;0.07733204462762089;0.07733204462762089;0.07733204462762089;0.07733204462762089;0.07364303190115828;0.06995401917469568;0.06626500644823308;0.06257599372177047;0.058886980995307425;0.055197968268845266;0.05150895554238222;0.04781994281591917;0.04781994281591917;0.04781994281591917;0.04781994281591917;0.04781994281591917;0.04781994281591917;0.04781994281591917;0.04781994281591917;0.04781994281591917;0.04781994281591917;0.04781994281591917;0.04781994281591917;0.04781994281591917;0.04781994281591917;0.04781994281591917;0.04781994281591917;0.04781994281591917;0.04781994281591917;0.04781994281591917;0.04781994281591917;0.04781994281591917;0.04781994281591917;0.04781994281591917;0.04781994281591917;0.04781994281591917;0.04781994281591917;0.04781994281591917;0.04781994281591917;0.04781994281591917;0.04781994281591917;0.04781994281591917;0.04781994281591917;0.04781994281591917;0.04781994281591917;0.04781994281591917;0.04781994281591917;0.04781994281591917;0.04781994281591917;0.04781994281591917;0.04781994281591917;0.04781994281591917;0.04781994281591917;0.04781994281591917;0.04781994281591917;0.04781994281591917;0.04781994281591917;0.04781994281591917;0.04781994281591917;0.04781994281591917;0.04781994281591917;0.04781994281591917;0.04781994281591917;0.04781994281591917;0.04781994281591917;0.04781994281591917;0.04781994281591917;0.04781994281591917;0.04781994281591917;0.04781994281591917;0.04781994281591917;0.04781994281591917;0.04781994281591917;0.04781994281591917;0.04781994281591917;0.04781994281591917;0.04781994281591917;0.04781994281591917;0.04781994281591917;0.04781994281591917;0.04781994281591917;0.04781994281591917;0.04781994281591917;0.04781994281591917;0.04781994281591917;0.04781994281591917;0.04781994281591917;0.04781994281591917
1;51;0.07936970992606884;0.07936970992606884;0.07936970992606884;0.07936970992606884;0.07936970992606884;0.07936970992606884;0.07936970992606884;0.07936970992606884;0.07936970992606884;0.07936970992606884;0.07936970992606884;0.07936970992606884;0.07936970992606884;0.07568069719960624;0.07199168447314364;0.06830267174668103;0.06461365902021843;0.06092464629375538;0.05723563356729322;0.05354662084083017;0.049857608114367125;0.049857608114367125;0.049857608114367125;0.049857608114367125;0.049857608114367125;0.049857608114367125;0.049857608114367125;0.049857608114367125;0.049857608114367125;0.049857608114367125;0.049857608114367125;0.049857608114367125;0.049857608114367125;0.049857608114367125;0.049857608114367125;0.049857608114367125;0.049857608114367125;0.049857608114367125;0.049857608114367125;0.049857608114367125;0.049857608114367125;0.049857608114367125;0.049857608114367125;0.049857608114367125;0.049857608114367125;0.049857608114367125;0.049857608114367125;0.049857608114367125;0.049857608114367125;0.049857608114367125;0.049857608114367125;0.049857608114367125;0.049857608114367125;0.049857608114367125;0.049857608114367125;0.049857608114367125;0.049857608114367125;0.049857608114367125;0.049857608114367125;0.049857608114367125;0.049857608114367125;0.049857608114367125;0.049857608114367125;0.049857608114367125;0.049857608114367125;0.049857608114367125;0.049857608114367125;0.049857608114367125;0.049857608114367125;0.049857608114367125;0.049857608114367125;0.049857608114367125;0.049857608114367125;0.049857608114367125;0.049857608114367125;0.049857608114367125;0.049857608114367125;0.049857608114367125;0.049857608114367125;0.049857608114367125;0.049857608114367125;0.049857608114367125;0.049857608114367125;0.049857608114367125;0.049857608114367125;0.049857608114367125;0.049857608114367125;0.049857608114367125;0.049857608114367125;0.049857608114367125;0.049857608114367125;0.049857608114367125;0.049857608114367125;0.049857608114367125;0.049857608114367125;0.049857608114367125;0.049857608114367125
1;52;0.08219764947890695;0.08219764947890695;0.08219764947890695;0.08219764947890695;0.08219764947890695;0.08219764947890695;0.08219764947890695;0.08219764947890695;0.08219764947890695;0.08219764947890695;0.08219764947890695;0.08219764947890695;0.08219764947890695;0.07850863675244435;0.07481962402598175;0.07113061129951914;0.06744159857305654;0.06375258584659349;0.06006357312013133;0.05637456039366828;0.052685547667205235;0.052685547667205235;0.052685547667205235;0.052685547667205235;0.052685547667205235;0.052685547667205235;0.052685547667205235;0.052685547667205235;0.052685547667205235;0.052685547667205235;0.052685547667205235;0.052685547667205235;0.052685547667205235;0.052685547667205235;0.052685547667205235;0.052685547667205235;0.052685547667205235;0.052685547667205235;0.052685547667205235;0.052685547667205235;0.052685547667205235;0.052685547667205235;0.052685547667205235;0.052685547667205235;0.052685547667205235;0.052685547667205235;0.052685547667205235;0.052685547667205235;0.052685547667205235;0.052685547667205235;0.052685547667205235;0.052685547667205235;0.052685547667205235;0.052685547667205235;0.052685547667205235;0.052685547667205235;0.052685547667205235;0.052685547667205235;0.052685547667205235;0.052685547667205235;0.052685547667205235;0.052685547667205235;0.052685547667205235;0.052685547667205235;0.052685547667205235;0.052685547667205235;0.052685547667205235;0.052685547667205235;0.052685547667205235;0.052685547667205235;0.052685547667205235;0.052685547667205235;0.052685547667205235;0.052685547667205235;0.052685547667205235;0.052685547667205235;0.052685547667205235;0.052685547667205235;0.052685547667205235;0.052685547667205235;0.052685547667205235;0.052685547667205235;0.052685547667205235;0.052685547667205235;0.052685547667205235;0.052685547667205235;0.052685547667205235;0.052685547667205235;0.052685547667205235;0.052685547667205235;0.052685547667205235;0.052685547667205235;0.052685547667205235;0.052685547667205235;0.052685547667205235;0.052685547667205235;0.052685547667205235
1;53;0.0862079740782411;0.0862079740782411;0.0862079740782411;0.0862079740782411;0.0862079740782411;0.0862079740782411;0.0862079740782411;0.0862079740782411;0.0862079740782411;0.0862079740782411;0.0862079740782411;0.0862079740782411;0.0862079740782411;0.0825189613517785;0.0788299486253159;0.07514093589885329;0.07145192317239069;0.06776291044592764;0.06407389771946548;0.06038488499300243;0.05669587226653938;0.05669587226653938;0.05669587226653938;0.05669587226653938;0.05669587226653938;0.05669587226653938;0.05669587226653938;0.05669587226653938;0.05669587226653938;0.05669587226653938;0.05669587226653938;0.05669587226653938;0.05669587226653938;0.05669587226653938;0.05669587226653938;0.05669587226653938;0.05669587226653938;0.05669587226653938;0.05669587226653938;0.05669587226653938;0.05669587226653938;0.05669587226653938;0.05669587226653938;0.05669587226653938;0.05669587226653938;0.05669587226653938;0.05669587226653938;0.05669587226653938;0.05669587226653938;0.05669587226653938;0.05669587226653938;0.05669587226653938;0.05669587226653938;0.05669587226653938;0.05669587226653938;0.05669587226653938;0.05669587226653938;0.05669587226653938;0.05669587226653938;0.05669587226653938;0.05669587226653938;0.05669587226653938;0.05669587226653938;0.05669587226653938;0.05669587226653938;0.05669587226653938;0.05669587226653938;0.05669587226653938;0.05669587226653938;0.05669587226653938;0.05669587226653938;0.05669587226653938;0.05669587226653938;0.05669587226653938;0.05669587226653938;0.05669587226653938;0.05669587226653938;0.05669587226653938;0.05669587226653938;0.05669587226653938;0.05669587226653938;0.05669587226653938;0.05669587226653938;0.05669587226653938;0.05669587226653938;0.05669587226653938;0.05669587226653938;0.05669587226653938;0.05669587226653938;0.05669587226653938;0.05669587226653938;0.05669587226653938;0.05669587226653938;0.05669587226653938;0.05669587226653938;0.05669587226653938;0.05669587226653938
1;54;0.09130479295548266;0.09130479295548266;0.09130479295548266;0.09130479295548266;0.09130479295548266;0.09130479295548266;0.09130479295548266;0.09130479295548266;0.09130479295548266;0.09130479295548266;0.09130479295548266;0.09130479295548266;0.09130479295548266;0.08761578022902006;0.08392676750255745;0.08023775477609485;0.07654874204963225;0.0728597293231692;0.06917071659670704;0.06548170387024399;0.06179269114378094;0.06179269114378094;0.06179269114378094;0.06179269114378094;0.06179269114378094;0.06179269114378094;0.06179269114378094;0.06179269114378094;0.06179269114378094;0.06179269114378094;0.06179269114378094;0.06179269114378094;0.06179269114378094;0.06179269114378094;0.06179269114378094;0.06179269114378094;0.06179269114378094;0.06179269114378094;0.06179269114378094;0.06179269114378094;0.06179269114378094;0.06179269114378094;0.06179269114378094;0.06179269114378094;0.06179269114378094;0.06179269114378094;0.06179269114378094;0.06179269114378094;0.06179269114378094;0.06179269114378094;0.06179269114378094;0.06179269114378094;0.06179269114378094;0.06179269114378094;0.06179269114378094;0.06179269114378094;0.06179269114378094;0.06179269114378094;0.06179269114378094;0.06179269114378094;0.06179269114378094;0.06179269114378094;0.06179269114378094;0.06179269114378094;0.06179269114378094;0.06179269114378094;0.06179269114378094;0.06179269114378094;0.06179269114378094;0.06179269114378094;0.06179269114378094;0.06179269114378094;0.06179269114378094;0.06179269114378094;0.06179269114378094;0.06179269114378094;0.06179269114378094;0.06179269114378094;0.06179269114378094;0.06179269114378094;0.06179269114378094;0.06179269114378094;0.06179269114378094;0.06179269114378094;0.06179269114378094;0.06179269114378094;0.06179269114378094;0.06179269114378094;0.06179269114378094;0.06179269114378094;0.06179269114378094;0.06179269114378094;0.06179269114378094;0.06179269114378094;0.06179269114378094;0.06179269114378094;0.06179269114378094
1;55;0.09686528723718535;0.09686528723718535;0.09686528723718535;0.09686528723718535;0.09686528723718535;0.09686528723718535;0.09686528723718535;0.09686528723718535;0.09686528723718535;0.09686528723718535;0.09686528723718535;0.09686528723718535;0.09686528723718535;0.09317627451072275;0.08948726178426014;0.08579824905779754;0.08210923633133493;0.07842022360487189;0.07473121087840973;0.07104219815194668;0.06735318542548363;0.06735318542548363;0.06735318542548363;0.06735318542548363;0.06735318542548363;0.06735318542548363;0.06735318542548363;0.06735318542548363;0.06735318542548363;0.06735318542548363;0.06735318542548363;0.06735318542548363;0.06735318542548363;0.06735318542548363;0.06735318542548363;0.06735318542548363;0.06735318542548363;0.06735318542548363;0.06735318542548363;0.06735318542548363;0.06735318542548363;0.06735318542548363;0.06735318542548363;0.06735318542548363;0.06735318542548363;0.06735318542548363;0.06735318542548363;0.06735318542548363;0.06735318542548363;0.06735318542548363;0.06735318542548363;0.06735318542548363;0.06735318542548363;0.06735318542548363;0.06735318542548363;0.06735318542548363;0.06735318542548363;0.06735318542548363;0.06735318542548363;0.06735318542548363;0.06735318542548363;0.06735318542548363;0.06735318542548363;0.06735318542548363;0.06735318542548363;0.06735318542548363;0.06735318542548363;0.06735318542548363;0.06735318542548363;0.06735318542548363;0.06735318542548363;0.06735318542548363;0.06735318542548363;0.06735318542548363;0.06735318542548363;0.06735318542548363;0.06735318542548363;0.06735318542548363;0.06735318542548363;0.06735318542548363;0.06735318542548363;0.06735318542548363;0.06735318542548363;0.06735318542548363;0.06735318542548363;0.06735318542548363;0.06735318542548363;0.06735318542548363;0.06735318542548363;0.06735318542548363;0.06735318542548363;0.06735318542548363;0.06735318542548363;0.06735318542548363;0.06735318542548363;0.06735318542548363;0.06735318542548363
1;56;0.10224043541767269;0.10224043541767269;0.10224043541767269;0.10224043541767269;0.10224043541767269;0.10224043541767269;0.10224043541767269;0.10224043541767269;0.10224043541767269;0.10224043541767269;0.10224043541767269;0.10224043541767269;0.10224043541767269;0.09855142269121009;0.09486240996474748;0.09117339723828488;0.08748438451182228;0.08379537178535923;0.08010635905889707;0.07641734633243402;0.07272833360597097;0.07272833360597097;0.07272833360597097;0.07272833360597097;0.07272833360597097;0.07272833360597097;0.07272833360597097;0.07272833360597097;0.07272833360597097;0.07272833360597097;0.07272833360597097;0.07272833360597097;0.07272833360597097;0.07272833360597097;0.07272833360597097;0.07272833360597097;0.07272833360597097;0.07272833360597097;0.07272833360597097;0.07272833360597097;0.07272833360597097;0.07272833360597097;0.07272833360597097;0.07272833360597097;0.07272833360597097;0.07272833360597097;0.07272833360597097;0.07272833360597097;0.07272833360597097;0.07272833360597097;0.07272833360597097;0.07272833360597097;0.07272833360597097;0.07272833360597097;0.07272833360597097;0.07272833360597097;0.07272833360597097;0.07272833360597097;0.07272833360597097;0.07272833360597097;0.07272833360597097;0.07272833360597097;0.07272833360597097;0.07272833360597097;0.07272833360597097;0.07272833360597097;0.07272833360597097;0.07272833360597097;0.07272833360597097;0.07272833360597097;0.07272833360597097;0.07272833360597097;0.07272833360597097;0.07272833360597097;0.07272833360597097;0.07272833360597097;0.07272833360597097;0.07272833360597097;0.07272833360597097;0.07272833360597097;0.07272833360597097;0.07272833360597097;0.07272833360597097;0.07272833360597097;0.07272833360597097;0.07272833360597097;0.07272833360597097;0.07272833360597097;0.07272833360597097;0.07272833360597097;0.07272833360597097;0.07272833360597097;0.07272833360597097;0.07272833360597097;0.07272833360597097;0.07272833360597097;0.07272833360597097
1;57;0.10679098204420612;0.10679098204420612;0.10679098204420612;0.10679098204420612;0.10679098204420612;0.10679098204420612;0.10679098204420612;0.10679098204420612;0.10679098204420612;0.10679098204420612;0.10679098204420612;0.10679098204420612;0.10679098204420612;0.10310196931774351;0.09941295659128091;0.0957239438648183;0.0920349311383557;0.08834591841189265;0.0846569056854305;0.08096789295896745;0.0772788802325044;0.0772788802325044;0.0772788802325044;0.0772788802325044;0.0772788802325044;0.0772788802325044;0.0772788802325044;0.0772788802325044;0.0772788802325044;0.0772788802325044;0.0772788802325044;0.0772788802325044;0.0772788802325044;0.0772788802325044;0.0772788802325044;0.0772788802325044;0.0772788802325044;0.0772788802325044;0.0772788802325044;0.0772788802325044;0.0772788802325044;0.0772788802325044;0.0772788802325044;0.0772788802325044;0.0772788802325044;0.0772788802325044;0.0772788802325044;0.0772788802325044;0.0772788802325044;0.0772788802325044;0.0772788802325044;0.0772788802325044;0.0772788802325044;0.0772788802325044;0.0772788802325044;0.0772788802325044;0.0772788802325044;0.0772788802325044;0.0772788802325044;0.0772788802325044;0.0772788802325044;0.0772788802325044;0.0772788802325044;0.0772788802325044;0.0772788802325044;0.0772788802325044;0.0772788802325044;0.0772788802325044;0.0772788802325044;0.0772788802325044;0.0772788802325044;0.0772788802325044;0.0772788802325044;0.0772788802325044;0.0772788802325044;0.0772788802325044;0.0772788802325044;0.0772788802325044;0.0772788802325044;0.0772788802325044;0.0772788802325044;0.0772788802325044;0.0772788802325044;0.0772788802325044;0.0772788802325044;0.0772788802325044;0.0772788802325044;0.0772788802325044;0.0772788802325044;0.0772788802325044;0.0772788802325044;0.0772788802325044;0.0772788802325044;0.0772788802325044;0.0772788802325044;0.0772788802325044;0.0772788802325044
1;58;0.11023221070528244;0.11023221070528244;0.11023221070528244;0.11023221070528244;0.11023221070528244;0.11023221070528244;0.11023221070528244;0.11023221070528244;0.11023221070528244;0.11023221070528244;0.11023221070528244;0.11023221070528244;0.11023221070528244;0.10654319797881984;0.10285418525235723;0.09916517252589463;0.09547615979943203;0.09178714707296898;0.08809813434650682;0.08440912162004377;0.08072010889358072;0.08072010889358072;0.08072010889358072;0.08072010889358072;0.08072010889358072;0.08072010889358072;0.08072010889358072;0.08072010889358072;0.08072010889358072;0.08072010889358072;0.08072010889358072;0.08072010889358072;0.08072010889358072;0.08072010889358072;0.08072010889358072;0.08072010889358072;0.08072010889358072;0.08072010889358072;0.08072010889358072;0.08072010889358072;0.08072010889358072;0.08072010889358072;0.08072010889358072;0.08072010889358072;0.08072010889358072;0.08072010889358072;0.08072010889358072;0.08072010889358072;0.08072010889358072;0.08072010889358072;0.08072010889358072;0.08072010889358072;0.08072010889358072;0.08072010889358072;0.08072010889358072;0.08072010889358072;0.08072010889358072;0.08072010889358072;0.08072010889358072;0.08072010889358072;0.08072010889358072;0.08072010889358072;0.08072010889358072;0.08072010889358072;0.08072010889358072;0.08072010889358072;0.08072010889358072;0.08072010889358072;0.08072010889358072;0.08072010889358072;0.08072010889358072;0.08072010889358072;0.08072010889358072;0.08072010889358072;0.08072010889358072;0.08072010889358072;0.08072010889358072;0.08072010889358072;0.08072010889358072;0.08072010889358072;0.08072010889358072;0.08072010889358072;0.08072010889358072;0.08072010889358072;0.08072010889358072;0.08072010889358072;0.08072010889358072;0.08072010889358072;0.08072010889358072;0.08072010889358072;0.08072010889358072;0.08072010889358072;0.08072010889358072;0.08072010889358072;0.08072010889358072;0.08072010889358072;0.08072010889358072
1;59;0.1127259385409376;0.1127259385409376;0.1127259385409376;0.1127259385409376;0.1127259385409376;0.1127259385409376;0.1127259385409376;0.1127259385409376;0.1127259385409376;0.1127259385409376;0.1127259385409376;0.1127259385409376;0.1127259385409376;0.109036925814475;0.10534791308801239;0.10165890036154979;0.09796988763508718;0.09428087490862413;0.09059186218216198;0.08690284945569893;0.08321383672923588;0.08321383672923588;0.08321383672923588;0.08321383672923588;0.08321383672923588;0.08321383672923588;0.08321383672923588;0.08321383672923588;0.08321383672923588;0.08321383672923588;0.08321383672923588;0.08321383672923588;0.08321383672923588;0.08321383672923588;0.08321383672923588;0.08321383672923588;0.08321383672923588;0.08321383672923588;0.08321383672923588;0.08321383672923588;0.08321383672923588;0.08321383672923588;0.08321383672923588;0.08321383672923588;0.08321383672923588;0.08321383672923588;0.08321383672923588;0.08321383672923588;0.08321383672923588;0.08321383672923588;0.08321383672923588;0.08321383672923588;0.08321383672923588;0.08321383672923588;0.08321383672923588;0.08321383672923588;0.08321383672923588;0.08321383672923588;0.08321383672923588;0.08321383672923588;0.08321383672923588;0.08321383672923588;0.08321383672923588;0.08321383672923588;0.08321383672923588;0.08321383672923588;0.08321383672923588;0.08321383672923588;0.08321383672923588;0.08321383672923588;0.08321383672923588;0.08321383672923588;0.08321383672923588;0.08321383672923588;0.08321383672923588;0.08321383672923588;0.08321383672923588;0.08321383672923588;0.08321383672923588;0.08321383672923588;0.08321383672923588;0.08321383672923588;0.08321383672923588;0.08321383672923588;0.08321383672923588;0.08321383672923588;0.08321383672923588;0.08321383672923588;0.08321383672923588;0.08321383672923588;0.08321383672923588;0.08321383672923588;0.08321383672923588;0.08321383672923588;0.08321383672923588;0.08321383672923588;0.08321383672923588
1;60;0.11446245514874231;0.11446245514874231;0.11446245514874231;0.11446245514874231;0.11446245514874231;0.11446245514874231;0.11446245514874231;0.11446245514874231;0.11446245514874231;0.11446245514874231;0.11446245514874231;0.11446245514874231;0.11446245514874231;0.11077344242227971;0.10708442969581711;0.1033954169693545;0.0997064042428919;0.09601739151642885;0.09232837878996669;0.08863936606350364;0.0849503533370406;0.0849503533370406;0.0849503533370406;0.0849503533370406;0.0849503533370406;0.0849503533370406;0.0849503533370406;0.0849503533370406;0.0849503533370406;0.0849503533370406;0.0849503533370406;0.0849503533370406;0.0849503533370406;0.0849503533370406;0.0849503533370406;0.0849503533370406;0.0849503533370406;0.0849503533370406;0.0849503533370406;0.0849503533370406;0.0849503533370406;0.0849503533370406;0.0849503533370406;0.0849503533370406;0.0849503533370406;0.0849503533370406;0.0849503533370406;0.0849503533370406;0.0849503533370406;0.0849503533370406;0.0849503533370406;0.0849503533370406;0.0849503533370406;0.0849503533370406;0.0849503533370406;0.0849503533370406;0.0849503533370406;0.0849503533370406;0.0849503533370406;0.0849503533370406;0.0849503533370406;0.0849503533370406;0.0849503533370406;0.0849503533370406;0.0849503533370406;0.0849503533370406;0.0849503533370406;0.0849503533370406;0.0849503533370406;0.0849503533370406;0.0849503533370406;0.0849503533370406;0.0849503533370406;0.0849503533370406;0.0849503533370406;0.0849503533370406;0.0849503533370406;0.0849503533370406;0.0849503533370406;0.0849503533370406;0.0849503533370406;0.0849503533370406;0.0849503533370406;0.0849503533370406;0.0849503533370406;0.0849503533370406;0.0849503533370406;0.0849503533370406;0.0849503533370406;0.0849503533370406;0.0849503533370406;0.0849503533370406;0.0849503533370406;0.0849503533370406;0.0849503533370406;0.0849503533370406;0.0849503533370406
1;61;0.11563068619935368;0.11563068619935368;0.11563068619935368;0.11563068619935368;0.11563068619935368;0.11563068619935368;0.11563068619935368;0.11563068619935368;0.11563068619935368;0.11563068619935368;0.11563068619935368;0.11563068619935368;0.11563068619935368;0.11194167347289108;0.10825266074642848;0.10456364801996587;0.10087463529350327;0.09718562256704022;0.09349660984057806;0.08980759711411501;0.08611858438765196;0.08611858438765196;0.08611858438765196;0.08611858438765196;0.08611858438765196;0.08611858438765196;0.08611858438765196;0.08611858438765196;0.08611858438765196;0.08611858438765196;0.08611858438765196;0.08611858438765196;0.08611858438765196;0.08611858438765196;0.08611858438765196;0.08611858438765196;0.08611858438765196;0.08611858438765196;0.08611858438765196;0.08611858438765196;0.08611858438765196;0.08611858438765196;0.08611858438765196;0.08611858438765196;0.08611858438765196;0.08611858438765196;0.08611858438765196;0.08611858438765196;0.08611858438765196;0.08611858438765196;0.08611858438765196;0.08611858438765196;0.08611858438765196;0.08611858438765196;0.08611858438765196;0.08611858438765196;0.08611858438765196;0.08611858438765196;0.08611858438765196;0.08611858438765196;0.08611858438765196;0.08611858438765196;0.08611858438765196;0.08611858438765196;0.08611858438765196;0.08611858438765196;0.08611858438765196;0.08611858438765196;0.08611858438765196;0.08611858438765196;0.08611858438765196;0.08611858438765196;0.08611858438765196;0.08611858438765196;0.08611858438765196;0.08611858438765196;0.08611858438765196;0.08611858438765196;0.08611858438765196;0.08611858438765196;0.08611858438765196;0.08611858438765196;0.08611858438765196;0.08611858438765196;0.08611858438765196;0.08611858438765196;0.08611858438765196;0.08611858438765196;0.08611858438765196;0.08611858438765196;0.08611858438765196;0.08611858438765196;0.08611858438765196;0.08611858438765196;0.08611858438765196;0.08611858438765196;0.08611858438765196
1;62;0.11634818483618403;0.11634818483618403;0.11634818483618403;0.11634818483618403;0.11634818483618403;0.11634818483618403;0.11634818483618403;0.11634818483618403;0.11634818483618403;0.11634818483618403;0.11634818483618403;0.11634818483618403;0.11634818483618403;0.11265917210972143;0.10897015938325882;0.10528114665679622;0.10159213393033362;0.09790312120387057;0.09421410847740841;0.09052509575094536;0.08683608302448231;0.08683608302448231;0.08683608302448231;0.08683608302448231;0.08683608302448231;0.08683608302448231;0.08683608302448231;0.08683608302448231;0.08683608302448231;0.08683608302448231;0.08683608302448231;0.08683608302448231;0.08683608302448231;0.08683608302448231;0.08683608302448231;0.08683608302448231;0.08683608302448231;0.08683608302448231;0.08683608302448231;0.08683608302448231;0.08683608302448231;0.08683608302448231;0.08683608302448231;0.08683608302448231;0.08683608302448231;0.08683608302448231;0.08683608302448231;0.08683608302448231;0.08683608302448231;0.08683608302448231;0.08683608302448231;0.08683608302448231;0.08683608302448231;0.08683608302448231;0.08683608302448231;0.08683608302448231;0.08683608302448231;0.08683608302448231;0.08683608302448231;0.08683608302448231;0.08683608302448231;0.08683608302448231;0.08683608302448231;0.08683608302448231;0.08683608302448231;0.08683608302448231;0.08683608302448231;0.08683608302448231;0.08683608302448231;0.08683608302448231;0.08683608302448231;0.08683608302448231;0.08683608302448231;0.08683608302448231;0.08683608302448231;0.08683608302448231;0.08683608302448231;0.08683608302448231;0.08683608302448231;0.08683608302448231;0.08683608302448231;0.08683608302448231;0.08683608302448231;0.08683608302448231;0.08683608302448231;0.08683608302448231;0.08683608302448231;0.08683608302448231;0.08683608302448231;0.08683608302448231;0.08683608302448231;0.08683608302448231;0.08683608302448231;0.08683608302448231;0.08683608302448231;0.08683608302448231;0.08683608302448231
1;63;0.11662750708832892;0.11662750708832892;0.11662750708832892;0.11662750708832892;0.11662750708832892;0.11662750708832892;0.11662750708832892;0.11662750708832892;0.11662750708832892;0.11662750708832892;0.11662750708832892;0.11662750708832892;0.11662750708832892;0.11293849436186632;0.10924948163540371;0.10556046890894111;0.1018714561824785;0.09818244345601546;0.0944934307295533;0.09080441800309025;0.0871154052766272;0.0871154052766272;0.0871154052766272;0.0871154052766272;0.0871154052766272;0.0871154052766272;0.0871154052766272;0.0871154052766272;0.0871154052766272;0.0871154052766272;0.0871154052766272;0.0871154052766272;0.0871154052766272;0.0871154052766272;0.0871154052766272;0.0871154052766272;0.0871154052766272;0.0871154052766272;0.0871154052766272;0.0871154052766272;0.0871154052766272;0.0871154052766272;0.0871154052766272;0.0871154052766272;0.0871154052766272;0.0871154052766272;0.0871154052766272;0.0871154052766272;0.0871154052766272;0.0871154052766272;0.0871154052766272;0.0871154052766272;0.0871154052766272;0.0871154052766272;0.0871154052766272;0.0871154052766272;0.0871154052766272;0.0871154052766272;0.0871154052766272;0.0871154052766272;0.0871154052766272;0.0871154052766272;0.0871154052766272;0.0871154052766272;0.0871154052766272;0.0871154052766272;0.0871154052766272;0.0871154052766272;0.0871154052766272;0.0871154052766272;0.0871154052766272;0.0871154052766272;0.0871154052766272;0.0871154052766272;0.0871154052766272;0.0871154052766272;0.0871154052766272;0.0871154052766272;0.0871154052766272;0.0871154052766272;0.0871154052766272;0.0871154052766272;0.0871154052766272;0.0871154052766272;0.0871154052766272;0.0871154052766272;0.0871154052766272;0.0871154052766272;0.0871154052766272;0.0871154052766272;0.0871154052766272;0.0871154052766272;0.0871154052766272;0.0871154052766272;0.0871154052766272;0.0871154052766272;0.0871154052766272
1;64;0.11647280441673935;0.11647280441673935;0.11647280441673935;0.11647280441673935;0.11647280441673935;0.11647280441673935;0.11647280441673935;0.11647280441673935;0.11647280441673935;0.11647280441673935;0.11647280441673935;0.11647280441673935;0.11647280441673935;0.11278379169027675;0.10909477896381414;0.10540576623735154;0.10171675351088894;0.09802774078442589;0.09433872805796373;0.09064971533150068;0.08696070260503763;0.08696070260503763;0.08696070260503763;0.08696070260503763;0.08696070260503763;0.08696070260503763;0.08696070260503763;0.08696070260503763;0.08696070260503763;0.08696070260503763;0.08696070260503763;0.08696070260503763;0.08696070260503763;0.08696070260503763;0.08696070260503763;0.08696070260503763;0.08696070260503763;0.08696070260503763;0.08696070260503763;0.08696070260503763;0.08696070260503763;0.08696070260503763;0.08696070260503763;0.08696070260503763;0.08696070260503763;0.08696070260503763;0.08696070260503763;0.08696070260503763;0.08696070260503763;0.08696070260503763;0.08696070260503763;0.08696070260503763;0.08696070260503763;0.08696070260503763;0.08696070260503763;0.08696070260503763;0.08696070260503763;0.08696070260503763;0.08696070260503763;0.08696070260503763;0.08696070260503763;0.08696070260503763;0.08696070260503763;0.08696070260503763;0.08696070260503763;0.08696070260503763;0.08696070260503763;0.08696070260503763;0.08696070260503763;0.08696070260503763;0.08696070260503763;0.08696070260503763;0.08696070260503763;0.08696070260503763;0.08696070260503763;0.08696070260503763;0.08696070260503763;0.08696070260503763;0.08696070260503763;0.08696070260503763;0.08696070260503763;0.08696070260503763;0.08696070260503763;0.08696070260503763;0.08696070260503763;0.08696070260503763;0.08696070260503763;0.08696070260503763;0.08696070260503763;0.08696070260503763;0.08696070260503763;0.08696070260503763;0.08696070260503763;0.08696070260503763;0.08696070260503763;0.08696070260503763;0.08696070260503763
1;65;0.11588763389830437;0.11588763389830437;0.11588763389830437;0.11588763389830437;0.11588763389830437;0.11588763389830437;0.11588763389830437;0.11588763389830437;0.11588763389830437;0.11588763389830437;0.11588763389830437;0.11588763389830437;0.11588763389830437;0.11219862117184176;0.10850960844537916;0.10482059571891655;0.10113158299245395;0.0974425702659909;0.09375355753952874;0.0900645448130657;0.08637553208660265;0.08637553208660265;0.08637553208660265;0.08637553208660265;0.08637553208660265;0.08637553208660265;0.08637553208660265;0.08637553208660265;0.08637553208660265;0.08637553208660265;0.08637553208660265;0.08637553208660265;0.08637553208660265;0.08637553208660265;0.08637553208660265;0.08637553208660265;0.08637553208660265;0.08637553208660265;0.08637553208660265;0.08637553208660265;0.08637553208660265;0.08637553208660265;0.08637553208660265;0.08637553208660265;0.08637553208660265;0.08637553208660265;0.08637553208660265;0.08637553208660265;0.08637553208660265;0.08637553208660265;0.08637553208660265;0.08637553208660265;0.08637553208660265;0.08637553208660265;0.08637553208660265;0.08637553208660265;0.08637553208660265;0.08637553208660265;0.08637553208660265;0.08637553208660265;0.08637553208660265;0.08637553208660265;0.08637553208660265;0.08637553208660265;0.08637553208660265;0.08637553208660265;0.08637553208660265;0.08637553208660265;0.08637553208660265;0.08637553208660265;0.08637553208660265;0.08637553208660265;0.08637553208660265;0.08637553208660265;0.08637553208660265;0.08637553208660265;0.08637553208660265;0.08637553208660265;0.08637553208660265;0.08637553208660265;0.08637553208660265;0.08637553208660265;0.08637553208660265;0.08637553208660265;0.08637553208660265;0.08637553208660265;0.08637553208660265;0.08637553208660265;0.08637553208660265;0.08637553208660265;0.08637553208660265;0.08637553208660265;0.08637553208660265;0.08637553208660265;0.08637553208660265;0.08637553208660265;0.08637553208660265
1;66;0.11482729813422576;0.11482729813422576;0.11482729813422576;0.11482729813422576;0.11482729813422576;0.11482729813422576;0.11482729813422576;0.11482729813422576;0.11482729813422576;0.11482729813422576;0.11482729813422576;0.11482729813422576;0.11482729813422576;0.11113828540776316;0.10744927268130056;0.10376025995483795;0.10007124722837535;0.0963822345019123;0.09269322177545014;0.08900420904898709;0.08531519632252405;0.08531519632252405;0.08531519632252405;0.08531519632252405;0.08531519632252405;0.08531519632252405;0.08531519632252405;0.08531519632252405;0.08531519632252405;0.08531519632252405;0.08531519632252405;0.08531519632252405;0.08531519632252405;0.08531519632252405;0.08531519632252405;0.08531519632252405;0.08531519632252405;0.08531519632252405;0.08531519632252405;0.08531519632252405;0.08531519632252405;0.08531519632252405;0.08531519632252405;0.08531519632252405;0.08531519632252405;0.08531519632252405;0.08531519632252405;0.08531519632252405;0.08531519632252405;0.08531519632252405;0.08531519632252405;0.08531519632252405;0.08531519632252405;0.08531519632252405;0.08531519632252405;0.08531519632252405;0.08531519632252405;0.08531519632252405;0.08531519632252405;0.08531519632252405;0.08531519632252405;0.08531519632252405;0.08531519632252405;0.08531519632252405;0.08531519632252405;0.08531519632252405;0.08531519632252405;0.08531519632252405;0.08531519632252405;0.08531519632252405;0.08531519632252405;0.08531519632252405;0.08531519632252405;0.08531519632252405;0.08531519632252405;0.08531519632252405;0.08531519632252405;0.08531519632252405;0.08531519632252405;0.08531519632252405;0.08531519632252405;0.08531519632252405;0.08531519632252405;0.08531519632252405;0.08531519632252405;0.08531519632252405;0.08531519632252405;0.08531519632252405;0.08531519632252405;0.08531519632252405;0.08531519632252405;0.08531519632252405;0.08531519632252405;0.08531519632252405;0.08531519632252405;0.08531519632252405;0.08531519632252405
1;67;0.11316399532371069;0.11316399532371069;0.11316399532371069;0.11316399532371069;0.11316399532371069;0.11316399532371069;0.11316399532371069;0.11316399532371069;0.11316399532371069;0.11316399532371069;0.11316399532371069;0.11316399532371069;0.11316399532371069;0.10947498259724808;0.10578596987078548;0.10209695714432288;0.09840794441786027;0.09471893169139722;0.09102991896493506;0.08734090623847202;0.08365189351200897;0.08365189351200897;0.08365189351200897;0.08365189351200897;0.08365189351200897;0.08365189351200897;0.08365189351200897;0.08365189351200897;0.08365189351200897;0.08365189351200897;0.08365189351200897;0.08365189351200897;0.08365189351200897;0.08365189351200897;0.08365189351200897;0.08365189351200897;0.08365189351200897;0.08365189351200897;0.08365189351200897;0.08365189351200897;0.08365189351200897;0.08365189351200897;0.08365189351200897;0.08365189351200897;0.08365189351200897;0.08365189351200897;0.08365189351200897;0.08365189351200897;0.08365189351200897;0.08365189351200897;0.08365189351200897;0.08365189351200897;0.08365189351200897;0.08365189351200897;0.08365189351200897;0.08365189351200897;0.08365189351200897;0.08365189351200897;0.08365189351200897;0.08365189351200897;0.08365189351200897;0.08365189351200897;0.08365189351200897;0.08365189351200897;0.08365189351200897;0.08365189351200897;0.08365189351200897;0.08365189351200897;0.08365189351200897;0.08365189351200897;0.08365189351200897;0.08365189351200897;0.08365189351200897;0.08365189351200897;0.08365189351200897;0.08365189351200897;0.08365189351200897;0.08365189351200897;0.08365189351200897;0.08365189351200897;0.08365189351200897;0.08365189351200897;0.08365189351200897;0.08365189351200897;0.08365189351200897;0.08365189351200897;0.08365189351200897;0.08365189351200897;0.08365189351200897;0.08365189351200897;0.08365189351200897;0.08365189351200897;0.08365189351200897;0.08365189351200897;0.08365189351200897;0.08365189351200897;0.08365189351200897
1;68;0.11076170690068654;0.11076170690068654;0.11076170690068654;0.11076170690068654;0.11076170690068654;0.11076170690068654;0.11076170690068654;0.11076170690068654;0.11076170690068654;0.11076170690068654;0.11076170690068654;0.11076170690068654;0.11076170690068654;0.10707269417422394;0.10338368144776133;0.09969466872129873;0.09600565599483613;0.09231664326837308;0.08862763054191092;0.08493861781544787;0.08124960508898482;0.08124960508898482;0.08124960508898482;0.08124960508898482;0.08124960508898482;0.08124960508898482;0.08124960508898482;0.08124960508898482;0.08124960508898482;0.08124960508898482;0.08124960508898482;0.08124960508898482;0.08124960508898482;0.08124960508898482;0.08124960508898482;0.08124960508898482;0.08124960508898482;0.08124960508898482;0.08124960508898482;0.08124960508898482;0.08124960508898482;0.08124960508898482;0.08124960508898482;0.08124960508898482;0.08124960508898482;0.08124960508898482;0.08124960508898482;0.08124960508898482;0.08124960508898482;0.08124960508898482;0.08124960508898482;0.08124960508898482;0.08124960508898482;0.08124960508898482;0.08124960508898482;0.08124960508898482;0.08124960508898482;0.08124960508898482;0.08124960508898482;0.08124960508898482;0.08124960508898482;0.08124960508898482;0.08124960508898482;0.08124960508898482;0.08124960508898482;0.08124960508898482;0.08124960508898482;0.08124960508898482;0.08124960508898482;0.08124960508898482;0.08124960508898482;0.08124960508898482;0.08124960508898482;0.08124960508898482;0.08124960508898482;0.08124960508898482;0.08124960508898482;0.08124960508898482;0.08124960508898482;0.08124960508898482;0.08124960508898482;0.08124960508898482;0.08124960508898482;0.08124960508898482;0.08124960508898482;0.08124960508898482;0.08124960508898482;0.08124960508898482;0.08124960508898482;0.08124960508898482;0.08124960508898482;0.08124960508898482;0.08124960508898482;0.08124960508898482;0.08124960508898482;0.08124960508898482;0.08124960508898482
1;69;0.10748574543716138;0.10748574543716138;0.10748574543716138;0.10748574543716138;0.10748574543716138;0.10748574543716138;0.10748574543716138;0.10748574543716138;0.10748574543716138;0.10748574543716138;0.10748574543716138;0.10748574543716138;0.10748574543716138;0.10379673271069878;0.10010771998423618;0.09641870725777357;0.09272969453131097;0.08904068180484792;0.08535166907838576;0.08166265635192271;0.07797364362545967;0.07797364362545967;0.07797364362545967;0.07797364362545967;0.07797364362545967;0.07797364362545967;0.07797364362545967;0.07797364362545967;0.07797364362545967;0.07797364362545967;0.07797364362545967;0.07797364362545967;0.07797364362545967;0.07797364362545967;0.07797364362545967;0.07797364362545967;0.07797364362545967;0.07797364362545967;0.07797364362545967;0.07797364362545967;0.07797364362545967;0.07797364362545967;0.07797364362545967;0.07797364362545967;0.07797364362545967;0.07797364362545967;0.07797364362545967;0.07797364362545967;0.07797364362545967;0.07797364362545967;0.07797364362545967;0.07797364362545967;0.07797364362545967;0.07797364362545967;0.07797364362545967;0.07797364362545967;0.07797364362545967;0.07797364362545967;0.07797364362545967;0.07797364362545967;0.07797364362545967;0.07797364362545967;0.07797364362545967;0.07797364362545967;0.07797364362545967;0.07797364362545967;0.07797364362545967;0.07797364362545967;0.07797364362545967;0.07797364362545967;0.07797364362545967;0.07797364362545967;0.07797364362545967;0.07797364362545967;0.07797364362545967;0.07797364362545967;0.07797364362545967;0.07797364362545967;0.07797364362545967;0.07797364362545967;0.07797364362545967;0.07797364362545967;0.07797364362545967;0.07797364362545967;0.07797364362545967;0.07797364362545967;0.07797364362545967;0.07797364362545967;0.07797364362545967;0.07797364362545967;0.07797364362545967;0.07797364362545967;0.07797364362545967;0.07797364362545967;0.07797364362545967;0.07797364362545967;0.07797364362545967
1;70;0.10338871879288725;0.10338871879288725;0.10338871879288725;0.10338871879288725;0.10338871879288725;0.10338871879288725;0.10338871879288725;0.10338871879288725;0.10338871879288725;0.10338871879288725;0.10338871879288725;0.10338871879288725;0.10338871879288725;0.0996997060664242;0.09601069333996115;0.09232168061349899;0.08863266788703683;0.08494365516057378;0.08125464243411074;0.07756562970764769;0.07387661698118464;0.07387661698118464;0.07387661698118464;0.07387661698118464;0.07387661698118464;0.07387661698118464;0.07387661698118464;0.07387661698118464;0.07387661698118464;0.07387661698118464;0.07387661698118464;0.07387661698118464;0.07387661698118464;0.07387661698118464;0.07387661698118464;0.07387661698118464;0.07387661698118464;0.07387661698118464;0.07387661698118464;0.07387661698118464;0.07387661698118464;0.07387661698118464;0.07387661698118464;0.07387661698118464;0.07387661698118464;0.07387661698118464;0.07387661698118464;0.07387661698118464;0.07387661698118464;0.07387661698118464;0.07387661698118464;0.07387661698118464;0.07387661698118464;0.07387661698118464;0.07387661698118464;0.07387661698118464;0.07387661698118464;0.07387661698118464;0.07387661698118464;0.07387661698118464;0.07387661698118464;0.07387661698118464;0.07387661698118464;0.07387661698118464;0.07387661698118464;0.07387661698118464;0.07387661698118464;0.07387661698118464;0.07387661698118464;0.07387661698118464;0.07387661698118464;0.07387661698118464;0.07387661698118464;0.07387661698118464;0.07387661698118464;0.07387661698118464;0.07387661698118464;0.07387661698118464;0.07387661698118464;0.07387661698118464;0.07387661698118464;0.07387661698118464;0.07387661698118464;0.07387661698118464;0.07387661698118464;0.07387661698118464;0.07387661698118464;0.07387661698118464;0.07387661698118464;0.07387661698118464;0.07387661698118464;0.07387661698118464;0.07387661698118464;0.07387661698118464;0.07387661698118464;0.07387661698118464;0.07387661698118464
1;71;0.09890202680764748;0.09890202680764748;0.09890202680764748;0.09890202680764748;0.09890202680764748;0.09890202680764748;0.09890202680764748;0.09890202680764748;0.09890202680764748;0.09890202680764748;0.09890202680764748;0.09890202680764748;0.09890202680764748;0.09521301408118488;0.09152400135472227;0.08783498862825967;0.08414597590179707;0.08045696317533402;0.07676795044887186;0.07307893772240881;0.06938992499594576;0.06938992499594576;0.06938992499594576;0.06938992499594576;0.06938992499594576;0.06938992499594576;0.06938992499594576;0.06938992499594576;0.06938992499594576;0.06938992499594576;0.06938992499594576;0.06938992499594576;0.06938992499594576;0.06938992499594576;0.06938992499594576;0.06938992499594576;0.06938992499594576;0.06938992499594576;0.06938992499594576;0.06938992499594576;0.06938992499594576;0.06938992499594576;0.06938992499594576;0.06938992499594576;0.06938992499594576;0.06938992499594576;0.06938992499594576;0.06938992499594576;0.06938992499594576;0.06938992499594576;0.06938992499594576;0.06938992499594576;0.06938992499594576;0.06938992499594576;0.06938992499594576;0.06938992499594576;0.06938992499594576;0.06938992499594576;0.06938992499594576;0.06938992499594576;0.06938992499594576;0.06938992499594576;0.06938992499594576;0.06938992499594576;0.06938992499594576;0.06938992499594576;0.06938992499594576;0.06938992499594576;0.06938992499594576;0.06938992499594576;0.06938992499594576;0.06938992499594576;0.06938992499594576;0.06938992499594576;0.06938992499594576;0.06938992499594576;0.06938992499594576;0.06938992499594576;0.06938992499594576;0.06938992499594576;0.06938992499594576;0.06938992499594576;0.06938992499594576;0.06938992499594576;0.06938992499594576;0.06938992499594576;0.06938992499594576;0.06938992499594576;0.06938992499594576;0.06938992499594576;0.06938992499594576;0.06938992499594576;0.06938992499594576;0.06938992499594576;0.06938992499594576;0.06938992499594576;0.06938992499594576
1;72;0.09450276479565378;0.09450276479565378;0.09450276479565378;0.09450276479565378;0.09450276479565378;0.09450276479565378;0.09450276479565378;0.09450276479565378;0.09450276479565378;0.09450276479565378;0.09450276479565378;0.09450276479565378;0.09450276479565378;0.09081375206919118;0.08712473934272857;0.08343572661626597;0.07974671388980337;0.07605770116334032;0.07236868843687816;0.06867967571041511;0.06499066298395206;0.06499066298395206;0.06499066298395206;0.06499066298395206;0.06499066298395206;0.06499066298395206;0.06499066298395206;0.06499066298395206;0.06499066298395206;0.06499066298395206;0.06499066298395206;0.06499066298395206;0.06499066298395206;0.06499066298395206;0.06499066298395206;0.06499066298395206;0.06499066298395206;0.06499066298395206;0.06499066298395206;0.06499066298395206;0.06499066298395206;0.06499066298395206;0.06499066298395206;0.06499066298395206;0.06499066298395206;0.06499066298395206;0.06499066298395206;0.06499066298395206;0.06499066298395206;0.06499066298395206;0.06499066298395206;0.06499066298395206;0.06499066298395206;0.06499066298395206;0.06499066298395206;0.06499066298395206;0.06499066298395206;0.06499066298395206;0.06499066298395206;0.06499066298395206;0.06499066298395206;0.06499066298395206;0.06499066298395206;0.06499066298395206;0.06499066298395206;0.06499066298395206;0.06499066298395206;0.06499066298395206;0.06499066298395206;0.06499066298395206;0.06499066298395206;0.06499066298395206;0.06499066298395206;0.06499066298395206;0.06499066298395206;0.06499066298395206;0.06499066298395206;0.06499066298395206;0.06499066298395206;0.06499066298395206;0.06499066298395206;0.06499066298395206;0.06499066298395206;0.06499066298395206;0.06499066298395206;0.06499066298395206;0.06499066298395206;0.06499066298395206;0.06499066298395206;0.06499066298395206;0.06499066298395206;0.06499066298395206;0.06499066298395206;0.06499066298395206;0.06499066298395206;0.06499066298395206;0.06499066298395206
1;73;0.09066708722526506;0.09066708722526506;0.09066708722526506;0.09066708722526506;0.09066708722526506;0.09066708722526506;0.09066708722526506;0.09066708722526506;0.09066708722526506;0.09066708722526506;0.09066708722526506;0.09066708722526506;0.09066708722526506;0.08697807449880246;0.08328906177233986;0.07960004904587725;0.07591103631941465;0.0722220235929516;0.06853301086648944;0.0648439981400264;0.061154985413563345;0.061154985413563345;0.061154985413563345;0.061154985413563345;0.061154985413563345;0.061154985413563345;0.061154985413563345;0.061154985413563345;0.061154985413563345;0.061154985413563345;0.061154985413563345;0.061154985413563345;0.061154985413563345;0.061154985413563345;0.061154985413563345;0.061154985413563345;0.061154985413563345;0.061154985413563345;0.061154985413563345;0.061154985413563345;0.061154985413563345;0.061154985413563345;0.061154985413563345;0.061154985413563345;0.061154985413563345;0.061154985413563345;0.061154985413563345;0.061154985413563345;0.061154985413563345;0.061154985413563345;0.061154985413563345;0.061154985413563345;0.061154985413563345;0.061154985413563345;0.061154985413563345;0.061154985413563345;0.061154985413563345;0.061154985413563345;0.061154985413563345;0.061154985413563345;0.061154985413563345;0.061154985413563345;0.061154985413563345;0.061154985413563345;0.061154985413563345;0.061154985413563345;0.061154985413563345;0.061154985413563345;0.061154985413563345;0.061154985413563345;0.061154985413563345;0.061154985413563345;0.061154985413563345;0.061154985413563345;0.061154985413563345;0.061154985413563345;0.061154985413563345;0.061154985413563345;0.061154985413563345;0.061154985413563345;0.061154985413563345;0.061154985413563345;0.061154985413563345;0.061154985413563345;0.061154985413563345;0.061154985413563345;0.061154985413563345;0.061154985413563345;0.061154985413563345;0.061154985413563345;0.061154985413563345;0.061154985413563345;0.061154985413563345;0.061154985413563345;0.061154985413563345;0.061154985413563345;0.061154985413563345
1;74;0.08759614280829808;0.08759614280829808;0.08759614280829808;0.08759614280829808;0.08759614280829808;0.08759614280829808;0.08759614280829808;0.08759614280829808;0.08759614280829808;0.08759614280829808;0.08759614280829808;0.08759614280829808;0.08759614280829808;0.08390713008183548;0.08021811735537288;0.07652910462891027;0.07284009190244767;0.06915107917598462;0.06546206644952246;0.06177305372305941;0.058084040996596364;0.058084040996596364;0.058084040996596364;0.058084040996596364;0.058084040996596364;0.058084040996596364;0.058084040996596364;0.058084040996596364;0.058084040996596364;0.058084040996596364;0.058084040996596364;0.058084040996596364;0.058084040996596364;0.058084040996596364;0.058084040996596364;0.058084040996596364;0.058084040996596364;0.058084040996596364;0.058084040996596364;0.058084040996596364;0.058084040996596364;0.058084040996596364;0.058084040996596364;0.058084040996596364;0.058084040996596364;0.058084040996596364;0.058084040996596364;0.058084040996596364;0.058084040996596364;0.058084040996596364;0.058084040996596364;0.058084040996596364;0.058084040996596364;0.058084040996596364;0.058084040996596364;0.058084040996596364;0.058084040996596364;0.058084040996596364;0.058084040996596364;0.058084040996596364;0.058084040996596364;0.058084040996596364;0.058084040996596364;0.058084040996596364;0.058084040996596364;0.058084040996596364;0.058084040996596364;0.058084040996596364;0.058084040996596364;0.058084040996596364;0.058084040996596364;0.058084040996596364;0.058084040996596364;0.058084040996596364;0.058084040996596364;0.058084040996596364;0.058084040996596364;0.058084040996596364;0.058084040996596364;0.058084040996596364;0.058084040996596364;0.058084040996596364;0.058084040996596364;0.058084040996596364;0.058084040996596364;0.058084040996596364;0.058084040996596364;0.058084040996596364;0.058084040996596364;0.058084040996596364;0.058084040996596364;0.058084040996596364;0.058084040996596364;0.058084040996596364;0.058084040996596364;0.058084040996596364;0.058084040996596364
1;75;0.08483545008558657;0.08483545008558657;0.08483545008558657;0.08483545008558657;0.08483545008558657;0.08483545008558657;0.08483545008558657;0.08483545008558657;0.08483545008558657;0.08483545008558657;0.08483545008558657;0.08483545008558657;0.08483545008558657;0.08114643735912397;0.07745742463266136;0.07376841190619876;0.07007939917973616;0.06639038645327311;0.06270137372681095;0.0590123610003479;0.055323348273884854;0.055323348273884854;0.055323348273884854;0.055323348273884854;0.055323348273884854;0.055323348273884854;0.055323348273884854;0.055323348273884854;0.055323348273884854;0.055323348273884854;0.055323348273884854;0.055323348273884854;0.055323348273884854;0.055323348273884854;0.055323348273884854;0.055323348273884854;0.055323348273884854;0.055323348273884854;0.055323348273884854;0.055323348273884854;0.055323348273884854;0.055323348273884854;0.055323348273884854;0.055323348273884854;0.055323348273884854;0.055323348273884854;0.055323348273884854;0.055323348273884854;0.055323348273884854;0.055323348273884854;0.055323348273884854;0.055323348273884854;0.055323348273884854;0.055323348273884854;0.055323348273884854;0.055323348273884854;0.055323348273884854;0.055323348273884854;0.055323348273884854;0.055323348273884854;0.055323348273884854;0.055323348273884854;0.055323348273884854;0.055323348273884854;0.055323348273884854;0.055323348273884854;0.055323348273884854;0.055323348273884854;0.055323348273884854;0.055323348273884854;0.055323348273884854;0.055323348273884854;0.055323348273884854;0.055323348273884854;0.055323348273884854;0.055323348273884854;0.055323348273884854;0.055323348273884854;0.055323348273884854;0.055323348273884854;0.055323348273884854;0.055323348273884854;0.055323348273884854;0.055323348273884854;0.055323348273884854;0.055323348273884854;0.055323348273884854;0.055323348273884854;0.055323348273884854;0.055323348273884854;0.055323348273884854;0.055323348273884854;0.055323348273884854;0.055323348273884854;0.055323348273884854;0.055323348273884854;0.055323348273884854
1;76;0.08183490978296692;0.08183490978296692;0.08183490978296692;0.08183490978296692;0.08183490978296692;0.08183490978296692;0.08183490978296692;0.08183490978296692;0.08183490978296692;0.08183490978296692;0.08183490978296692;0.08183490978296692;0.08183490978296692;0.07814589705650432;0.07445688433004172;0.07076787160357911;0.06707885887711651;0.06338984615065346;0.0597008334241913;0.056011820697728254;0.052322807971265206;0.052322807971265206;0.052322807971265206;0.052322807971265206;0.052322807971265206;0.052322807971265206;0.052322807971265206;0.052322807971265206;0.052322807971265206;0.052322807971265206;0.052322807971265206;0.052322807971265206;0.052322807971265206;0.052322807971265206;0.052322807971265206;0.052322807971265206;0.052322807971265206;0.052322807971265206;0.052322807971265206;0.052322807971265206;0.052322807971265206;0.052322807971265206;0.052322807971265206;0.052322807971265206;0.052322807971265206;0.052322807971265206;0.052322807971265206;0.052322807971265206;0.052322807971265206;0.052322807971265206;0.052322807971265206;0.052322807971265206;0.052322807971265206;0.052322807971265206;0.052322807971265206;0.052322807971265206;0.052322807971265206;0.052322807971265206;0.052322807971265206;0.052322807971265206;0.052322807971265206;0.052322807971265206;0.052322807971265206;0.052322807971265206;0.052322807971265206;0.052322807971265206;0.052322807971265206;0.052322807971265206;0.052322807971265206;0.052322807971265206;0.052322807971265206;0.052322807971265206;0.052322807971265206;0.052322807971265206;0.052322807971265206;0.052322807971265206;0.052322807971265206;0.052322807971265206;0.052322807971265206;0.052322807971265206;0.052322807971265206;0.052322807971265206;0.052322807971265206;0.052322807971265206;0.052322807971265206;0.052322807971265206;0.052322807971265206;0.052322807971265206;0.052322807971265206;0.052322807971265206;0.052322807971265206;0.052322807971265206;0.052322807971265206;0.052322807971265206;0.052322807971265206;0.052322807971265206;0.052322807971265206
1;77;0.0780447436983529;0.0780447436983529;0.0780447436983529;0.0780447436983529;0.0780447436983529;0.0780447436983529;0.0780447436983529;0.0780447436983529;0.0780447436983529;0.0780447436983529;0.0780447436983529;0.0780447436983529;0.0780447436983529;0.0743557309718903;0.0706667182454277;0.06697770551896509;0.06328869279250249;0.05959968006603944;0.05591066733957728;0.05222165461311423;0.048532641886651184;0.048532641886651184;0.048532641886651184;0.048532641886651184;0.048532641886651184;0.048532641886651184;0.048532641886651184;0.048532641886651184;0.048532641886651184;0.048532641886651184;0.048532641886651184;0.048532641886651184;0.048532641886651184;0.048532641886651184;0.048532641886651184;0.048532641886651184;0.048532641886651184;0.048532641886651184;0.048532641886651184;0.048532641886651184;0.048532641886651184;0.048532641886651184;0.048532641886651184;0.048532641886651184;0.048532641886651184;0.048532641886651184;0.048532641886651184;0.048532641886651184;0.048532641886651184;0.048532641886651184;0.048532641886651184;0.048532641886651184;0.048532641886651184;0.048532641886651184;0.048532641886651184;0.048532641886651184;0.048532641886651184;0.048532641886651184;0.048532641886651184;0.048532641886651184;0.048532641886651184;0.048532641886651184;0.048532641886651184;0.048532641886651184;0.048532641886651184;0.048532641886651184;0.048532641886651184;0.048532641886651184;0.048532641886651184;0.048532641886651184;0.048532641886651184;0.048532641886651184;0.048532641886651184;0.048532641886651184;0.048532641886651184;0.048532641886651184;0.048532641886651184;0.048532641886651184;0.048532641886651184;0.048532641886651184;0.048532641886651184;0.048532641886651184;0.048532641886651184;0.048532641886651184;0.048532641886651184;0.048532641886651184;0.048532641886651184;0.048532641886651184;0.048532641886651184;0.048532641886651184;0.048532641886651184;0.048532641886651184;0.048532641886651184;0.048532641886651184;0.048532641886651184;0.048532641886651184;0.048532641886651184
1;78;0.0731891685139816;0.0731891685139816;0.0731891685139816;0.0731891685139816;0.0731891685139816;0.0731891685139816;0.0731891685139816;0.0731891685139816;0.0731891685139816;0.0731891685139816;0.0731891685139816;0.0731891685139816;0.0731891685139816;0.069500155787519;0.0658111430610564;0.062122130334593795;0.05843311760813119;0.05474410488166814;0.05105509215520598;0.047366079428742935;0.04367706670227989;0.04367706670227989;0.04367706670227989;0.04367706670227989;0.04367706670227989;0.04367706670227989;0.04367706670227989;0.04367706670227989;0.04367706670227989;0.04367706670227989;0.04367706670227989;0.04367706670227989;0.04367706670227989;0.04367706670227989;0.04367706670227989;0.04367706670227989;0.04367706670227989;0.04367706670227989;0.04367706670227989;0.04367706670227989;0.04367706670227989;0.04367706670227989;0.04367706670227989;0.04367706670227989;0.04367706670227989;0.04367706670227989;0.04367706670227989;0.04367706670227989;0.04367706670227989;0.04367706670227989;0.04367706670227989;0.04367706670227989;0.04367706670227989;0.04367706670227989;0.04367706670227989;0.04367706670227989;0.04367706670227989;0.04367706670227989;0.04367706670227989;0.04367706670227989;0.04367706670227989;0.04367706670227989;0.04367706670227989;0.04367706670227989;0.04367706670227989;0.04367706670227989;0.04367706670227989;0.04367706670227989;0.04367706670227989;0.04367706670227989;0.04367706670227989;0.04367706670227989;0.04367706670227989;0.04367706670227989;0.04367706670227989;0.04367706670227989;0.04367706670227989;0.04367706670227989;0.04367706670227989;0.04367706670227989;0.04367706670227989;0.04367706670227989;0.04367706670227989;0.04367706670227989;0.04367706670227989;0.04367706670227989;0.04367706670227989;0.04367706670227989;0.04367706670227989;0.04367706670227989;0.04367706670227989;0.04367706670227989;0.04367706670227989;0.04367706670227989;0.04367706670227989;0.04367706670227989;0.04367706670227989
1;79;0.06776570301126839;0.06776570301126839;0.06776570301126839;0.06776570301126839;0.06776570301126839;0.06776570301126839;0.06776570301126839;0.06776570301126839;0.06776570301126839;0.06776570301126839;0.06776570301126839;0.06776570301126839;0.06776570301126839;0.06407669028480578;0.06038767755834318;0.056698664831880574;0.05300965210541797;0.04932063937895492;0.04563162665249276;0.041942613926029715;0.03825360119956667;0.03825360119956667;0.03825360119956667;0.03825360119956667;0.03825360119956667;0.03825360119956667;0.03825360119956667;0.03825360119956667;0.03825360119956667;0.03825360119956667;0.03825360119956667;0.03825360119956667;0.03825360119956667;0.03825360119956667;0.03825360119956667;0.03825360119956667;0.03825360119956667;0.03825360119956667;0.03825360119956667;0.03825360119956667;0.03825360119956667;0.03825360119956667;0.03825360119956667;0.03825360119956667;0.03825360119956667;0.03825360119956667;0.03825360119956667;0.03825360119956667;0.03825360119956667;0.03825360119956667;0.03825360119956667;0.03825360119956667;0.03825360119956667;0.03825360119956667;0.03825360119956667;0.03825360119956667;0.03825360119956667;0.03825360119956667;0.03825360119956667;0.03825360119956667;0.03825360119956667;0.03825360119956667;0.03825360119956667;0.03825360119956667;0.03825360119956667;0.03825360119956667;0.03825360119956667;0.03825360119956667;0.03825360119956667;0.03825360119956667;0.03825360119956667;0.03825360119956667;0.03825360119956667;0.03825360119956667;0.03825360119956667;0.03825360119956667;0.03825360119956667;0.03825360119956667;0.03825360119956667;0.03825360119956667;0.03825360119956667;0.03825360119956667;0.03825360119956667;0.03825360119956667;0.03825360119956667;0.03825360119956667;0.03825360119956667;0.03825360119956667;0.03825360119956667;0.03825360119956667;0.03825360119956667;0.03825360119956667;0.03825360119956667;0.03825360119956667;0.03825360119956667;0.03825360119956667;0.03825360119956667
1;80;0.062407318254419586;0.062407318254419586;0.062407318254419586;0.062407318254419586;0.062407318254419586;0.062407318254419586;0.062407318254419586;0.062407318254419586;0.062407318254419586;0.062407318254419586;0.062407318254419586;0.062407318254419586;0.062407318254419586;0.05871830552795698;0.05502929280149438;0.051340280075031774;0.04765126734856917;0.04396225462210612;0.04027324189564396;0.036584229169180915;0.03289521644271787;0.03289521644271787;0.03289521644271787;0.03289521644271787;0.03289521644271787;0.03289521644271787;0.03289521644271787;0.03289521644271787;0.03289521644271787;0.03289521644271787;0.03289521644271787;0.03289521644271787;0.03289521644271787;0.03289521644271787;0.03289521644271787;0.03289521644271787;0.03289521644271787;0.03289521644271787;0.03289521644271787;0.03289521644271787;0.03289521644271787;0.03289521644271787;0.03289521644271787;0.03289521644271787;0.03289521644271787;0.03289521644271787;0.03289521644271787;0.03289521644271787;0.03289521644271787;0.03289521644271787;0.03289521644271787;0.03289521644271787;0.03289521644271787;0.03289521644271787;0.03289521644271787;0.03289521644271787;0.03289521644271787;0.03289521644271787;0.03289521644271787;0.03289521644271787;0.03289521644271787;0.03289521644271787;0.03289521644271787;0.03289521644271787;0.03289521644271787;0.03289521644271787;0.03289521644271787;0.03289521644271787;0.03289521644271787;0.03289521644271787;0.03289521644271787;0.03289521644271787;0.03289521644271787;0.03289521644271787;0.03289521644271787;0.03289521644271787;0.03289521644271787;0.03289521644271787;0.03289521644271787;0.03289521644271787;0.03289521644271787;0.03289521644271787;0.03289521644271787;0.03289521644271787;0.03289521644271787;0.03289521644271787;0.03289521644271787;0.03289521644271787;0.03289521644271787;0.03289521644271787;0.03289521644271787;0.03289521644271787;0.03289521644271787;0.03289521644271787;0.03289521644271787;0.03289521644271787;0.03289521644271787
1;81;0.057746957869572846;0.057746957869572846;0.057746957869572846;0.057746957869572846;0.057746957869572846;0.057746957869572846;0.057746957869572846;0.057746957869572846;0.057746957869572846;0.057746957869572846;0.057746957869572846;0.057746957869572846;0.057746957869572846;0.05405794514311024;0.05036893241664764;0.046679919690185034;0.04299090696372243;0.03930189423725938;0.03561288151079722;0.031923868784334175;0.028234856057871127;0.028234856057871127;0.028234856057871127;0.028234856057871127;0.028234856057871127;0.028234856057871127;0.028234856057871127;0.028234856057871127;0.028234856057871127;0.028234856057871127;0.028234856057871127;0.028234856057871127;0.028234856057871127;0.028234856057871127;0.028234856057871127;0.028234856057871127;0.028234856057871127;0.028234856057871127;0.028234856057871127;0.028234856057871127;0.028234856057871127;0.028234856057871127;0.028234856057871127;0.028234856057871127;0.028234856057871127;0.028234856057871127;0.028234856057871127;0.028234856057871127;0.028234856057871127;0.028234856057871127;0.028234856057871127;0.028234856057871127;0.028234856057871127;0.028234856057871127;0.028234856057871127;0.028234856057871127;0.028234856057871127;0.028234856057871127;0.028234856057871127;0.028234856057871127;0.028234856057871127;0.028234856057871127;0.028234856057871127;0.028234856057871127;0.028234856057871127;0.028234856057871127;0.028234856057871127;0.028234856057871127;0.028234856057871127;0.028234856057871127;0.028234856057871127;0.028234856057871127;0.028234856057871127;0.028234856057871127;0.028234856057871127;0.028234856057871127;0.028234856057871127;0.028234856057871127;0.028234856057871127;0.028234856057871127;0.028234856057871127;0.028234856057871127;0.028234856057871127;0.028234856057871127;0.028234856057871127;0.028234856057871127;0.028234856057871127;0.028234856057871127;0.028234856057871127;0.028234856057871127;0.028234856057871127;0.028234856057871127;0.028234856057871127;0.028234856057871127;0.028234856057871127;0.028234856057871127;0.028234856057871127
1;82;0.05425765641378533;0.05425765641378533;0.05425765641378533;0.05425765641378533;0.05425765641378533;0.05425765641378533;0.05425765641378533;0.05425765641378533;0.05425765641378533;0.05425765641378533;0.05425765641378533;0.05425765641378533;0.05425765641378533;0.05056864368732272;0.04687963096086012;0.043190618234397515;0.03950160550793491;0.035812592781471864;0.032123580055009704;0.028434567328546656;0.024745554602083608;0.024745554602083608;0.024745554602083608;0.024745554602083608;0.024745554602083608;0.024745554602083608;0.024745554602083608;0.024745554602083608;0.024745554602083608;0.024745554602083608;0.024745554602083608;0.024745554602083608;0.024745554602083608;0.024745554602083608;0.024745554602083608;0.024745554602083608;0.024745554602083608;0.024745554602083608;0.024745554602083608;0.024745554602083608;0.024745554602083608;0.024745554602083608;0.024745554602083608;0.024745554602083608;0.024745554602083608;0.024745554602083608;0.024745554602083608;0.024745554602083608;0.024745554602083608;0.024745554602083608;0.024745554602083608;0.024745554602083608;0.024745554602083608;0.024745554602083608;0.024745554602083608;0.024745554602083608;0.024745554602083608;0.024745554602083608;0.024745554602083608;0.024745554602083608;0.024745554602083608;0.024745554602083608;0.024745554602083608;0.024745554602083608;0.024745554602083608;0.024745554602083608;0.024745554602083608;0.024745554602083608;0.024745554602083608;0.024745554602083608;0.024745554602083608;0.024745554602083608;0.024745554602083608;0.024745554602083608;0.024745554602083608;0.024745554602083608;0.024745554602083608;0.024745554602083608;0.024745554602083608;0.024745554602083608;0.024745554602083608;0.024745554602083608;0.024745554602083608;0.024745554602083608;0.024745554602083608;0.024745554602083608;0.024745554602083608;0.024745554602083608;0.024745554602083608;0.024745554602083608;0.024745554602083608;0.024745554602083608;0.024745554602083608;0.024745554602083608;0.024745554602083608;0.024745554602083608;0.024745554602083608
1;83;0.05187595187110006;0.05187595187110006;0.05187595187110006;0.05187595187110006;0.05187595187110006;0.05187595187110006;0.05187595187110006;0.05187595187110006;0.05187595187110006;0.05187595187110006;0.05187595187110006;0.05187595187110006;0.05187595187110006;0.04818693914463745;0.04449792641817485;0.040808913691712245;0.03711990096524964;0.033430888238786594;0.029741875512324434;0.026052862785861386;0.022363850059398338;0.022363850059398338;0.022363850059398338;0.022363850059398338;0.022363850059398338;0.022363850059398338;0.022363850059398338;0.022363850059398338;0.022363850059398338;0.022363850059398338;0.022363850059398338;0.022363850059398338;0.022363850059398338;0.022363850059398338;0.022363850059398338;0.022363850059398338;0.022363850059398338;0.022363850059398338;0.022363850059398338;0.022363850059398338;0.022363850059398338;0.022363850059398338;0.022363850059398338;0.022363850059398338;0.022363850059398338;0.022363850059398338;0.022363850059398338;0.022363850059398338;0.022363850059398338;0.022363850059398338;0.022363850059398338;0.022363850059398338;0.022363850059398338;0.022363850059398338;0.022363850059398338;0.022363850059398338;0.022363850059398338;0.022363850059398338;0.022363850059398338;0.022363850059398338;0.022363850059398338;0.022363850059398338;0.022363850059398338;0.022363850059398338;0.022363850059398338;0.022363850059398338;0.022363850059398338;0.022363850059398338;0.022363850059398338;0.022363850059398338;0.022363850059398338;0.022363850059398338;0.022363850059398338;0.022363850059398338;0.022363850059398338;0.022363850059398338;0.022363850059398338;0.022363850059398338;0.022363850059398338;0.022363850059398338;0.022363850059398338;0.022363850059398338;0.022363850059398338;0.022363850059398338;0.022363850059398338;0.022363850059398338;0.022363850059398338;0.022363850059398338;0.022363850059398338;0.022363850059398338;0.022363850059398338;0.022363850059398338;0.022363850059398338;0.022363850059398338;0.022363850059398338;0.022363850059398338;0.022363850059398338
1;84;0.050425995892863895;0.050425995892863895;0.050425995892863895;0.050425995892863895;0.050425995892863895;0.050425995892863895;0.050425995892863895;0.050425995892863895;0.050425995892863895;0.050425995892863895;0.050425995892863895;0.050425995892863895;0.050425995892863895;0.04673698316640129;0.04304797043993869;0.039358957713476084;0.03566994498701348;0.03198093226055043;0.028291919534088272;0.024602906807625224;0.020913894081162177;0.020913894081162177;0.020913894081162177;0.020913894081162177;0.020913894081162177;0.020913894081162177;0.020913894081162177;0.020913894081162177;0.020913894081162177;0.020913894081162177;0.020913894081162177;0.020913894081162177;0.020913894081162177;0.020913894081162177;0.020913894081162177;0.020913894081162177;0.020913894081162177;0.020913894081162177;0.020913894081162177;0.020913894081162177;0.020913894081162177;0.020913894081162177;0.020913894081162177;0.020913894081162177;0.020913894081162177;0.020913894081162177;0.020913894081162177;0.020913894081162177;0.020913894081162177;0.020913894081162177;0.020913894081162177;0.020913894081162177;0.020913894081162177;0.020913894081162177;0.020913894081162177;0.020913894081162177;0.020913894081162177;0.020913894081162177;0.020913894081162177;0.020913894081162177;0.020913894081162177;0.020913894081162177;0.020913894081162177;0.020913894081162177;0.020913894081162177;0.020913894081162177;0.020913894081162177;0.020913894081162177;0.020913894081162177;0.020913894081162177;0.020913894081162177;0.020913894081162177;0.020913894081162177;0.020913894081162177;0.020913894081162177;0.020913894081162177;0.020913894081162177;0.020913894081162177;0.020913894081162177;0.020913894081162177;0.020913894081162177;0.020913894081162177;0.020913894081162177;0.020913894081162177;0.020913894081162177;0.020913894081162177;0.020913894081162177;0.020913894081162177;0.020913894081162177;0.020913894081162177;0.020913894081162177;0.020913894081162177;0.020913894081162177;0.020913894081162177;0.020913894081162177;0.020913894081162177;0.020913894081162177
1;85;0.04973194013042548;0.04973194013042548;0.04973194013042548;0.04973194013042548;0.04973194013042548;0.04973194013042548;0.04973194013042548;0.04973194013042548;0.04973194013042548;0.04973194013042548;0.04973194013042548;0.04973194013042548;0.04973194013042548;0.046042927403962874;0.04235391467750027;0.03866490195103767;0.03497588922457506;0.031286876498112015;0.027597863771649855;0.023908851045186807;0.02021983831872376;0.02021983831872376;0.02021983831872376;0.02021983831872376;0.02021983831872376;0.02021983831872376;0.02021983831872376;0.02021983831872376;0.02021983831872376;0.02021983831872376;0.02021983831872376;0.02021983831872376;0.02021983831872376;0.02021983831872376;0.02021983831872376;0.02021983831872376;0.02021983831872376;0.02021983831872376;0.02021983831872376;0.02021983831872376;0.02021983831872376;0.02021983831872376;0.02021983831872376;0.02021983831872376;0.02021983831872376;0.02021983831872376;0.02021983831872376;0.02021983831872376;0.02021983831872376;0.02021983831872376;0.02021983831872376;0.02021983831872376;0.02021983831872376;0.02021983831872376;0.02021983831872376;0.02021983831872376;0.02021983831872376;0.02021983831872376;0.02021983831872376;0.02021983831872376;0.02021983831872376;0.02021983831872376;0.02021983831872376;0.02021983831872376;0.02021983831872376;0.02021983831872376;0.02021983831872376;0.02021983831872376;0.02021983831872376;0.02021983831872376;0.02021983831872376;0.02021983831872376;0.02021983831872376;0.02021983831872376;0.02021983831872376;0.02021983831872376;0.02021983831872376;0.02021983831872376;0.02021983831872376;0.02021983831872376;0.02021983831872376;0.02021983831872376;0.02021983831872376;0.02021983831872376;0.02021983831872376;0.02021983831872376;0.02021983831872376;0.02021983831872376;0.02021983831872376;0.02021983831872376;0.02021983831872376;0.02021983831872376;0.02021983831872376;0.02021983831872376;0.02021983831872376;0.02021983831872376;0.02021983831872376
1;86;0.04935721835967044;0.04935721835967044;0.04935721835967044;0.04935721835967044;0.04935721835967044;0.04935721835967044;0.04935721835967044;0.04935721835967044;0.04935721835967044;0.04935721835967044;0.04935721835967044;0.04935721835967044;0.04935721835967044;0.04566820563320784;0.04197919290674523;0.03829018018028263;0.034601167453820025;0.030912154727356977;0.027223142000894818;0.02353412927443177;0.019845116547968722;0.019845116547968722;0.019845116547968722;0.019845116547968722;0.019845116547968722;0.019845116547968722;0.019845116547968722;0.019845116547968722;0.019845116547968722;0.019845116547968722;0.019845116547968722;0.019845116547968722;0.019845116547968722;0.019845116547968722;0.019845116547968722;0.019845116547968722;0.019845116547968722;0.019845116547968722;0.019845116547968722;0.019845116547968722;0.019845116547968722;0.019845116547968722;0.019845116547968722;0.019845116547968722;0.019845116547968722;0.019845116547968722;0.019845116547968722;0.019845116547968722;0.019845116547968722;0.019845116547968722;0.019845116547968722;0.019845116547968722;0.019845116547968722;0.019845116547968722;0.019845116547968722;0.019845116547968722;0.019845116547968722;0.019845116547968722;0.019845116547968722;0.019845116547968722;0.019845116547968722;0.019845116547968722;0.019845116547968722;0.019845116547968722;0.019845116547968722;0.019845116547968722;0.019845116547968722;0.019845116547968722;0.019845116547968722;0.019845116547968722;0.019845116547968722;0.019845116547968722;0.019845116547968722;0.019845116547968722;0.019845116547968722;0.019845116547968722;0.019845116547968722;0.019845116547968722;0.019845116547968722;0.019845116547968722;0.019845116547968722;0.019845116547968722;0.019845116547968722;0.019845116547968722;0.019845116547968722;0.019845116547968722;0.019845116547968722;0.019845116547968722;0.019845116547968722;0.019845116547968722;0.019845116547968722;0.019845116547968722;0.019845116547968722;0.019845116547968722;0.019845116547968722;0.019845116547968722;0.019845116547968722
1;87;0.048982496588914515;0.048982496588914515;0.048982496588914515;0.048982496588914515;0.048982496588914515;0.048982496588914515;0.048982496588914515;0.048982496588914515;0.048982496588914515;0.048982496588914515;0.048982496588914515;0.048982496588914515;0.048982496588914515;0.04529348386245191;0.04160447113598931;0.0379154584095267;0.0342264456830641;0.03053743295660105;0.026848420230138892;0.023159407503675844;0.019470394777212796;0.019470394777212796;0.019470394777212796;0.019470394777212796;0.019470394777212796;0.019470394777212796;0.019470394777212796;0.019470394777212796;0.019470394777212796;0.019470394777212796;0.019470394777212796;0.019470394777212796;0.019470394777212796;0.019470394777212796;0.019470394777212796;0.019470394777212796;0.019470394777212796;0.019470394777212796;0.019470394777212796;0.019470394777212796;0.019470394777212796;0.019470394777212796;0.019470394777212796;0.019470394777212796;0.019470394777212796;0.019470394777212796;0.019470394777212796;0.019470394777212796;0.019470394777212796;0.019470394777212796;0.019470394777212796;0.019470394777212796;0.019470394777212796;0.019470394777212796;0.019470394777212796;0.019470394777212796;0.019470394777212796;0.019470394777212796;0.019470394777212796;0.019470394777212796;0.019470394777212796;0.019470394777212796;0.019470394777212796;0.019470394777212796;0.019470394777212796;0.019470394777212796;0.019470394777212796;0.019470394777212796;0.019470394777212796;0.019470394777212796;0.019470394777212796;0.019470394777212796;0.019470394777212796;0.019470394777212796;0.019470394777212796;0.019470394777212796;0.019470394777212796;0.019470394777212796;0.019470394777212796;0.019470394777212796;0.019470394777212796;0.019470394777212796;0.019470394777212796;0.019470394777212796;0.019470394777212796;0.019470394777212796;0.019470394777212796;0.019470394777212796;0.019470394777212796;0.019470394777212796;0.019470394777212796;0.019470394777212796;0.019470394777212796;0.019470394777212796;0.019470394777212796;0.019470394777212796;0.019470394777212796
1;88;0.04860777481815948;0.04860777481815948;0.04860777481815948;0.04860777481815948;0.04860777481815948;0.04860777481815948;0.04860777481815948;0.04860777481815948;0.04860777481815948;0.04860777481815948;0.04860777481815948;0.04860777481815948;0.04860777481815948;0.04491876209169687;0.04122974936523427;0.037540736638771666;0.03385172391230906;0.030162711185846014;0.026473698459383854;0.022784685732920806;0.01909567300645776;0.01909567300645776;0.01909567300645776;0.01909567300645776;0.01909567300645776;0.01909567300645776;0.01909567300645776;0.01909567300645776;0.01909567300645776;0.01909567300645776;0.01909567300645776;0.01909567300645776;0.01909567300645776;0.01909567300645776;0.01909567300645776;0.01909567300645776;0.01909567300645776;0.01909567300645776;0.01909567300645776;0.01909567300645776;0.01909567300645776;0.01909567300645776;0.01909567300645776;0.01909567300645776;0.01909567300645776;0.01909567300645776;0.01909567300645776;0.01909567300645776;0.01909567300645776;0.01909567300645776;0.01909567300645776;0.01909567300645776;0.01909567300645776;0.01909567300645776;0.01909567300645776;0.01909567300645776;0.01909567300645776;0.01909567300645776;0.01909567300645776;0.01909567300645776;0.01909567300645776;0.01909567300645776;0.01909567300645776;0.01909567300645776;0.01909567300645776;0.01909567300645776;0.01909567300645776;0.01909567300645776;0.01909567300645776;0.01909567300645776;0.01909567300645776;0.01909567300645776;0.01909567300645776;0.01909567300645776;0.01909567300645776;0.01909567300645776;0.01909567300645776;0.01909567300645776;0.01909567300645776;0.01909567300645776;0.01909567300645776;0.01909567300645776;0.01909567300645776;0.01909567300645776;0.01909567300645776;0.01909567300645776;0.01909567300645776;0.01909567300645776;0.01909567300645776;0.01909567300645776;0.01909567300645776;0.01909567300645776;0.01909567300645776;0.01909567300645776;0.01909567300645776;0.01909567300645776;0.01909567300645776
1;89;0.04823305304740266;0.04823305304740266;0.04823305304740266;0.04823305304740266;0.04823305304740266;0.04823305304740266;0.04823305304740266;0.04823305304740266;0.04823305304740266;0.04823305304740266;0.04823305304740266;0.04823305304740266;0.04823305304740266;0.04454404032094006;0.040855027594477455;0.03716601486801485;0.03347700214155225;0.0297879894150892;0.02609897668862704;0.022409963962163992;0.018720951235700944;0.018720951235700944;0.018720951235700944;0.018720951235700944;0.018720951235700944;0.018720951235700944;0.018720951235700944;0.018720951235700944;0.018720951235700944;0.018720951235700944;0.018720951235700944;0.018720951235700944;0.018720951235700944;0.018720951235700944;0.018720951235700944;0.018720951235700944;0.018720951235700944;0.018720951235700944;0.018720951235700944;0.018720951235700944;0.018720951235700944;0.018720951235700944;0.018720951235700944;0.018720951235700944;0.018720951235700944;0.018720951235700944;0.018720951235700944;0.018720951235700944;0.018720951235700944;0.018720951235700944;0.018720951235700944;0.018720951235700944;0.018720951235700944;0.018720951235700944;0.018720951235700944;0.018720951235700944;0.018720951235700944;0.018720951235700944;0.018720951235700944;0.018720951235700944;0.018720951235700944;0.018720951235700944;0.018720951235700944;0.018720951235700944;0.018720951235700944;0.018720951235700944;0.018720951235700944;0.018720951235700944;0.018720951235700944;0.018720951235700944;0.018720951235700944;0.018720951235700944;0.018720951235700944;0.018720951235700944;0.018720951235700944;0.018720951235700944;0.018720951235700944;0.018720951235700944;0.018720951235700944;0.018720951235700944;0.018720951235700944;0.018720951235700944;0.018720951235700944;0.018720951235700944;0.018720951235700944;0.018720951235700944;0.018720951235700944;0.018720951235700944;0.018720951235700944;0.018720951235700944;0.018720951235700944;0.018720951235700944;0.018720951235700944;0.018720951235700944;0.018720951235700944;0.018720951235700944;0.018720951235700944
1;90;0.047858331276647625;0.047858331276647625;0.047858331276647625;0.047858331276647625;0.047858331276647625;0.047858331276647625;0.047858331276647625;0.047858331276647625;0.047858331276647625;0.047858331276647625;0.047858331276647625;0.047858331276647625;0.047858331276647625;0.04416931855018502;0.04048030582372242;0.036791293097259814;0.03310228037079721;0.029413267644334162;0.025724254917872003;0.022035242191408955;0.018346229464945907;0.018346229464945907;0.018346229464945907;0.018346229464945907;0.018346229464945907;0.018346229464945907;0.018346229464945907;0.018346229464945907;0.018346229464945907;0.018346229464945907;0.018346229464945907;0.018346229464945907;0.018346229464945907;0.018346229464945907;0.018346229464945907;0.018346229464945907;0.018346229464945907;0.018346229464945907;0.018346229464945907;0.018346229464945907;0.018346229464945907;0.018346229464945907;0.018346229464945907;0.018346229464945907;0.018346229464945907;0.018346229464945907;0.018346229464945907;0.018346229464945907;0.018346229464945907;0.018346229464945907;0.018346229464945907;0.018346229464945907;0.018346229464945907;0.018346229464945907;0.018346229464945907;0.018346229464945907;0.018346229464945907;0.018346229464945907;0.018346229464945907;0.018346229464945907;0.018346229464945907;0.018346229464945907;0.018346229464945907;0.018346229464945907;0.018346229464945907;0.018346229464945907;0.018346229464945907;0.018346229464945907;0.018346229464945907;0.018346229464945907;0.018346229464945907;0.018346229464945907;0.018346229464945907;0.018346229464945907;0.018346229464945907;0.018346229464945907;0.018346229464945907;0.018346229464945907;0.018346229464945907;0.018346229464945907;0.018346229464945907;0.018346229464945907;0.018346229464945907;0.018346229464945907;0.018346229464945907;0.018346229464945907;0.018346229464945907;0.018346229464945907;0.018346229464945907;0.018346229464945907;0.018346229464945907;0.018346229464945907;0.018346229464945907;0.018346229464945907;0.018346229464945907;0.018346229464945907;0.018346229464945907
1;91;0.0474836095058917;0.0474836095058917;0.0474836095058917;0.0474836095058917;0.0474836095058917;0.0474836095058917;0.0474836095058917;0.0474836095058917;0.0474836095058917;0.0474836095058917;0.0474836095058917;0.0474836095058917;0.0474836095058917;0.043794596779429096;0.04010558405296649;0.03641657132650389;0.032727558600041284;0.029038545873578236;0.025349533147116077;0.02166052042065303;0.01797150769418998;0.01797150769418998;0.01797150769418998;0.01797150769418998;0.01797150769418998;0.01797150769418998;0.01797150769418998;0.01797150769418998;0.01797150769418998;0.01797150769418998;0.01797150769418998;0.01797150769418998;0.01797150769418998;0.01797150769418998;0.01797150769418998;0.01797150769418998;0.01797150769418998;0.01797150769418998;0.01797150769418998;0.01797150769418998;0.01797150769418998;0.01797150769418998;0.01797150769418998;0.01797150769418998;0.01797150769418998;0.01797150769418998;0.01797150769418998;0.01797150769418998;0.01797150769418998;0.01797150769418998;0.01797150769418998;0.01797150769418998;0.01797150769418998;0.01797150769418998;0.01797150769418998;0.01797150769418998;0.01797150769418998;0.01797150769418998;0.01797150769418998;0.01797150769418998;0.01797150769418998;0.01797150769418998;0.01797150769418998;0.01797150769418998;0.01797150769418998;0.01797150769418998;0.01797150769418998;0.01797150769418998;0.01797150769418998;0.01797150769418998;0.01797150769418998;0.01797150769418998;0.01797150769418998;0.01797150769418998;0.01797150769418998;0.01797150769418998;0.01797150769418998;0.01797150769418998;0.01797150769418998;0.01797150769418998;0.01797150769418998;0.01797150769418998;0.01797150769418998;0.01797150769418998;0.01797150769418998;0.01797150769418998;0.01797150769418998;0.01797150769418998;0.01797150769418998;0.01797150769418998;0.01797150769418998;0.01797150769418998;0.01797150769418998;0.01797150769418998;0.01797150769418998;0.01797150769418998;0.01797150769418998
1;92;0.04710888773513666;0.04710888773513666;0.04710888773513666;0.04710888773513666;0.04710888773513666;0.04710888773513666;0.04710888773513666;0.04710888773513666;0.04710888773513666;0.04710888773513666;0.04710888773513666;0.04710888773513666;0.04710888773513666;0.04341987500867406;0.039730862282211454;0.03604184955574885;0.03235283682928625;0.0286638241028232;0.02497481137636104;0.02128579864989799;0.017596785923434943;0.017596785923434943;0.017596785923434943;0.017596785923434943;0.017596785923434943;0.017596785923434943;0.017596785923434943;0.017596785923434943;0.017596785923434943;0.017596785923434943;0.017596785923434943;0.017596785923434943;0.017596785923434943;0.017596785923434943;0.017596785923434943;0.017596785923434943;0.017596785923434943;0.017596785923434943;0.017596785923434943;0.017596785923434943;0.017596785923434943;0.017596785923434943;0.017596785923434943;0.017596785923434943;0.017596785923434943;0.017596785923434943;0.017596785923434943;0.017596785923434943;0.017596785923434943;0.017596785923434943;0.017596785923434943;0.017596785923434943;0.017596785923434943;0.017596785923434943;0.017596785923434943;0.017596785923434943;0.017596785923434943;0.017596785923434943;0.017596785923434943;0.017596785923434943;0.017596785923434943;0.017596785923434943;0.017596785923434943;0.017596785923434943;0.017596785923434943;0.017596785923434943;0.017596785923434943;0.017596785923434943;0.017596785923434943;0.017596785923434943;0.017596785923434943;0.017596785923434943;0.017596785923434943;0.017596785923434943;0.017596785923434943;0.017596785923434943;0.017596785923434943;0.017596785923434943;0.017596785923434943;0.017596785923434943;0.017596785923434943;0.017596785923434943;0.017596785923434943;0.017596785923434943;0.017596785923434943;0.017596785923434943;0.017596785923434943;0.017596785923434943;0.017596785923434943;0.017596785923434943;0.017596785923434943;0.017596785923434943;0.017596785923434943;0.017596785923434943;0.017596785923434943;0.017596785923434943;0.017596785923434943
1;93;0.04673416596437985;0.04673416596437985;0.04673416596437985;0.04673416596437985;0.04673416596437985;0.04673416596437985;0.04673416596437985;0.04673416596437985;0.04673416596437985;0.04673416596437985;0.04673416596437985;0.04673416596437985;0.04673416596437985;0.043045153237917244;0.03935614051145464;0.035667127784992037;0.03197811505852943;0.028289102332066385;0.024600089605604225;0.020911076879141177;0.01722206415267813;0.01722206415267813;0.01722206415267813;0.01722206415267813;0.01722206415267813;0.01722206415267813;0.01722206415267813;0.01722206415267813;0.01722206415267813;0.01722206415267813;0.01722206415267813;0.01722206415267813;0.01722206415267813;0.01722206415267813;0.01722206415267813;0.01722206415267813;0.01722206415267813;0.01722206415267813;0.01722206415267813;0.01722206415267813;0.01722206415267813;0.01722206415267813;0.01722206415267813;0.01722206415267813;0.01722206415267813;0.01722206415267813;0.01722206415267813;0.01722206415267813;0.01722206415267813;0.01722206415267813;0.01722206415267813;0.01722206415267813;0.01722206415267813;0.01722206415267813;0.01722206415267813;0.01722206415267813;0.01722206415267813;0.01722206415267813;0.01722206415267813;0.01722206415267813;0.01722206415267813;0.01722206415267813;0.01722206415267813;0.01722206415267813;0.01722206415267813;0.01722206415267813;0.01722206415267813;0.01722206415267813;0.01722206415267813;0.01722206415267813;0.01722206415267813;0.01722206415267813;0.01722206415267813;0.01722206415267813;0.01722206415267813;0.01722206415267813;0.01722206415267813;0.01722206415267813;0.01722206415267813;0.01722206415267813;0.01722206415267813;0.01722206415267813;0.01722206415267813;0.01722206415267813;0.01722206415267813;0.01722206415267813;0.01722206415267813;0.01722206415267813;0.01722206415267813;0.01722206415267813;0.01722206415267813;0.01722206415267813;0.01722206415267813;0.01722206415267813;0.01722206415267813;0.01722206415267813;0.01722206415267813
1;94;0.04635944419362392;0.04635944419362392;0.04635944419362392;0.04635944419362392;0.04635944419362392;0.04635944419362392;0.04635944419362392;0.04635944419362392;0.04635944419362392;0.04635944419362392;0.04635944419362392;0.04635944419362392;0.04635944419362392;0.04267043146716132;0.038981418740698714;0.03529240601423611;0.03160339328777351;0.02791438056131046;0.0242253678348483;0.02053635510838525;0.016847342381922203;0.016847342381922203;0.016847342381922203;0.016847342381922203;0.016847342381922203;0.016847342381922203;0.016847342381922203;0.016847342381922203;0.016847342381922203;0.016847342381922203;0.016847342381922203;0.016847342381922203;0.016847342381922203;0.016847342381922203;0.016847342381922203;0.016847342381922203;0.016847342381922203;0.016847342381922203;0.016847342381922203;0.016847342381922203;0.016847342381922203;0.016847342381922203;0.016847342381922203;0.016847342381922203;0.016847342381922203;0.016847342381922203;0.016847342381922203;0.016847342381922203;0.016847342381922203;0.016847342381922203;0.016847342381922203;0.016847342381922203;0.016847342381922203;0.016847342381922203;0.016847342381922203;0.016847342381922203;0.016847342381922203;0.016847342381922203;0.016847342381922203;0.016847342381922203;0.016847342381922203;0.016847342381922203;0.016847342381922203;0.016847342381922203;0.016847342381922203;0.016847342381922203;0.016847342381922203;0.016847342381922203;0.016847342381922203;0.016847342381922203;0.016847342381922203;0.016847342381922203;0.016847342381922203;0.016847342381922203;0.016847342381922203;0.016847342381922203;0.016847342381922203;0.016847342381922203;0.016847342381922203;0.016847342381922203;0.016847342381922203;0.016847342381922203;0.016847342381922203;0.016847342381922203;0.016847342381922203;0.016847342381922203;0.016847342381922203;0.016847342381922203;0.016847342381922203;0.016847342381922203;0.016847342381922203;0.016847342381922203;0.016847342381922203;0.016847342381922203;0.016847342381922203;0.016847342381922203;0.016847342381922203
1;95;0.045984722422868884;0.045984722422868884;0.045984722422868884;0.045984722422868884;0.045984722422868884;0.045984722422868884;0.045984722422868884;0.045984722422868884;0.045984722422868884;0.045984722422868884;0.045984722422868884;0.045984722422868884;0.045984722422868884;0.04229570969640628;0.03860669696994368;0.03491768424348107;0.03122867151701847;0.02753965879055542;0.02385064606409326;0.020161633337630214;0.016472620611167166;0.016472620611167166;0.016472620611167166;0.016472620611167166;0.016472620611167166;0.016472620611167166;0.016472620611167166;0.016472620611167166;0.016472620611167166;0.016472620611167166;0.016472620611167166;0.016472620611167166;0.016472620611167166;0.016472620611167166;0.016472620611167166;0.016472620611167166;0.016472620611167166;0.016472620611167166;0.016472620611167166;0.016472620611167166;0.016472620611167166;0.016472620611167166;0.016472620611167166;0.016472620611167166;0.016472620611167166;0.016472620611167166;0.016472620611167166;0.016472620611167166;0.016472620611167166;0.016472620611167166;0.016472620611167166;0.016472620611167166;0.016472620611167166;0.016472620611167166;0.016472620611167166;0.016472620611167166;0.016472620611167166;0.016472620611167166;0.016472620611167166;0.016472620611167166;0.016472620611167166;0.016472620611167166;0.016472620611167166;0.016472620611167166;0.016472620611167166;0.016472620611167166;0.016472620611167166;0.016472620611167166;0.016472620611167166;0.016472620611167166;0.016472620611167166;0.016472620611167166;0.016472620611167166;0.016472620611167166;0.016472620611167166;0.016472620611167166;0.016472620611167166;0.016472620611167166;0.016472620611167166;0.016472620611167166;0.016472620611167166;0.016472620611167166;0.016472620611167166;0.016472620611167166;0.016472620611167166;0.016472620611167166;0.016472620611167166;0.016472620611167166;0.016472620611167166;0.016472620611167166;0.016472620611167166;0.016472620611167166;0.016472620611167166;0.016472620611167166;0.016472620611167166;0.016472620611167166;0.016472620611167166
1;96;0.04561000065211385;0.04561000065211385;0.04561000065211385;0.04561000065211385;0.04561000065211385;0.04561000065211385;0.04561000065211385;0.04561000065211385;0.04561000065211385;0.04561000065211385;0.04561000065211385;0.04561000065211385;0.04561000065211385;0.04192098792565124;0.03823197519918864;0.034542962472726035;0.03085394974626343;0.027164937019800384;0.023475924293338224;0.019786911566875176;0.016097898840412128;0.016097898840412128;0.016097898840412128;0.016097898840412128;0.016097898840412128;0.016097898840412128;0.016097898840412128;0.016097898840412128;0.016097898840412128;0.016097898840412128;0.016097898840412128;0.016097898840412128;0.016097898840412128;0.016097898840412128;0.016097898840412128;0.016097898840412128;0.016097898840412128;0.016097898840412128;0.016097898840412128;0.016097898840412128;0.016097898840412128;0.016097898840412128;0.016097898840412128;0.016097898840412128;0.016097898840412128;0.016097898840412128;0.016097898840412128;0.016097898840412128;0.016097898840412128;0.016097898840412128;0.016097898840412128;0.016097898840412128;0.016097898840412128;0.016097898840412128;0.016097898840412128;0.016097898840412128;0.016097898840412128;0.016097898840412128;0.016097898840412128;0.016097898840412128;0.016097898840412128;0.016097898840412128;0.016097898840412128;0.016097898840412128;0.016097898840412128;0.016097898840412128;0.016097898840412128;0.016097898840412128;0.016097898840412128;0.016097898840412128;0.016097898840412128;0.016097898840412128;0.016097898840412128;0.016097898840412128;0.016097898840412128;0.016097898840412128;0.016097898840412128;0.016097898840412128;0.016097898840412128;0.016097898840412128;0.016097898840412128;0.016097898840412128;0.016097898840412128;0.016097898840412128;0.016097898840412128;0.016097898840412128;0.016097898840412128;0.016097898840412128;0.016097898840412128;0.016097898840412128;0.016097898840412128;0.016097898840412128;0.016097898840412128;0.016097898840412128;0.016097898840412128;0.016097898840412128;0.016097898840412128
1;97;0.04523527888135703;0.04523527888135703;0.04523527888135703;0.04523527888135703;0.04523527888135703;0.04523527888135703;0.04523527888135703;0.04523527888135703;0.04523527888135703;0.04523527888135703;0.04523527888135703;0.04523527888135703;0.04523527888135703;0.04154626615489443;0.037857253428431825;0.03416824070196922;0.030479227975506618;0.02679021524904357;0.02310120252258141;0.019412189796118362;0.015723177069655314;0.015723177069655314;0.015723177069655314;0.015723177069655314;0.015723177069655314;0.015723177069655314;0.015723177069655314;0.015723177069655314;0.015723177069655314;0.015723177069655314;0.015723177069655314;0.015723177069655314;0.015723177069655314;0.015723177069655314;0.015723177069655314;0.015723177069655314;0.015723177069655314;0.015723177069655314;0.015723177069655314;0.015723177069655314;0.015723177069655314;0.015723177069655314;0.015723177069655314;0.015723177069655314;0.015723177069655314;0.015723177069655314;0.015723177069655314;0.015723177069655314;0.015723177069655314;0.015723177069655314;0.015723177069655314;0.015723177069655314;0.015723177069655314;0.015723177069655314;0.015723177069655314;0.015723177069655314;0.015723177069655314;0.015723177069655314;0.015723177069655314;0.015723177069655314;0.015723177069655314;0.015723177069655314;0.015723177069655314;0.015723177069655314;0.015723177069655314;0.015723177069655314;0.015723177069655314;0.015723177069655314;0.015723177069655314;0.015723177069655314;0.015723177069655314;0.015723177069655314;0.015723177069655314;0.015723177069655314;0.015723177069655314;0.015723177069655314;0.015723177069655314;0.015723177069655314;0.015723177069655314;0.015723177069655314;0.015723177069655314;0.015723177069655314;0.015723177069655314;0.015723177069655314;0.015723177069655314;0.015723177069655314;0.015723177069655314;0.015723177069655314;0.015723177069655314;0.015723177069655314;0.015723177069655314;0.015723177069655314;0.015723177069655314;0.015723177069655314;0.015723177069655314;0.015723177069655314;0.015723177069655314
1;98;0.04486055711060111;0.04486055711060111;0.04486055711060111;0.04486055711060111;0.04486055711060111;0.04486055711060111;0.04486055711060111;0.04486055711060111;0.04486055711060111;0.04486055711060111;0.04486055711060111;0.04486055711060111;0.04486055711060111;0.0411715443841385;0.0374825316576759;0.033793518931213296;0.03010450620475069;0.026415493478287644;0.022726480751825484;0.019037468025362436;0.015348455298899388;0.015348455298899388;0.015348455298899388;0.015348455298899388;0.015348455298899388;0.015348455298899388;0.015348455298899388;0.015348455298899388;0.015348455298899388;0.015348455298899388;0.015348455298899388;0.015348455298899388;0.015348455298899388;0.015348455298899388;0.015348455298899388;0.015348455298899388;0.015348455298899388;0.015348455298899388;0.015348455298899388;0.015348455298899388;0.015348455298899388;0.015348455298899388;0.015348455298899388;0.015348455298899388;0.015348455298899388;0.015348455298899388;0.015348455298899388;0.015348455298899388;0.015348455298899388;0.015348455298899388;0.015348455298899388;0.015348455298899388;0.015348455298899388;0.015348455298899388;0.015348455298899388;0.015348455298899388;0.015348455298899388;0.015348455298899388;0.015348455298899388;0.015348455298899388;0.015348455298899388;0.015348455298899388;0.015348455298899388;0.015348455298899388;0.015348455298899388;0.015348455298899388;0.015348455298899388;0.015348455298899388;0.015348455298899388;0.015348455298899388;0.015348455298899388;0.015348455298899388;0.015348455298899388;0.015348455298899388;0.015348455298899388;0.015348455298899388;0.015348455298899388;0.015348455298899388;0.015348455298899388;0.015348455298899388;0.015348455298899388;0.015348455298899388;0.015348455298899388;0.015348455298899388;0.015348455298899388;0.015348455298899388;0.015348455298899388;0.015348455298899388;0.015348455298899388;0.015348455298899388;0.015348455298899388;0.015348455298899388;0.015348455298899388;0.015348455298899388;0.015348455298899388;0.015348455298899388;0.015348455298899388
1;99;0.04448583533984607;0.04448583533984607;0.04448583533984607;0.04448583533984607;0.04448583533984607;0.04448583533984607;0.04448583533984607;0.04448583533984607;0.04448583533984607;0.04448583533984607;0.04448583533984607;0.04448583533984607;0.04448583533984607;0.040796822613383465;0.03710780988692086;0.03341879716045826;0.029729784433995654;0.026040771707532606;0.022351758981070446;0.018662746254606954;0.014973733528143462;0.014973733528143462;0.014973733528143462;0.014973733528143462;0.014973733528143462;0.014973733528143462;0.014973733528143462;0.014973733528143462;0.014973733528143462;0.014973733528143462;0.014973733528143462;0.014973733528143462;0.014973733528143462;0.014973733528143462;0.014973733528143462;0.014973733528143462;0.014973733528143462;0.014973733528143462;0.014973733528143462;0.014973733528143462;0.014973733528143462;0.014973733528143462;0.014973733528143462;0.014973733528143462;0.014973733528143462;0.014973733528143462;0.014973733528143462;0.014973733528143462;0.014973733528143462;0.014973733528143462;0.014973733528143462;0.014973733528143462;0.014973733528143462;0.014973733528143462;0.014973733528143462;0.014973733528143462;0.014973733528143462;0.014973733528143462;0.014973733528143462;0.014973733528143462;0.014973733528143462;0.014973733528143462;0.014973733528143462;0.014973733528143462;0.014973733528143462;0.014973733528143462;0.014973733528143462;0.014973733528143462;0.014973733528143462;0.014973733528143462;0.014973733528143462;0.014973733528143462;0.014973733528143462;0.014973733528143462;0.014973733528143462;0.014973733528143462;0.014973733528143462;0.014973733528143462;0.014973733528143462;0.014973733528143462;0.014973733528143462;0.014973733528143462;0.014973733528143462;0.014973733528143462;0.014973733528143462;0.014973733528143462;0.014973733528143462;0.014973733528143462;0.014973733528143462;0.014973733528143462;0.014973733528143462;0.014973733528143462;0.014973733528143462;0.014973733528143462;0.014973733528143462;0.014973733528143462;0.014973733528143462
1;100;0.044111113569090143;0.044111113569090143;0.044111113569090143;0.044111113569090143;0.044111113569090143;0.044111113569090143;0.044111113569090143;0.044111113569090143;0.044111113569090143;0.044111113569090143;0.044111113569090143;0.044111113569090143;0.044111113569090143;0.040422100842627096;0.03673308811616405;0.03304407538970189;0.029355062663239728;0.02566604993677668;0.021977037210313632;0.018288024483850585;0.014599011757387537;0.014599011757387537;0.014599011757387537;0.014599011757387537;0.014599011757387537;0.014599011757387537;0.014599011757387537;0.014599011757387537;0.014599011757387537;0.014599011757387537;0.014599011757387537;0.014599011757387537;0.014599011757387537;0.014599011757387537;0.014599011757387537;0.014599011757387537;0.014599011757387537;0.014599011757387537;0.014599011757387537;0.014599011757387537;0.014599011757387537;0.014599011757387537;0.014599011757387537;0.014599011757387537;0.014599011757387537;0.014599011757387537;0.014599011757387537;0.014599011757387537;0.014599011757387537;0.014599011757387537;0.014599011757387537;0.014599011757387537;0.014599011757387537;0.014599011757387537;0.014599011757387537;0.014599011757387537;0.014599011757387537;0.014599011757387537;0.014599011757387537;0.014599011757387537;0.014599011757387537;0.014599011757387537;0.014599011757387537;0.014599011757387537;0.014599011757387537;0.014599011757387537;0.014599011757387537;0.014599011757387537;0.014599011757387537;0.014599011757387537;0.014599011757387537;0.014599011757387537;0.014599011757387537;0.014599011757387537;0.014599011757387537;0.014599011757387537;0.014599011757387537;0.014599011757387537;0.014599011757387537;0.014599011757387537;0.014599011757387537;0.014599011757387537;0.014599011757387537;0.014599011757387537;0.014599011757387537;0.014599011757387537;0.014599011757387537;0.014599011757387537;0.014599011757387537;0.014599011757387537;0.014599011757387537;0.014599011757387537;0.014599011757387537;0.014599011757387537;0.014599011757387537;0.014599011757387537;0.014599011757387537
2;0;0.0;0.0;0.0;0.0;0.0;0.0;0.0;0.0;0.0;0.0;0.0;0.0;0.0;0.0;0.0;0.0;0.0;0.0;0.0;0.0;0.0;0.0;0.0;0.0;0.0;0.0;0.0;0.0;0.0;0.0;0.0;0.0;0.0;0.0;0.0;0.0;0.0;0.0;0.0;0.0;0.0;0.0;0.0;0.0;0.0;0.0;0.0;0.0;0.0;0.0;0.0;0.0;0.0;0.0;0.0;0.0;0.0;0.0;0.0;0.0;0.0;0.0;0.0;0.0;0.0;0.0;0.0;0.0;0.0;0.0;0.0;0.0;0.0;0.0;0.0;0.0;0.0;0.0;0.0;0.0;0.0;0.0;0.0;0.0;0.0;0.0;0.0;0.0;0.0;0.0;0.0;0.0;0.0;0.0;0.0;0.0;0.0
2;1;0.0;0.0;0.0;0.0;0.0;0.0;0.0;0.0;0.0;0.0;0.0;0.0;0.0;0.0;0.0;0.0;0.0;0.0;0.0;0.0;0.0;0.0;0.0;0.0;0.0;0.0;0.0;0.0;0.0;0.0;0.0;0.0;0.0;0.0;0.0;0.0;0.0;0.0;0.0;0.0;0.0;0.0;0.0;0.0;0.0;0.0;0.0;0.0;0.0;0.0;0.0;0.0;0.0;0.0;0.0;0.0;0.0;0.0;0.0;0.0;0.0;0.0;0.0;0.0;0.0;0.0;0.0;0.0;0.0;0.0;0.0;0.0;0.0;0.0;0.0;0.0;0.0;0.0;0.0;0.0;0.0;0.0;0.0;0.0;0.0;0.0;0.0;0.0;0.0;0.0;0.0;0.0;0.0;0.0;0.0;0.0;0.0
2;2;0.0;0.0;0.0;0.0;0.0;0.0;0.0;0.0;0.0;0.0;0.0;0.0;0.0;0.0;0.0;0.0;0.0;0.0;0.0;0.0;0.0;0.0;0.0;0.0;0.0;0.0;0.0;0.0;0.0;0.0;0.0;0.0;0.0;0.0;0.0;0.0;0.0;0.0;0.0;0.0;0.0;0.0;0.0;0.0;0.0;0.0;0.0;0.0;0.0;0.0;0.0;0.0;0.0;0.0;0.0;0.0;0.0;0.0;0.0;0.0;0.0;0.0;0.0;0.0;0.0;0.0;0.0;0.0;0.0;0.0;0.0;0.0;0.0;0.0;0.0;0.0;0.0;0.0;0.0;0.0;0.0;0.0;0.0;0.0;0.0;0.0;0.0;0.0;0.0;0.0;0.0;0.0;0.0;0.0;0.0;0.0;0.0
2;3;0.0;0.0;0.0;0.0;0.0;0.0;0.0;0.0;0.0;0.0;0.0;0.0;0.0;0.0;0.0;0.0;0.0;0.0;0.0;0.0;0.0;0.0;0.0;0.0;0.0;0.0;0.0;0.0;0.0;0.0;0.0;0.0;0.0;0.0;0.0;0.0;0.0;0.0;0.0;0.0;0.0;0.0;0.0;0.0;0.0;0.0;0.0;0.0;0.0;0.0;0.0;0.0;0.0;0.0;0.0;0.0;0.0;0.0;0.0;0.0;0.0;0.0;0.0;0.0;0.0;0.0;0.0;0.0;0.0;0.0;0.0;0.0;0.0;0.0;0.0;0.0;0.0;0.0;0.0;0.0;0.0;0.0;0.0;0.0;0.0;0.0;0.0;0.0;0.0;0.0;0.0;0.0;0.0;0.0;0.0;0.0;0.0
2;4;0.0;0.0;0.0;0.0;0.0;0.0;0.0;0.0;0.0;0.0;0.0;0.0;0.0;0.0;0.0;0.0;0.0;0.0;0.0;0.0;0.0;0.0;0.0;0.0;0.0;0.0;0.0;0.0;0.0;0.0;0.0;0.0;0.0;0.0;0.0;0.0;0.0;0.0;0.0;0.0;0.0;0.0;0.0;0.0;0.0;0.0;0.0;0.0;0.0;0.0;0.0;0.0;0.0;0.0;0.0;0.0;0.0;0.0;0.0;0.0;0.0;0.0;0.0;0.0;0.0;0.0;0.0;0.0;0.0;0.0;0.0;0.0;0.0;0.0;0.0;0.0;0.0;0.0;0.0;0.0;0.0;0.0;0.0;0.0;0.0;0.0;0.0;0.0;0.0;0.0;0.0;0.0;0.0;0.0;0.0;0.0;0.0
2;5;0.0;0.0;0.0;0.0;0.0;0.0;0.0;0.0;0.0;0.0;0.0;0.0;0.0;0.0;0.0;0.0;0.0;0.0;0.0;0.0;0.0;0.0;0.0;0.0;0.0;0.0;0.0;0.0;0.0;0.0;0.0;0.0;0.0;0.0;0.0;0.0;0.0;0.0;0.0;0.0;0.0;0.0;0.0;0.0;0.0;0.0;0.0;0.0;0.0;0.0;0.0;0.0;0.0;0.0;0.0;0.0;0.0;0.0;0.0;0.0;0.0;0.0;0.0;0.0;0.0;0.0;0.0;0.0;0.0;0.0;0.0;0.0;0.0;0.0;0.0;0.0;0.0;0.0;0.0;0.0;0.0;0.0;0.0;0.0;0.0;0.0;0.0;0.0;0.0;0.0;0.0;0.0;0.0;0.0;0.0;0.0;0.0
2;6;0.0;0.0;0.0;0.0;0.0;0.0;0.0;0.0;0.0;0.0;0.0;0.0;0.0;0.0;0.0;0.0;0.0;0.0;0.0;0.0;0.0;0.0;0.0;0.0;0.0;0.0;0.0;0.0;0.0;0.0;0.0;0.0;0.0;0.0;0.0;0.0;0.0;0.0;0.0;0.0;0.0;0.0;0.0;0.0;0.0;0.0;0.0;0.0;0.0;0.0;0.0;0.0;0.0;0.0;0.0;0.0;0.0;0.0;0.0;0.0;0.0;0.0;0.0;0.0;0.0;0.0;0.0;0.0;0.0;0.0;0.0;0.0;0.0;0.0;0.0;0.0;0.0;0.0;0.0;0.0;0.0;0.0;0.0;0.0;0.0;0.0;0.0;0.0;0.0;0.0;0.0;0.0;0.0;0.0;0.0;0.0;0.0
2;7;0.0;0.0;0.0;0.0;0.0;0.0;0.0;0.0;0.0;0.0;0.0;0.0;0.0;0.0;0.0;0.0;0.0;0.0;0.0;0.0;0.0;0.0;0.0;0.0;0.0;0.0;0.0;0.0;0.0;0.0;0.0;0.0;0.0;0.0;0.0;0.0;0.0;0.0;0.0;0.0;0.0;0.0;0.0;0.0;0.0;0.0;0.0;0.0;0.0;0.0;0.0;0.0;0.0;0.0;0.0;0.0;0.0;0.0;0.0;0.0;0.0;0.0;0.0;0.0;0.0;0.0;0.0;0.0;0.0;0.0;0.0;0.0;0.0;0.0;0.0;0.0;0.0;0.0;0.0;0.0;0.0;0.0;0.0;0.0;0.0;0.0;0.0;0.0;0.0;0.0;0.0;0.0;0.0;0.0;0.0;0.0;0.0
2;8;0.0;0.0;0.0;0.0;0.0;0.0;0.0;0.0;0.0;0.0;0.0;0.0;0.0;0.0;0.0;0.0;0.0;0.0;0.0;0.0;0.0;0.0;0.0;0.0;0.0;0.0;0.0;0.0;0.0;0.0;0.0;0.0;0.0;0.0;0.0;0.0;0.0;0.0;0.0;0.0;0.0;0.0;0.0;0.0;0.0;0.0;0.0;0.0;0.0;0.0;0.0;0.0;0.0;0.0;0.0;0.0;0.0;0.0;0.0;0.0;0.0;0.0;0.0;0.0;0.0;0.0;0.0;0.0;0.0;0.0;0.0;0.0;0.0;0.0;0.0;0.0;0.0;0.0;0.0;0.0;0.0;0.0;0.0;0.0;0.0;0.0;0.0;0.0;0.0;0.0;0.0;0.0;0.0;0.0;0.0;0.0;0.0
2;9;0.0;0.0;0.0;0.0;0.0;0.0;0.0;0.0;0.0;0.0;0.0;0.0;0.0;0.0;0.0;0.0;0.0;0.0;0.0;0.0;0.0;0.0;0.0;0.0;0.0;0.0;0.0;0.0;0.0;0.0;0.0;0.0;0.0;0.0;0.0;0.0;0.0;0.0;0.0;0.0;0.0;0.0;0.0;0.0;0.0;0.0;0.0;0.0;0.0;0.0;0.0;0.0;0.0;0.0;0.0;0.0;0.0;0.0;0.0;0.0;0.0;0.0;0.0;0.0;0.0;0.0;0.0;0.0;0.0;0.0;0.0;0.0;0.0;0.0;0.0;0.0;0.0;0.0;0.0;0.0;0.0;0.0;0.0;0.0;0.0;0.0;0.0;0.0;0.0;0.0;0.0;0.0;0.0;0.0;0.0;0.0;0.0
2;10;0.0;0.0;0.0;0.0;0.0;0.0;0.0;0.0;0.0;0.0;0.0;0.0;0.0;0.0;0.0;0.0;0.0;0.0;0.0;0.0;0.0;0.0;0.0;0.0;0.0;0.0;0.0;0.0;0.0;0.0;0.0;0.0;0.0;0.0;0.0;0.0;0.0;0.0;0.0;0.0;0.0;0.0;0.0;0.0;0.0;0.0;0.0;0.0;0.0;0.0;0.0;0.0;0.0;0.0;0.0;0.0;0.0;0.0;0.0;0.0;0.0;0.0;0.0;0.0;0.0;0.0;0.0;0.0;0.0;0.0;0.0;0.0;0.0;0.0;0.0;0.0;0.0;0.0;0.0;0.0;0.0;0.0;0.0;0.0;0.0;0.0;0.0;0.0;0.0;0.0;0.0;0.0;0.0;0.0;0.0;0.0;0.0
2;11;0.0;0.0;0.0;0.0;0.0;0.0;0.0;0.0;0.0;0.0;0.0;0.0;0.0;0.0;0.0;0.0;0.0;0.0;0.0;0.0;0.0;0.0;0.0;0.0;0.0;0.0;0.0;0.0;0.0;0.0;0.0;0.0;0.0;0.0;0.0;0.0;0.0;0.0;0.0;0.0;0.0;0.0;0.0;0.0;0.0;0.0;0.0;0.0;0.0;0.0;0.0;0.0;0.0;0.0;0.0;0.0;0.0;0.0;0.0;0.0;0.0;0.0;0.0;0.0;0.0;0.0;0.0;0.0;0.0;0.0;0.0;0.0;0.0;0.0;0.0;0.0;0.0;0.0;0.0;0.0;0.0;0.0;0.0;0.0;0.0;0.0;0.0;0.0;0.0;0.0;0.0;0.0;0.0;0.0;0.0;0.0;0.0
2;12;0.0;0.0;0.0;0.0;0.0;0.0;0.0;0.0;0.0;0.0;0.0;0.0;0.0;0.0;0.0;0.0;0.0;0.0;0.0;0.0;0.0;0.0;0.0;0.0;0.0;0.0;0.0;0.0;0.0;0.0;0.0;0.0;0.0;0.0;0.0;0.0;0.0;0.0;0.0;0.0;0.0;0.0;0.0;0.0;0.0;0.0;0.0;0.0;0.0;0.0;0.0;0.0;0.0;0.0;0.0;0.0;0.0;0.0;0.0;0.0;0.0;0.0;0.0;0.0;0.0;0.0;0.0;0.0;0.0;0.0;0.0;0.0;0.0;0.0;0.0;0.0;0.0;0.0;0.0;0.0;0.0;0.0;0.0;0.0;0.0;0.0;0.0;0.0;0.0;0.0;0.0;0.0;0.0;0.0;0.0;0.0;0.0
2;13;0.0;0.0;0.0;0.0;0.0;0.0;0.0;0.0;0.0;0.0;0.0;0.0;0.0;0.0;0.0;0.0;0.0;0.0;0.0;0.0;0.0;0.0;0.0;0.0;0.0;0.0;0.0;0.0;0.0;0.0;0.0;0.0;0.0;0.0;0.0;0.0;0.0;0.0;0.0;0.0;0.0;0.0;0.0;0.0;0.0;0.0;0.0;0.0;0.0;0.0;0.0;0.0;0.0;0.0;0.0;0.0;0.0;0.0;0.0;0.0;0.0;0.0;0.0;0.0;0.0;0.0;0.0;0.0;0.0;0.0;0.0;0.0;0.0;0.0;0.0;0.0;0.0;0.0;0.0;0.0;0.0;0.0;0.0;0.0;0.0;0.0;0.0;0.0;0.0;0.0;0.0;0.0;0.0;0.0;0.0;0.0;0.0
2;14;0.0;0.0;0.0;0.0;0.0;0.0;0.0;0.0;0.0;0.0;0.0;0.0;0.0;0.0;0.0;0.0;0.0;0.0;0.0;0.0;0.0;0.0;0.0;0.0;0.0;0.0;0.0;0.0;0.0;0.0;0.0;0.0;0.0;0.0;0.0;0.0;0.0;0.0;0.0;0.0;0.0;0.0;0.0;0.0;0.0;0.0;0.0;0.0;0.0;0.0;0.0;0.0;0.0;0.0;0.0;0.0;0.0;0.0;0.0;0.0;0.0;0.0;0.0;0.0;0.0;0.0;0.0;0.0;0.0;0.0;0.0;0.0;0.0;0.0;0.0;0.0;0.0;0.0;0.0;0.0;0.0;0.0;0.0;0.0;0.0;0.0;0.0;0.0;0.0;0.0;0.0;0.0;0.0;0.0;0.0;0.0;0.0
2;15;0.009798039028590111;0.009798039028590111;0.009798039028590111;0.009798039028590111;0.009798039028590111;0.009798039028590111;0.009798039028590111;0.009798039028590111;0.009798039028590111;0.009798039028590111;0.009798039028590111;0.009798039028590111;0.009798039028590111;0.006109026302127507;0.0024200135756649033;0.0012100067878324516;0.0;0.0;0.0;0.0;0.0;0.0;0.0;0.0;0.0;0.0;0.0;0.0;0.0;0.0;0.0;0.0;0.0;0.0;0.0;0.0;0.0;0.0;0.0;0.0;0.0;0.0;0.0;0.0;0.0;0.0;0.0;0.0;0.0;0.0;0.0;0.0;0.0;0.0;0.0;0.0;0.0;0.0;0.0;0.0;0.0;0.0;0.0;0.0;0.0;0.0;0.0;0.0;0.0;0.0;0.0;0.0;0.0;0.0;0.0;0.0;0.0;0.0;0.0;0.0;0.0;0.0;0.0;0.0;0.0;0.0;0.0;0.0;0.0;0.0;0.0;0.0;0.0;0.0;0.0;0.0;0.0
2;16;0.02163818071525725;0.02163818071525725;0.02163818071525725;0.02163818071525725;0.02163818071525725;0.02163818071525725;0.02163818071525725;0.02163818071525725;0.02163818071525725;0.02163818071525725;0.02163818071525725;0.02163818071525725;0.02163818071525725;0.017949167988794645;0.014260155262332042;0.010571142535869438;0.006882129809406834;0.003193117082943786;0.0;0.0;0.0;0.0;0.0;0.0;0.0;0.0;0.0;0.0;0.0;0.0;0.0;0.0;0.0;0.0;0.0;0.0;0.0;0.0;0.0;0.0;0.0;0.0;0.0;0.0;0.0;0.0;0.0;0.0;0.0;0.0;0.0;0.0;0.0;0.0;0.0;0.0;0.0;0.0;0.0;0.0;0.0;0.0;0.0;0.0;0.0;0.0;0.0;0.0;0.0;0.0;0.0;0.0;0.0;0.0;0.0;0.0;0.0;0.0;0.0;0.0;0.0;0.0;0.0;0.0;0.0;0.0;0.0;0.0;0.0;0.0;0.0;0.0;0.0;0.0;0.0;0.0;0.0
2;17;0.03317198780650621;0.03317198780650621;0.03317198780650621;0.03317198780650621;0.03317198780650621;0.03317198780650621;0.03317198780650621;0.03317198780650621;0.03317198780650621;0.03317198780650621;0.03317198780650621;0.03317198780650621;0.03317198780650621;0.029482975080043605;0.025793962353581;0.022104949627118398;0.018415936900655794;0.014726924174192746;0.011037911447730586;0.007348898721267538;0.0036598859948044904;0.0036598859948044904;0.0036598859948044904;0.0036598859948044904;0.0036598859948044904;0.0036598859948044904;0.0036598859948044904;0.0036598859948044904;0.0036598859948044904;0.0036598859948044904;0.0036598859948044904;0.0036598859948044904;0.0036598859948044904;0.0036598859948044904;0.0036598859948044904;0.0036598859948044904;0.0036598859948044904;0.0036598859948044904;0.0036598859948044904;0.0036598859948044904;0.0036598859948044904;0.0036598859948044904;0.0036598859948044904;0.0036598859948044904;0.0036598859948044904;0.0036598859948044904;0.0036598859948044904;0.0036598859948044904;0.0036598859948044904;0.0036598859948044904;0.0036598859948044904;0.0036598859948044904;0.0036598859948044904;0.0036598859948044904;0.0036598859948044904;0.0036598859948044904;0.0036598859948044904;0.0036598859948044904;0.0036598859948044904;0.0036598859948044904;0.0036598859948044904;0.0036598859948044904;0.0036598859948044904;0.0036598859948044904;0.0036598859948044904;0.0036598859948044904;0.0036598859948044904;0.0036598859948044904;0.0036598859948044904;0.0036598859948044904;0.0036598859948044904;0.0036598859948044904;0.0036598859948044904;0.0036598859948044904;0.0036598859948044904;0.0036598859948044904;0.0036598859948044904;0.0036598859948044904;0.0036598859948044904;0.0036598859948044904;0.0036598859948044904;0.0036598859948044904;0.0036598859948044904;0.0036598859948044904;0.0036598859948044904;0.0036598859948044904;0.0036598859948044904;0.0036598859948044904;0.0036598859948044904;0.0036598859948044904;0.0036598859948044904;0.0036598859948044904;0.0036598859948044904;0.0036598859948044904;0.0036598859948044904;0.0036598859948044904;0.0036598859948044904
2;18;0.043814988626598605;0.043814988626598605;0.043814988626598605;0.043814988626598605;0.043814988626598605;0.043814988626598605;0.043814988626598605;0.043814988626598605;0.043814988626598605;0.043814988626598605;0.043814988626598605;0.043814988626598605;0.043814988626598605;0.040125975900136;0.0364369631736734;0.032747950447210794;0.02905893772074819;0.025369924994285142;0.021680912267822983;0.017991899541359935;0.014302886814896887;0.014302886814896887;0.014302886814896887;0.014302886814896887;0.014302886814896887;0.014302886814896887;0.014302886814896887;0.014302886814896887;0.014302886814896887;0.014302886814896887;0.014302886814896887;0.014302886814896887;0.014302886814896887;0.014302886814896887;0.014302886814896887;0.014302886814896887;0.014302886814896887;0.014302886814896887;0.014302886814896887;0.014302886814896887;0.014302886814896887;0.014302886814896887;0.014302886814896887;0.014302886814896887;0.014302886814896887;0.014302886814896887;0.014302886814896887;0.014302886814896887;0.014302886814896887;0.014302886814896887;0.014302886814896887;0.014302886814896887;0.014302886814896887;0.014302886814896887;0.014302886814896887;0.014302886814896887;0.014302886814896887;0.014302886814896887;0.014302886814896887;0.014302886814896887;0.014302886814896887;0.014302886814896887;0.014302886814896887;0.014302886814896887;0.014302886814896887;0.014302886814896887;0.014302886814896887;0.014302886814896887;0.014302886814896887;0.014302886814896887;0.014302886814896887;0.014302886814896887;0.014302886814896887;0.014302886814896887;0.014302886814896887;0.014302886814896887;0.014302886814896887;0.014302886814896887;0.014302886814896887;0.014302886814896887;0.014302886814896887;0.014302886814896887;0.014302886814896887;0.014302886814896887;0.014302886814896887;0.014302886814896887;0.014302886814896887;0.014302886814896887;0.014302886814896887;0.014302886814896887;0.014302886814896887;0.014302886814896887;0.014302886814896887;0.014302886814896887;0.014302886814896887;0.014302886814896887;0.014302886814896887
2;19;0.053149977555050576;0.053149977555050576;0.053149977555050576;0.053149977555050576;0.053149977555050576;0.053149977555050576;0.053149977555050576;0.053149977555050576;0.053149977555050576;0.053149977555050576;0.053149977555050576;0.053149977555050576;0.053149977555050576;0.04946096482858797;0.04577195210212537;0.042082939375662765;0.03839392664920016;0.03470491392273711;0.031015901196274953;0.027326888469811905;0.023637875743348857;0.023637875743348857;0.023637875743348857;0.023637875743348857;0.023637875743348857;0.023637875743348857;0.023637875743348857;0.023637875743348857;0.023637875743348857;0.023637875743348857;0.023637875743348857;0.023637875743348857;0.023637875743348857;0.023637875743348857;0.023637875743348857;0.023637875743348857;0.023637875743348857;0.023637875743348857;0.023637875743348857;0.023637875743348857;0.023637875743348857;0.023637875743348857;0.023637875743348857;0.023637875743348857;0.023637875743348857;0.023637875743348857;0.023637875743348857;0.023637875743348857;0.023637875743348857;0.023637875743348857;0.023637875743348857;0.023637875743348857;0.023637875743348857;0.023637875743348857;0.023637875743348857;0.023637875743348857;0.023637875743348857;0.023637875743348857;0.023637875743348857;0.023637875743348857;0.023637875743348857;0.023637875743348857;0.023637875743348857;0.023637875743348857;0.023637875743348857;0.023637875743348857;0.023637875743348857;0.023637875743348857;0.023637875743348857;0.023637875743348857;0.023637875743348857;0.023637875743348857;0.023637875743348857;0.023637875743348857;0.023637875743348857;0.023637875743348857;0.023637875743348857;0.023637875743348857;0.023637875743348857;0.023637875743348857;0.023637875743348857;0.023637875743348857;0.023637875743348857;0.023637875743348857;0.023637875743348857;0.023637875743348857;0.023637875743348857;0.023637875743348857;0.023637875743348857;0.023637875743348857;0.023637875743348857;0.023637875743348857;0.023637875743348857;0.023637875743348857;0.023637875743348857;0.023637875743348857;0.023637875743348857
2;20;0.060759748971380034;0.060759748971380034;0.060759748971380034;0.060759748971380034;0.060759748971380034;0.060759748971380034;0.060759748971380034;0.060759748971380034;0.060759748971380034;0.060759748971380034;0.060759748971380034;0.060759748971380034;0.060759748971380034;0.05707073624491743;0.05338172351845483;0.04969271079199222;0.04600369806552962;0.04231468533906657;0.03862567261260441;0.034936659886141364;0.031247647159678316;0.031247647159678316;0.031247647159678316;0.031247647159678316;0.031247647159678316;0.031247647159678316;0.031247647159678316;0.031247647159678316;0.031247647159678316;0.031247647159678316;0.031247647159678316;0.031247647159678316;0.031247647159678316;0.031247647159678316;0.031247647159678316;0.031247647159678316;0.031247647159678316;0.031247647159678316;0.031247647159678316;0.031247647159678316;0.031247647159678316;0.031247647159678316;0.031247647159678316;0.031247647159678316;0.031247647159678316;0.031247647159678316;0.031247647159678316;0.031247647159678316;0.031247647159678316;0.031247647159678316;0.031247647159678316;0.031247647159678316;0.031247647159678316;0.031247647159678316;0.031247647159678316;0.031247647159678316;0.031247647159678316;0.031247647159678316;0.031247647159678316;0.031247647159678316;0.031247647159678316;0.031247647159678316;0.031247647159678316;0.031247647159678316;0.031247647159678316;0.031247647159678316;0.031247647159678316;0.031247647159678316;0.031247647159678316;0.031247647159678316;0.031247647159678316;0.031247647159678316;0.031247647159678316;0.031247647159678316;0.031247647159678316;0.031247647159678316;0.031247647159678316;0.031247647159678316;0.031247647159678316;0.031247647159678316;0.031247647159678316;0.031247647159678316;0.031247647159678316;0.031247647159678316;0.031247647159678316;0.031247647159678316;0.031247647159678316;0.031247647159678316;0.031247647159678316;0.031247647159678316;0.031247647159678316;0.031247647159678316;0.031247647159678316;0.031247647159678316;0.031247647159678316;0.031247647159678316;0.031247647159678316
2;21;0.06633303241418442;0.06633303241418442;0.06633303241418442;0.06633303241418442;0.06633303241418442;0.06633303241418442;0.06633303241418442;0.06633303241418442;0.06633303241418442;0.06633303241418442;0.06633303241418442;0.06633303241418442;0.06633303241418442;0.06264401968772138;0.05895500696125833;0.05526599423479617;0.05157698150833401;0.04788796878187096;0.04419895605540791;0.040509943328944864;0.036820930602481816;0.036820930602481816;0.036820930602481816;0.036820930602481816;0.036820930602481816;0.036820930602481816;0.036820930602481816;0.036820930602481816;0.036820930602481816;0.036820930602481816;0.036820930602481816;0.036820930602481816;0.036820930602481816;0.036820930602481816;0.036820930602481816;0.036820930602481816;0.036820930602481816;0.036820930602481816;0.036820930602481816;0.036820930602481816;0.036820930602481816;0.036820930602481816;0.036820930602481816;0.036820930602481816;0.036820930602481816;0.036820930602481816;0.036820930602481816;0.036820930602481816;0.036820930602481816;0.036820930602481816;0.036820930602481816;0.036820930602481816;0.036820930602481816;0.036820930602481816;0.036820930602481816;0.036820930602481816;0.036820930602481816;0.036820930602481816;0.036820930602481816;0.036820930602481816;0.036820930602481816;0.036820930602481816;0.036820930602481816;0.036820930602481816;0.036820930602481816;0.036820930602481816;0.036820930602481816;0.036820930602481816;0.036820930602481816;0.036820930602481816;0.036820930602481816;0.036820930602481816;0.036820930602481816;0.036820930602481816;0.036820930602481816;0.036820930602481816;0.036820930602481816;0.036820930602481816;0.036820930602481816;0.036820930602481816;0.036820930602481816;0.036820930602481816;0.036820930602481816;0.036820930602481816;0.036820930602481816;0.036820930602481816;0.036820930602481816;0.036820930602481816;0.036820930602481816;0.036820930602481816;0.036820930602481816;0.036820930602481816;0.036820930602481816;0.036820930602481816;0.036820930602481816;0.036820930602481816;0.036820930602481816
2;22;0.07006425814603379;0.07006425814603379;0.07006425814603379;0.07006425814603379;0.07006425814603379;0.07006425814603379;0.07006425814603379;0.07006425814603379;0.07006425814603379;0.07006425814603379;0.07006425814603379;0.07006425814603379;0.07006425814603379;0.06637524541957118;0.06268623269310858;0.058997219966645975;0.05530820724018337;0.05161919451372032;0.047930181787258164;0.044241169060795116;0.04055215633433207;0.04055215633433207;0.04055215633433207;0.04055215633433207;0.04055215633433207;0.04055215633433207;0.04055215633433207;0.04055215633433207;0.04055215633433207;0.04055215633433207;0.04055215633433207;0.04055215633433207;0.04055215633433207;0.04055215633433207;0.04055215633433207;0.04055215633433207;0.04055215633433207;0.04055215633433207;0.04055215633433207;0.04055215633433207;0.04055215633433207;0.04055215633433207;0.04055215633433207;0.04055215633433207;0.04055215633433207;0.04055215633433207;0.04055215633433207;0.04055215633433207;0.04055215633433207;0.04055215633433207;0.04055215633433207;0.04055215633433207;0.04055215633433207;0.04055215633433207;0.04055215633433207;0.04055215633433207;0.04055215633433207;0.04055215633433207;0.04055215633433207;0.04055215633433207;0.04055215633433207;0.04055215633433207;0.04055215633433207;0.04055215633433207;0.04055215633433207;0.04055215633433207;0.04055215633433207;0.04055215633433207;0.04055215633433207;0.04055215633433207;0.04055215633433207;0.04055215633433207;0.04055215633433207;0.04055215633433207;0.04055215633433207;0.04055215633433207;0.04055215633433207;0.04055215633433207;0.04055215633433207;0.04055215633433207;0.04055215633433207;0.04055215633433207;0.04055215633433207;0.04055215633433207;0.04055215633433207;0.04055215633433207;0.04055215633433207;0.04055215633433207;0.04055215633433207;0.04055215633433207;0.04055215633433207;0.04055215633433207;0.04055215633433207;0.04055215633433207;0.04055215633433207;0.04055215633433207;0.04055215633433207
2;23;0.07229858643611387;0.07229858643611387;0.07229858643611387;0.07229858643611387;0.07229858643611387;0.07229858643611387;0.07229858643611387;0.07229858643611387;0.07229858643611387;0.07229858643611387;0.07229858643611387;0.07229858643611387;0.07229858643611387;0.06860957370965126;0.06492056098318866;0.061231548256726054;0.05754253553026345;0.0538535228038004;0.05016451007733824;0.046475497350875195;0.04278648462441215;0.04278648462441215;0.04278648462441215;0.04278648462441215;0.04278648462441215;0.04278648462441215;0.04278648462441215;0.04278648462441215;0.04278648462441215;0.04278648462441215;0.04278648462441215;0.04278648462441215;0.04278648462441215;0.04278648462441215;0.04278648462441215;0.04278648462441215;0.04278648462441215;0.04278648462441215;0.04278648462441215;0.04278648462441215;0.04278648462441215;0.04278648462441215;0.04278648462441215;0.04278648462441215;0.04278648462441215;0.04278648462441215;0.04278648462441215;0.04278648462441215;0.04278648462441215;0.04278648462441215;0.04278648462441215;0.04278648462441215;0.04278648462441215;0.04278648462441215;0.04278648462441215;0.04278648462441215;0.04278648462441215;0.04278648462441215;0.04278648462441215;0.04278648462441215;0.04278648462441215;0.04278648462441215;0.04278648462441215;0.04278648462441215;0.04278648462441215;0.04278648462441215;0.04278648462441215;0.04278648462441215;0.04278648462441215;0.04278648462441215;0.04278648462441215;0.04278648462441215;0.04278648462441215;0.04278648462441215;0.04278648462441215;0.04278648462441215;0.04278648462441215;0.04278648462441215;0.04278648462441215;0.04278648462441215;0.04278648462441215;0.04278648462441215;0.04278648462441215;0.04278648462441215;0.04278648462441215;0.04278648462441215;0.04278648462441215;0.04278648462441215;0.04278648462441215;0.04278648462441215;0.04278648462441215;0.04278648462441215;0.04278648462441215;0.04278648462441215;0.04278648462441215;0.04278648462441215;0.04278648462441215
2;24;0.07338120341668919;0.07338120341668919;0.07338120341668919;0.07338120341668919;0.07338120341668919;0.07338120341668919;0.07338120341668919;0.07338120341668919;0.07338120341668919;0.07338120341668919;0.07338120341668919;0.07338120341668919;0.07338120341668919;0.06969219069022659;0.06600317796376398;0.06231416523730138;0.058625152510838774;0.054936139784375726;0.051247127057913566;0.04755811433145052;0.04386910160498747;0.04386910160498747;0.04386910160498747;0.04386910160498747;0.04386910160498747;0.04386910160498747;0.04386910160498747;0.04386910160498747;0.04386910160498747;0.04386910160498747;0.04386910160498747;0.04386910160498747;0.04386910160498747;0.04386910160498747;0.04386910160498747;0.04386910160498747;0.04386910160498747;0.04386910160498747;0.04386910160498747;0.04386910160498747;0.04386910160498747;0.04386910160498747;0.04386910160498747;0.04386910160498747;0.04386910160498747;0.04386910160498747;0.04386910160498747;0.04386910160498747;0.04386910160498747;0.04386910160498747;0.04386910160498747;0.04386910160498747;0.04386910160498747;0.04386910160498747;0.04386910160498747;0.04386910160498747;0.04386910160498747;0.04386910160498747;0.04386910160498747;0.04386910160498747;0.04386910160498747;0.04386910160498747;0.04386910160498747;0.04386910160498747;0.04386910160498747;0.04386910160498747;0.04386910160498747;0.04386910160498747;0.04386910160498747;0.04386910160498747;0.04386910160498747;0.04386910160498747;0.04386910160498747;0.04386910160498747;0.04386910160498747;0.04386910160498747;0.04386910160498747;0.04386910160498747;0.04386910160498747;0.04386910160498747;0.04386910160498747;0.04386910160498747;0.04386910160498747;0.04386910160498747;0.04386910160498747;0.04386910160498747;0.04386910160498747;0.04386910160498747;0.04386910160498747;0.04386910160498747;0.04386910160498747;0.04386910160498747;0.04386910160498747;0.04386910160498747;0.04386910160498747;0.04386910160498747;0.04386910160498747
2;25;0.0736495786904996;0.0736495786904996;0.0736495786904996;0.0736495786904996;0.0736495786904996;0.0736495786904996;0.0736495786904996;0.0736495786904996;0.0736495786904996;0.0736495786904996;0.0736495786904996;0.0736495786904996;0.0736495786904996;0.06996056596403699;0.06627155323757439;0.06258254051111178;0.05889352778464918;0.05520451505818613;0.05151550233172397;0.047826489605260925;0.04413747687879788;0.04413747687879788;0.04413747687879788;0.04413747687879788;0.04413747687879788;0.04413747687879788;0.04413747687879788;0.04413747687879788;0.04413747687879788;0.04413747687879788;0.04413747687879788;0.04413747687879788;0.04413747687879788;0.04413747687879788;0.04413747687879788;0.04413747687879788;0.04413747687879788;0.04413747687879788;0.04413747687879788;0.04413747687879788;0.04413747687879788;0.04413747687879788;0.04413747687879788;0.04413747687879788;0.04413747687879788;0.04413747687879788;0.04413747687879788;0.04413747687879788;0.04413747687879788;0.04413747687879788;0.04413747687879788;0.04413747687879788;0.04413747687879788;0.04413747687879788;0.04413747687879788;0.04413747687879788;0.04413747687879788;0.04413747687879788;0.04413747687879788;0.04413747687879788;0.04413747687879788;0.04413747687879788;0.04413747687879788;0.04413747687879788;0.04413747687879788;0.04413747687879788;0.04413747687879788;0.04413747687879788;0.04413747687879788;0.04413747687879788;0.04413747687879788;0.04413747687879788;0.04413747687879788;0.04413747687879788;0.04413747687879788;0.04413747687879788;0.04413747687879788;0.04413747687879788;0.04413747687879788;0.04413747687879788;0.04413747687879788;0.04413747687879788;0.04413747687879788;0.04413747687879788;0.04413747687879788;0.04413747687879788;0.04413747687879788;0.04413747687879788;0.04413747687879788;0.04413747687879788;0.04413747687879788;0.04413747687879788;0.04413747687879788;0.04413747687879788;0.04413747687879788;0.04413747687879788;0.04413747687879788
2;26;0.07339712790742858;0.07339712790742858;0.07339712790742858;0.07339712790742858;0.07339712790742858;0.07339712790742858;0.07339712790742858;0.07339712790742858;0.07339712790742858;0.07339712790742858;0.07339712790742858;0.07339712790742858;0.07339712790742858;0.06970811518096554;0.06601910245450249;0.06233008972804033;0.05864107700157817;0.05495206427511512;0.05126305154865207;0.047574038822189024;0.043885026095725976;0.043885026095725976;0.043885026095725976;0.043885026095725976;0.043885026095725976;0.043885026095725976;0.043885026095725976;0.043885026095725976;0.043885026095725976;0.043885026095725976;0.043885026095725976;0.043885026095725976;0.043885026095725976;0.043885026095725976;0.043885026095725976;0.043885026095725976;0.043885026095725976;0.043885026095725976;0.043885026095725976;0.043885026095725976;0.043885026095725976;0.043885026095725976;0.043885026095725976;0.043885026095725976;0.043885026095725976;0.043885026095725976;0.043885026095725976;0.043885026095725976;0.043885026095725976;0.043885026095725976;0.043885026095725976;0.043885026095725976;0.043885026095725976;0.043885026095725976;0.043885026095725976;0.043885026095725976;0.043885026095725976;0.043885026095725976;0.043885026095725976;0.043885026095725976;0.043885026095725976;0.043885026095725976;0.043885026095725976;0.043885026095725976;0.043885026095725976;0.043885026095725976;0.043885026095725976;0.043885026095725976;0.043885026095725976;0.043885026095725976;0.043885026095725976;0.043885026095725976;0.043885026095725976;0.043885026095725976;0.043885026095725976;0.043885026095725976;0.043885026095725976;0.043885026095725976;0.043885026095725976;0.043885026095725976;0.043885026095725976;0.043885026095725976;0.043885026095725976;0.043885026095725976;0.043885026095725976;0.043885026095725976;0.043885026095725976;0.043885026095725976;0.043885026095725976;0.043885026095725976;0.043885026095725976;0.043885026095725976;0.043885026095725976;0.043885026095725976;0.043885026095725976;0.043885026095725976;0.043885026095725976
2;27;0.07290165760712064;0.07290165760712064;0.07290165760712064;0.07290165760712064;0.07290165760712064;0.07290165760712064;0.07290165760712064;0.07290165760712064;0.07290165760712064;0.07290165760712064;0.07290165760712064;0.07290165760712064;0.07290165760712064;0.06921264488065804;0.06552363215419543;0.06183461942773283;0.058145606701270225;0.05445659397480718;0.05076758124834502;0.04707856852188197;0.04338955579541892;0.04338955579541892;0.04338955579541892;0.04338955579541892;0.04338955579541892;0.04338955579541892;0.04338955579541892;0.04338955579541892;0.04338955579541892;0.04338955579541892;0.04338955579541892;0.04338955579541892;0.04338955579541892;0.04338955579541892;0.04338955579541892;0.04338955579541892;0.04338955579541892;0.04338955579541892;0.04338955579541892;0.04338955579541892;0.04338955579541892;0.04338955579541892;0.04338955579541892;0.04338955579541892;0.04338955579541892;0.04338955579541892;0.04338955579541892;0.04338955579541892;0.04338955579541892;0.04338955579541892;0.04338955579541892;0.04338955579541892;0.04338955579541892;0.04338955579541892;0.04338955579541892;0.04338955579541892;0.04338955579541892;0.04338955579541892;0.04338955579541892;0.04338955579541892;0.04338955579541892;0.04338955579541892;0.04338955579541892;0.04338955579541892;0.04338955579541892;0.04338955579541892;0.04338955579541892;0.04338955579541892;0.04338955579541892;0.04338955579541892;0.04338955579541892;0.04338955579541892;0.04338955579541892;0.04338955579541892;0.04338955579541892;0.04338955579541892;0.04338955579541892;0.04338955579541892;0.04338955579541892;0.04338955579541892;0.04338955579541892;0.04338955579541892;0.04338955579541892;0.04338955579541892;0.04338955579541892;0.04338955579541892;0.04338955579541892;0.04338955579541892;0.04338955579541892;0.04338955579541892;0.04338955579541892;0.04338955579541892;0.04338955579541892;0.04338955579541892;0.04338955579541892;0.04338955579541892;0.04338955579541892
2;28;0.07244095603818757;0.07244095603818757;0.07244095603818757;0.07244095603818757;0.07244095603818757;0.07244095603818757;0.07244095603818757;0.07244095603818757;0.07244095603818757;0.07244095603818757;0.07244095603818757;0.07244095603818757;0.07244095603818757;0.06875194331172496;0.06506293058526236;0.061373917858799754;0.05768490513233715;0.0539958924058741;0.05030687967941194;0.046617866952948894;0.042928854226485846;0.042928854226485846;0.042928854226485846;0.042928854226485846;0.042928854226485846;0.042928854226485846;0.042928854226485846;0.042928854226485846;0.042928854226485846;0.042928854226485846;0.042928854226485846;0.042928854226485846;0.042928854226485846;0.042928854226485846;0.042928854226485846;0.042928854226485846;0.042928854226485846;0.042928854226485846;0.042928854226485846;0.042928854226485846;0.042928854226485846;0.042928854226485846;0.042928854226485846;0.042928854226485846;0.042928854226485846;0.042928854226485846;0.042928854226485846;0.042928854226485846;0.042928854226485846;0.042928854226485846;0.042928854226485846;0.042928854226485846;0.042928854226485846;0.042928854226485846;0.042928854226485846;0.042928854226485846;0.042928854226485846;0.042928854226485846;0.042928854226485846;0.042928854226485846;0.042928854226485846;0.042928854226485846;0.042928854226485846;0.042928854226485846;0.042928854226485846;0.042928854226485846;0.042928854226485846;0.042928854226485846;0.042928854226485846;0.042928854226485846;0.042928854226485846;0.042928854226485846;0.042928854226485846;0.042928854226485846;0.042928854226485846;0.042928854226485846;0.042928854226485846;0.042928854226485846;0.042928854226485846;0.042928854226485846;0.042928854226485846;0.042928854226485846;0.042928854226485846;0.042928854226485846;0.042928854226485846;0.042928854226485846;0.042928854226485846;0.042928854226485846;0.042928854226485846;0.042928854226485846;0.042928854226485846;0.042928854226485846;0.042928854226485846;0.042928854226485846;0.042928854226485846;0.042928854226485846;0.042928854226485846
2;29;0.07225506280805671;0.07225506280805671;0.07225506280805671;0.07225506280805671;0.07225506280805671;0.07225506280805671;0.07225506280805671;0.07225506280805671;0.07225506280805671;0.07225506280805671;0.07225506280805671;0.07225506280805671;0.07225506280805671;0.06856605008159411;0.0648770373551315;0.0611880246286689;0.0574990119022063;0.05380999917574325;0.05012098644928109;0.04643197372281804;0.042742960996354995;0.042742960996354995;0.042742960996354995;0.042742960996354995;0.042742960996354995;0.042742960996354995;0.042742960996354995;0.042742960996354995;0.042742960996354995;0.042742960996354995;0.042742960996354995;0.042742960996354995;0.042742960996354995;0.042742960996354995;0.042742960996354995;0.042742960996354995;0.042742960996354995;0.042742960996354995;0.042742960996354995;0.042742960996354995;0.042742960996354995;0.042742960996354995;0.042742960996354995;0.042742960996354995;0.042742960996354995;0.042742960996354995;0.042742960996354995;0.042742960996354995;0.042742960996354995;0.042742960996354995;0.042742960996354995;0.042742960996354995;0.042742960996354995;0.042742960996354995;0.042742960996354995;0.042742960996354995;0.042742960996354995;0.042742960996354995;0.042742960996354995;0.042742960996354995;0.042742960996354995;0.042742960996354995;0.042742960996354995;0.042742960996354995;0.042742960996354995;0.042742960996354995;0.042742960996354995;0.042742960996354995;0.042742960996354995;0.042742960996354995;0.042742960996354995;0.042742960996354995;0.042742960996354995;0.042742960996354995;0.042742960996354995;0.042742960996354995;0.042742960996354995;0.042742960996354995;0.042742960996354995;0.042742960996354995;0.042742960996354995;0.042742960996354995;0.042742960996354995;0.042742960996354995;0.042742960996354995;0.042742960996354995;0.042742960996354995;0.042742960996354995;0.042742960996354995;0.042742960996354995;0.042742960996354995;0.042742960996354995;0.042742960996354995;0.042742960996354995;0.042742960996354995;0.042742960996354995;0.042742960996354995
2;30;0.0723251834557006;0.0723251834557006;0.0723251834557006;0.0723251834557006;0.0723251834557006;0.0723251834557006;0.0723251834557006;0.0723251834557006;0.0723251834557006;0.0723251834557006;0.0723251834557006;0.0723251834557006;0.0723251834557006;0.068636170729238;0.0649471580027754;0.06125814527631279;0.05756913254985019;0.05388011982338714;0.05019110709692498;0.04650209437046193;0.042813081643998885;0.042813081643998885;0.042813081643998885;0.042813081643998885;0.042813081643998885;0.042813081643998885;0.042813081643998885;0.042813081643998885;0.042813081643998885;0.042813081643998885;0.042813081643998885;0.042813081643998885;0.042813081643998885;0.042813081643998885;0.042813081643998885;0.042813081643998885;0.042813081643998885;0.042813081643998885;0.042813081643998885;0.042813081643998885;0.042813081643998885;0.042813081643998885;0.042813081643998885;0.042813081643998885;0.042813081643998885;0.042813081643998885;0.042813081643998885;0.042813081643998885;0.042813081643998885;0.042813081643998885;0.042813081643998885;0.042813081643998885;0.042813081643998885;0.042813081643998885;0.042813081643998885;0.042813081643998885;0.042813081643998885;0.042813081643998885;0.042813081643998885;0.042813081643998885;0.042813081643998885;0.042813081643998885;0.042813081643998885;0.042813081643998885;0.042813081643998885;0.042813081643998885;0.042813081643998885;0.042813081643998885;0.042813081643998885;0.042813081643998885;0.042813081643998885;0.042813081643998885;0.042813081643998885;0.042813081643998885;0.042813081643998885;0.042813081643998885;0.042813081643998885;0.042813081643998885;0.042813081643998885;0.042813081643998885;0.042813081643998885;0.042813081643998885;0.042813081643998885;0.042813081643998885;0.042813081643998885;0.042813081643998885;0.042813081643998885;0.042813081643998885;0.042813081643998885;0.042813081643998885;0.042813081643998885;0.042813081643998885;0.042813081643998885;0.042813081643998885;0.042813081643998885;0.042813081643998885;0.042813081643998885
2;31;0.07252395490630903;0.07252395490630903;0.07252395490630903;0.07252395490630903;0.07252395490630903;0.07252395490630903;0.07252395490630903;0.07252395490630903;0.07252395490630903;0.07252395490630903;0.07252395490630903;0.07252395490630903;0.07252395490630903;0.06883494217984643;0.06514592945338382;0.06145691672692122;0.057767904000458614;0.054078891273995566;0.05038987854753341;0.04670086582107036;0.04301185309460731;0.04301185309460731;0.04301185309460731;0.04301185309460731;0.04301185309460731;0.04301185309460731;0.04301185309460731;0.04301185309460731;0.04301185309460731;0.04301185309460731;0.04301185309460731;0.04301185309460731;0.04301185309460731;0.04301185309460731;0.04301185309460731;0.04301185309460731;0.04301185309460731;0.04301185309460731;0.04301185309460731;0.04301185309460731;0.04301185309460731;0.04301185309460731;0.04301185309460731;0.04301185309460731;0.04301185309460731;0.04301185309460731;0.04301185309460731;0.04301185309460731;0.04301185309460731;0.04301185309460731;0.04301185309460731;0.04301185309460731;0.04301185309460731;0.04301185309460731;0.04301185309460731;0.04301185309460731;0.04301185309460731;0.04301185309460731;0.04301185309460731;0.04301185309460731;0.04301185309460731;0.04301185309460731;0.04301185309460731;0.04301185309460731;0.04301185309460731;0.04301185309460731;0.04301185309460731;0.04301185309460731;0.04301185309460731;0.04301185309460731;0.04301185309460731;0.04301185309460731;0.04301185309460731;0.04301185309460731;0.04301185309460731;0.04301185309460731;0.04301185309460731;0.04301185309460731;0.04301185309460731;0.04301185309460731;0.04301185309460731;0.04301185309460731;0.04301185309460731;0.04301185309460731;0.04301185309460731;0.04301185309460731;0.04301185309460731;0.04301185309460731;0.04301185309460731;0.04301185309460731;0.04301185309460731;0.04301185309460731;0.04301185309460731;0.04301185309460731;0.04301185309460731;0.04301185309460731;0.04301185309460731
2;32;0.07272364265165177;0.07272364265165177;0.07272364265165177;0.07272364265165177;0.07272364265165177;0.07272364265165177;0.07272364265165177;0.07272364265165177;0.07272364265165177;0.07272364265165177;0.07272364265165177;0.07272364265165177;0.07272364265165177;0.06903462992518916;0.06534561719872656;0.061656604472263954;0.05796759174580135;0.0542785790193383;0.05058956629287614;0.046900553566413095;0.04321154083995005;0.04321154083995005;0.04321154083995005;0.04321154083995005;0.04321154083995005;0.04321154083995005;0.04321154083995005;0.04321154083995005;0.04321154083995005;0.04321154083995005;0.04321154083995005;0.04321154083995005;0.04321154083995005;0.04321154083995005;0.04321154083995005;0.04321154083995005;0.04321154083995005;0.04321154083995005;0.04321154083995005;0.04321154083995005;0.04321154083995005;0.04321154083995005;0.04321154083995005;0.04321154083995005;0.04321154083995005;0.04321154083995005;0.04321154083995005;0.04321154083995005;0.04321154083995005;0.04321154083995005;0.04321154083995005;0.04321154083995005;0.04321154083995005;0.04321154083995005;0.04321154083995005;0.04321154083995005;0.04321154083995005;0.04321154083995005;0.04321154083995005;0.04321154083995005;0.04321154083995005;0.04321154083995005;0.04321154083995005;0.04321154083995005;0.04321154083995005;0.04321154083995005;0.04321154083995005;0.04321154083995005;0.04321154083995005;0.04321154083995005;0.04321154083995005;0.04321154083995005;0.04321154083995005;0.04321154083995005;0.04321154083995005;0.04321154083995005;0.04321154083995005;0.04321154083995005;0.04321154083995005;0.04321154083995005;0.04321154083995005;0.04321154083995005;0.04321154083995005;0.04321154083995005;0.04321154083995005;0.04321154083995005;0.04321154083995005;0.04321154083995005;0.04321154083995005;0.04321154083995005;0.04321154083995005;0.04321154083995005;0.04321154083995005;0.04321154083995005;0.04321154083995005;0.04321154083995005;0.04321154083995005
2;33;0.07280988516758224;0.07280988516758224;0.07280988516758224;0.07280988516758224;0.07280988516758224;0.07280988516758224;0.07280988516758224;0.07280988516758224;0.07280988516758224;0.07280988516758224;0.07280988516758224;0.07280988516758224;0.07280988516758224;0.06912087244111964;0.06543185971465704;0.06174284698819443;0.05805383426173183;0.05436482153526878;0.05067580880880662;0.046986796082343574;0.043297783355880526;0.043297783355880526;0.043297783355880526;0.043297783355880526;0.043297783355880526;0.043297783355880526;0.043297783355880526;0.043297783355880526;0.043297783355880526;0.043297783355880526;0.043297783355880526;0.043297783355880526;0.043297783355880526;0.043297783355880526;0.043297783355880526;0.043297783355880526;0.043297783355880526;0.043297783355880526;0.043297783355880526;0.043297783355880526;0.043297783355880526;0.043297783355880526;0.043297783355880526;0.043297783355880526;0.043297783355880526;0.043297783355880526;0.043297783355880526;0.043297783355880526;0.043297783355880526;0.043297783355880526;0.043297783355880526;0.043297783355880526;0.043297783355880526;0.043297783355880526;0.043297783355880526;0.043297783355880526;0.043297783355880526;0.043297783355880526;0.043297783355880526;0.043297783355880526;0.043297783355880526;0.043297783355880526;0.043297783355880526;0.043297783355880526;0.043297783355880526;0.043297783355880526;0.043297783355880526;0.043297783355880526;0.043297783355880526;0.043297783355880526;0.043297783355880526;0.043297783355880526;0.043297783355880526;0.043297783355880526;0.043297783355880526;0.043297783355880526;0.043297783355880526;0.043297783355880526;0.043297783355880526;0.043297783355880526;0.043297783355880526;0.043297783355880526;0.043297783355880526;0.043297783355880526;0.043297783355880526;0.043297783355880526;0.043297783355880526;0.043297783355880526;0.043297783355880526;0.043297783355880526;0.043297783355880526;0.043297783355880526;0.043297783355880526;0.043297783355880526;0.043297783355880526;0.043297783355880526;0.043297783355880526
2;34;0.07277917608980022;0.07277917608980022;0.07277917608980022;0.07277917608980022;0.07277917608980022;0.07277917608980022;0.07277917608980022;0.07277917608980022;0.07277917608980022;0.07277917608980022;0.07277917608980022;0.07277917608980022;0.07277917608980022;0.06909016336333762;0.06540115063687502;0.06171213791041241;0.05802312518394981;0.05433411245748676;0.0506450997310246;0.04695608700456155;0.043267074278098505;0.043267074278098505;0.043267074278098505;0.043267074278098505;0.043267074278098505;0.043267074278098505;0.043267074278098505;0.043267074278098505;0.043267074278098505;0.043267074278098505;0.043267074278098505;0.043267074278098505;0.043267074278098505;0.043267074278098505;0.043267074278098505;0.043267074278098505;0.043267074278098505;0.043267074278098505;0.043267074278098505;0.043267074278098505;0.043267074278098505;0.043267074278098505;0.043267074278098505;0.043267074278098505;0.043267074278098505;0.043267074278098505;0.043267074278098505;0.043267074278098505;0.043267074278098505;0.043267074278098505;0.043267074278098505;0.043267074278098505;0.043267074278098505;0.043267074278098505;0.043267074278098505;0.043267074278098505;0.043267074278098505;0.043267074278098505;0.043267074278098505;0.043267074278098505;0.043267074278098505;0.043267074278098505;0.043267074278098505;0.043267074278098505;0.043267074278098505;0.043267074278098505;0.043267074278098505;0.043267074278098505;0.043267074278098505;0.043267074278098505;0.043267074278098505;0.043267074278098505;0.043267074278098505;0.043267074278098505;0.043267074278098505;0.043267074278098505;0.043267074278098505;0.043267074278098505;0.043267074278098505;0.043267074278098505;0.043267074278098505;0.043267074278098505;0.043267074278098505;0.043267074278098505;0.043267074278098505;0.043267074278098505;0.043267074278098505;0.043267074278098505;0.043267074278098505;0.043267074278098505;0.043267074278098505;0.043267074278098505;0.043267074278098505;0.043267074278098505;0.043267074278098505;0.043267074278098505;0.043267074278098505
2;35;0.07268282185404562;0.07268282185404562;0.07268282185404562;0.07268282185404562;0.07268282185404562;0.07268282185404562;0.07268282185404562;0.07268282185404562;0.07268282185404562;0.07268282185404562;0.07268282185404562;0.07268282185404562;0.07268282185404562;0.06899380912758302;0.06530479640112041;0.06161578367465781;0.057926770948195205;0.05423775822173216;0.05054874549527;0.04685973276880695;0.0431707200423439;0.0431707200423439;0.0431707200423439;0.0431707200423439;0.0431707200423439;0.0431707200423439;0.0431707200423439;0.0431707200423439;0.0431707200423439;0.0431707200423439;0.0431707200423439;0.0431707200423439;0.0431707200423439;0.0431707200423439;0.0431707200423439;0.0431707200423439;0.0431707200423439;0.0431707200423439;0.0431707200423439;0.0431707200423439;0.0431707200423439;0.0431707200423439;0.0431707200423439;0.0431707200423439;0.0431707200423439;0.0431707200423439;0.0431707200423439;0.0431707200423439;0.0431707200423439;0.0431707200423439;0.0431707200423439;0.0431707200423439;0.0431707200423439;0.0431707200423439;0.0431707200423439;0.0431707200423439;0.0431707200423439;0.0431707200423439;0.0431707200423439;0.0431707200423439;0.0431707200423439;0.0431707200423439;0.0431707200423439;0.0431707200423439;0.0431707200423439;0.0431707200423439;0.0431707200423439;0.0431707200423439;0.0431707200423439;0.0431707200423439;0.0431707200423439;0.0431707200423439;0.0431707200423439;0.0431707200423439;0.0431707200423439;0.0431707200423439;0.0431707200423439;0.0431707200423439;0.0431707200423439;0.0431707200423439;0.0431707200423439;0.0431707200423439;0.0431707200423439;0.0431707200423439;0.0431707200423439;0.0431707200423439;0.0431707200423439;0.0431707200423439;0.0431707200423439;0.0431707200423439;0.0431707200423439;0.0431707200423439;0.0431707200423439;0.0431707200423439;0.0431707200423439;0.0431707200423439;0.0431707200423439
2;36;0.0725725184595456;0.0725725184595456;0.0725725184595456;0.0725725184595456;0.0725725184595456;0.0725725184595456;0.0725725184595456;0.0725725184595456;0.0725725184595456;0.0725725184595456;0.0725725184595456;0.0725725184595456;0.0725725184595456;0.068883505733083;0.06519449300662039;0.06150548028015779;0.05781646755369518;0.054127454827232135;0.050438442100769976;0.04674942937430693;0.04306041664784388;0.04306041664784388;0.04306041664784388;0.04306041664784388;0.04306041664784388;0.04306041664784388;0.04306041664784388;0.04306041664784388;0.04306041664784388;0.04306041664784388;0.04306041664784388;0.04306041664784388;0.04306041664784388;0.04306041664784388;0.04306041664784388;0.04306041664784388;0.04306041664784388;0.04306041664784388;0.04306041664784388;0.04306041664784388;0.04306041664784388;0.04306041664784388;0.04306041664784388;0.04306041664784388;0.04306041664784388;0.04306041664784388;0.04306041664784388;0.04306041664784388;0.04306041664784388;0.04306041664784388;0.04306041664784388;0.04306041664784388;0.04306041664784388;0.04306041664784388;0.04306041664784388;0.04306041664784388;0.04306041664784388;0.04306041664784388;0.04306041664784388;0.04306041664784388;0.04306041664784388;0.04306041664784388;0.04306041664784388;0.04306041664784388;0.04306041664784388;0.04306041664784388;0.04306041664784388;0.04306041664784388;0.04306041664784388;0.04306041664784388;0.04306041664784388;0.04306041664784388;0.04306041664784388;0.04306041664784388;0.04306041664784388;0.04306041664784388;0.04306041664784388;0.04306041664784388;0.04306041664784388;0.04306041664784388;0.04306041664784388;0.04306041664784388;0.04306041664784388;0.04306041664784388;0.04306041664784388;0.04306041664784388;0.04306041664784388;0.04306041664784388;0.04306041664784388;0.04306041664784388;0.04306041664784388;0.04306041664784388;0.04306041664784388;0.04306041664784388;0.04306041664784388;0.04306041664784388;0.04306041664784388
2;37;0.07249661950935415;0.07249661950935415;0.07249661950935415;0.07249661950935415;0.07249661950935415;0.07249661950935415;0.07249661950935415;0.07249661950935415;0.07249661950935415;0.07249661950935415;0.07249661950935415;0.07249661950935415;0.07249661950935415;0.06880760678289155;0.06511859405642895;0.06142958132996634;0.05774056860350374;0.05405155587704069;0.05036254315057853;0.046673530424115484;0.042984517697652436;0.042984517697652436;0.042984517697652436;0.042984517697652436;0.042984517697652436;0.042984517697652436;0.042984517697652436;0.042984517697652436;0.042984517697652436;0.042984517697652436;0.042984517697652436;0.042984517697652436;0.042984517697652436;0.042984517697652436;0.042984517697652436;0.042984517697652436;0.042984517697652436;0.042984517697652436;0.042984517697652436;0.042984517697652436;0.042984517697652436;0.042984517697652436;0.042984517697652436;0.042984517697652436;0.042984517697652436;0.042984517697652436;0.042984517697652436;0.042984517697652436;0.042984517697652436;0.042984517697652436;0.042984517697652436;0.042984517697652436;0.042984517697652436;0.042984517697652436;0.042984517697652436;0.042984517697652436;0.042984517697652436;0.042984517697652436;0.042984517697652436;0.042984517697652436;0.042984517697652436;0.042984517697652436;0.042984517697652436;0.042984517697652436;0.042984517697652436;0.042984517697652436;0.042984517697652436;0.042984517697652436;0.042984517697652436;0.042984517697652436;0.042984517697652436;0.042984517697652436;0.042984517697652436;0.042984517697652436;0.042984517697652436;0.042984517697652436;0.042984517697652436;0.042984517697652436;0.042984517697652436;0.042984517697652436;0.042984517697652436;0.042984517697652436;0.042984517697652436;0.042984517697652436;0.042984517697652436;0.042984517697652436;0.042984517697652436;0.042984517697652436;0.042984517697652436;0.042984517697652436;0.042984517697652436;0.042984517697652436;0.042984517697652436;0.042984517697652436;0.042984517697652436;0.042984517697652436;0.042984517697652436
2;38;0.07246967359615208;0.07246967359615208;0.07246967359615208;0.07246967359615208;0.07246967359615208;0.07246967359615208;0.07246967359615208;0.07246967359615208;0.07246967359615208;0.07246967359615208;0.07246967359615208;0.07246967359615208;0.07246967359615208;0.06878066086968948;0.06509164814322688;0.06140263541676427;0.05771362269030167;0.05402460996383862;0.05033559723737646;0.046646584510913414;0.042957571784450366;0.042957571784450366;0.042957571784450366;0.042957571784450366;0.042957571784450366;0.042957571784450366;0.042957571784450366;0.042957571784450366;0.042957571784450366;0.042957571784450366;0.042957571784450366;0.042957571784450366;0.042957571784450366;0.042957571784450366;0.042957571784450366;0.042957571784450366;0.042957571784450366;0.042957571784450366;0.042957571784450366;0.042957571784450366;0.042957571784450366;0.042957571784450366;0.042957571784450366;0.042957571784450366;0.042957571784450366;0.042957571784450366;0.042957571784450366;0.042957571784450366;0.042957571784450366;0.042957571784450366;0.042957571784450366;0.042957571784450366;0.042957571784450366;0.042957571784450366;0.042957571784450366;0.042957571784450366;0.042957571784450366;0.042957571784450366;0.042957571784450366;0.042957571784450366;0.042957571784450366;0.042957571784450366;0.042957571784450366;0.042957571784450366;0.042957571784450366;0.042957571784450366;0.042957571784450366;0.042957571784450366;0.042957571784450366;0.042957571784450366;0.042957571784450366;0.042957571784450366;0.042957571784450366;0.042957571784450366;0.042957571784450366;0.042957571784450366;0.042957571784450366;0.042957571784450366;0.042957571784450366;0.042957571784450366;0.042957571784450366;0.042957571784450366;0.042957571784450366;0.042957571784450366;0.042957571784450366;0.042957571784450366;0.042957571784450366;0.042957571784450366;0.042957571784450366;0.042957571784450366;0.042957571784450366;0.042957571784450366;0.042957571784450366;0.042957571784450366;0.042957571784450366;0.042957571784450366;0.042957571784450366
2;39;0.07248660047212319;0.07248660047212319;0.07248660047212319;0.07248660047212319;0.07248660047212319;0.07248660047212319;0.07248660047212319;0.07248660047212319;0.07248660047212319;0.07248660047212319;0.07248660047212319;0.07248660047212319;0.07248660047212319;0.06879758774566058;0.06510857501919798;0.061419562292735375;0.05773054956627277;0.05404153683980972;0.05035252411334756;0.046663511386884515;0.04297449866042147;0.04297449866042147;0.04297449866042147;0.04297449866042147;0.04297449866042147;0.04297449866042147;0.04297449866042147;0.04297449866042147;0.04297449866042147;0.04297449866042147;0.04297449866042147;0.04297449866042147;0.04297449866042147;0.04297449866042147;0.04297449866042147;0.04297449866042147;0.04297449866042147;0.04297449866042147;0.04297449866042147;0.04297449866042147;0.04297449866042147;0.04297449866042147;0.04297449866042147;0.04297449866042147;0.04297449866042147;0.04297449866042147;0.04297449866042147;0.04297449866042147;0.04297449866042147;0.04297449866042147;0.04297449866042147;0.04297449866042147;0.04297449866042147;0.04297449866042147;0.04297449866042147;0.04297449866042147;0.04297449866042147;0.04297449866042147;0.04297449866042147;0.04297449866042147;0.04297449866042147;0.04297449866042147;0.04297449866042147;0.04297449866042147;0.04297449866042147;0.04297449866042147;0.04297449866042147;0.04297449866042147;0.04297449866042147;0.04297449866042147;0.04297449866042147;0.04297449866042147;0.04297449866042147;0.04297449866042147;0.04297449866042147;0.04297449866042147;0.04297449866042147;0.04297449866042147;0.04297449866042147;0.04297449866042147;0.04297449866042147;0.04297449866042147;0.04297449866042147;0.04297449866042147;0.04297449866042147;0.04297449866042147;0.04297449866042147;0.04297449866042147;0.04297449866042147;0.04297449866042147;0.04297449866042147;0.04297449866042147;0.04297449866042147;0.04297449866042147;0.04297449866042147;0.04297449866042147;0.04297449866042147
2;40;0.07254207810732538;0.07254207810732538;0.07254207810732538;0.07254207810732538;0.07254207810732538;0.07254207810732538;0.07254207810732538;0.07254207810732538;0.07254207810732538;0.07254207810732538;0.07254207810732538;0.07254207810732538;0.07254207810732538;0.06885306538086278;0.06516405265440017;0.06147503992793757;0.057786027201474965;0.05409701447501192;0.05040800174854976;0.04671898902208671;0.04302997629562366;0.04302997629562366;0.04302997629562366;0.04302997629562366;0.04302997629562366;0.04302997629562366;0.04302997629562366;0.04302997629562366;0.04302997629562366;0.04302997629562366;0.04302997629562366;0.04302997629562366;0.04302997629562366;0.04302997629562366;0.04302997629562366;0.04302997629562366;0.04302997629562366;0.04302997629562366;0.04302997629562366;0.04302997629562366;0.04302997629562366;0.04302997629562366;0.04302997629562366;0.04302997629562366;0.04302997629562366;0.04302997629562366;0.04302997629562366;0.04302997629562366;0.04302997629562366;0.04302997629562366;0.04302997629562366;0.04302997629562366;0.04302997629562366;0.04302997629562366;0.04302997629562366;0.04302997629562366;0.04302997629562366;0.04302997629562366;0.04302997629562366;0.04302997629562366;0.04302997629562366;0.04302997629562366;0.04302997629562366;0.04302997629562366;0.04302997629562366;0.04302997629562366;0.04302997629562366;0.04302997629562366;0.04302997629562366;0.04302997629562366;0.04302997629562366;0.04302997629562366;0.04302997629562366;0.04302997629562366;0.04302997629562366;0.04302997629562366;0.04302997629562366;0.04302997629562366;0.04302997629562366;0.04302997629562366;0.04302997629562366;0.04302997629562366;0.04302997629562366;0.04302997629562366;0.04302997629562366;0.04302997629562366;0.04302997629562366;0.04302997629562366;0.04302997629562366;0.04302997629562366;0.04302997629562366;0.04302997629562366;0.04302997629562366;0.04302997629562366;0.04302997629562366;0.04302997629562366;0.04302997629562366
2;41;0.07263625121508;0.07263625121508;0.07263625121508;0.07263625121508;0.07263625121508;0.07263625121508;0.07263625121508;0.07263625121508;0.07263625121508;0.07263625121508;0.07263625121508;0.07263625121508;0.07263625121508;0.06894723848861739;0.06525822576215479;0.06156921303569218;0.05788020030922958;0.05419118758276653;0.05050217485630437;0.046813162129841324;0.043124149403378276;0.043124149403378276;0.043124149403378276;0.043124149403378276;0.043124149403378276;0.043124149403378276;0.043124149403378276;0.043124149403378276;0.043124149403378276;0.043124149403378276;0.043124149403378276;0.043124149403378276;0.043124149403378276;0.043124149403378276;0.043124149403378276;0.043124149403378276;0.043124149403378276;0.043124149403378276;0.043124149403378276;0.043124149403378276;0.043124149403378276;0.043124149403378276;0.043124149403378276;0.043124149403378276;0.043124149403378276;0.043124149403378276;0.043124149403378276;0.043124149403378276;0.043124149403378276;0.043124149403378276;0.043124149403378276;0.043124149403378276;0.043124149403378276;0.043124149403378276;0.043124149403378276;0.043124149403378276;0.043124149403378276;0.043124149403378276;0.043124149403378276;0.043124149403378276;0.043124149403378276;0.043124149403378276;0.043124149403378276;0.043124149403378276;0.043124149403378276;0.043124149403378276;0.043124149403378276;0.043124149403378276;0.043124149403378276;0.043124149403378276;0.043124149403378276;0.043124149403378276;0.043124149403378276;0.043124149403378276;0.043124149403378276;0.043124149403378276;0.043124149403378276;0.043124149403378276;0.043124149403378276;0.043124149403378276;0.043124149403378276;0.043124149403378276;0.043124149403378276;0.043124149403378276;0.043124149403378276;0.043124149403378276;0.043124149403378276;0.043124149403378276;0.043124149403378276;0.043124149403378276;0.043124149403378276;0.043124149403378276;0.043124149403378276;0.043124149403378276;0.043124149403378276;0.043124149403378276;0.043124149403378276
2;42;0.07283755978072559;0.07283755978072559;0.07283755978072559;0.07283755978072559;0.07283755978072559;0.07283755978072559;0.07283755978072559;0.07283755978072559;0.07283755978072559;0.07283755978072559;0.07283755978072559;0.07283755978072559;0.07283755978072559;0.06914854705426299;0.06545953432780038;0.06177052160133778;0.058081508874875176;0.05439249614841213;0.05070348342194997;0.04701447069548692;0.04332545796902387;0.04332545796902387;0.04332545796902387;0.04332545796902387;0.04332545796902387;0.04332545796902387;0.04332545796902387;0.04332545796902387;0.04332545796902387;0.04332545796902387;0.04332545796902387;0.04332545796902387;0.04332545796902387;0.04332545796902387;0.04332545796902387;0.04332545796902387;0.04332545796902387;0.04332545796902387;0.04332545796902387;0.04332545796902387;0.04332545796902387;0.04332545796902387;0.04332545796902387;0.04332545796902387;0.04332545796902387;0.04332545796902387;0.04332545796902387;0.04332545796902387;0.04332545796902387;0.04332545796902387;0.04332545796902387;0.04332545796902387;0.04332545796902387;0.04332545796902387;0.04332545796902387;0.04332545796902387;0.04332545796902387;0.04332545796902387;0.04332545796902387;0.04332545796902387;0.04332545796902387;0.04332545796902387;0.04332545796902387;0.04332545796902387;0.04332545796902387;0.04332545796902387;0.04332545796902387;0.04332545796902387;0.04332545796902387;0.04332545796902387;0.04332545796902387;0.04332545796902387;0.04332545796902387;0.04332545796902387;0.04332545796902387;0.04332545796902387;0.04332545796902387;0.04332545796902387;0.04332545796902387;0.04332545796902387;0.04332545796902387;0.04332545796902387;0.04332545796902387;0.04332545796902387;0.04332545796902387;0.04332545796902387;0.04332545796902387;0.04332545796902387;0.04332545796902387;0.04332545796902387;0.04332545796902387;0.04332545796902387;0.04332545796902387;0.04332545796902387;0.04332545796902387;0.04332545796902387;0.04332545796902387
2;43;0.07326086798130405;0.07326086798130405;0.07326086798130405;0.07326086798130405;0.07326086798130405;0.07326086798130405;0.07326086798130405;0.07326086798130405;0.07326086798130405;0.07326086798130405;0.07326086798130405;0.07326086798130405;0.07326086798130405;0.06957185525484144;0.06588284252837884;0.062193829801916234;0.05850481707545363;0.05481580434899058;0.05112679162252842;0.047437778896065375;0.04374876616960233;0.04374876616960233;0.04374876616960233;0.04374876616960233;0.04374876616960233;0.04374876616960233;0.04374876616960233;0.04374876616960233;0.04374876616960233;0.04374876616960233;0.04374876616960233;0.04374876616960233;0.04374876616960233;0.04374876616960233;0.04374876616960233;0.04374876616960233;0.04374876616960233;0.04374876616960233;0.04374876616960233;0.04374876616960233;0.04374876616960233;0.04374876616960233;0.04374876616960233;0.04374876616960233;0.04374876616960233;0.04374876616960233;0.04374876616960233;0.04374876616960233;0.04374876616960233;0.04374876616960233;0.04374876616960233;0.04374876616960233;0.04374876616960233;0.04374876616960233;0.04374876616960233;0.04374876616960233;0.04374876616960233;0.04374876616960233;0.04374876616960233;0.04374876616960233;0.04374876616960233;0.04374876616960233;0.04374876616960233;0.04374876616960233;0.04374876616960233;0.04374876616960233;0.04374876616960233;0.04374876616960233;0.04374876616960233;0.04374876616960233;0.04374876616960233;0.04374876616960233;0.04374876616960233;0.04374876616960233;0.04374876616960233;0.04374876616960233;0.04374876616960233;0.04374876616960233;0.04374876616960233;0.04374876616960233;0.04374876616960233;0.04374876616960233;0.04374876616960233;0.04374876616960233;0.04374876616960233;0.04374876616960233;0.04374876616960233;0.04374876616960233;0.04374876616960233;0.04374876616960233;0.04374876616960233;0.04374876616960233;0.04374876616960233;0.04374876616960233;0.04374876616960233;0.04374876616960233;0.04374876616960233
2;44;0.07402192715879963;0.07402192715879963;0.07402192715879963;0.07402192715879963;0.07402192715879963;0.07402192715879963;0.07402192715879963;0.07402192715879963;0.07402192715879963;0.07402192715879963;0.07402192715879963;0.07402192715879963;0.07402192715879963;0.07033291443233702;0.06664390170587442;0.06295488897941182;0.05926587625294921;0.055576863526486164;0.051887850800024005;0.04819883807356096;0.04450982534709791;0.04450982534709791;0.04450982534709791;0.04450982534709791;0.04450982534709791;0.04450982534709791;0.04450982534709791;0.04450982534709791;0.04450982534709791;0.04450982534709791;0.04450982534709791;0.04450982534709791;0.04450982534709791;0.04450982534709791;0.04450982534709791;0.04450982534709791;0.04450982534709791;0.04450982534709791;0.04450982534709791;0.04450982534709791;0.04450982534709791;0.04450982534709791;0.04450982534709791;0.04450982534709791;0.04450982534709791;0.04450982534709791;0.04450982534709791;0.04450982534709791;0.04450982534709791;0.04450982534709791;0.04450982534709791;0.04450982534709791;0.04450982534709791;0.04450982534709791;0.04450982534709791;0.04450982534709791;0.04450982534709791;0.04450982534709791;0.04450982534709791;0.04450982534709791;0.04450982534709791;0.04450982534709791;0.04450982534709791;0.04450982534709791;0.04450982534709791;0.04450982534709791;0.04450982534709791;0.04450982534709791;0.04450982534709791;0.04450982534709791;0.04450982534709791;0.04450982534709791;0.04450982534709791;0.04450982534709791;0.04450982534709791;0.04450982534709791;0.04450982534709791;0.04450982534709791;0.04450982534709791;0.04450982534709791;0.04450982534709791;0.04450982534709791;0.04450982534709791;0.04450982534709791;0.04450982534709791;0.04450982534709791;0.04450982534709791;0.04450982534709791;0.04450982534709791;0.04450982534709791;0.04450982534709791;0.04450982534709791;0.04450982534709791;0.04450982534709791;0.04450982534709791;0.04450982534709791;0.04450982534709791
2;45;0.07522629974014272;0.07522629974014272;0.07522629974014272;0.07522629974014272;0.07522629974014272;0.07522629974014272;0.07522629974014272;0.07522629974014272;0.07522629974014272;0.07522629974014272;0.07522629974014272;0.07522629974014272;0.07522629974014272;0.07153728701368012;0.06784827428721751;0.06415926156075491;0.060470248834292306;0.05678123610782926;0.0530922233813671;0.04940321065490405;0.045714197928441;0.045714197928441;0.045714197928441;0.045714197928441;0.045714197928441;0.045714197928441;0.045714197928441;0.045714197928441;0.045714197928441;0.045714197928441;0.045714197928441;0.045714197928441;0.045714197928441;0.045714197928441;0.045714197928441;0.045714197928441;0.045714197928441;0.045714197928441;0.045714197928441;0.045714197928441;0.045714197928441;0.045714197928441;0.045714197928441;0.045714197928441;0.045714197928441;0.045714197928441;0.045714197928441;0.045714197928441;0.045714197928441;0.045714197928441;0.045714197928441;0.045714197928441;0.045714197928441;0.045714197928441;0.045714197928441;0.045714197928441;0.045714197928441;0.045714197928441;0.045714197928441;0.045714197928441;0.045714197928441;0.045714197928441;0.045714197928441;0.045714197928441;0.045714197928441;0.045714197928441;0.045714197928441;0.045714197928441;0.045714197928441;0.045714197928441;0.045714197928441;0.045714197928441;0.045714197928441;0.045714197928441;0.045714197928441;0.045714197928441;0.045714197928441;0.045714197928441;0.045714197928441;0.045714197928441;0.045714197928441;0.045714197928441;0.045714197928441;0.045714197928441;0.045714197928441;0.045714197928441;0.045714197928441;0.045714197928441;0.045714197928441;0.045714197928441;0.045714197928441;0.045714197928441;0.045714197928441;0.045714197928441;0.045714197928441;0.045714197928441;0.045714197928441
2;46;0.07681975539738684;0.07681975539738684;0.07681975539738684;0.07681975539738684;0.07681975539738684;0.07681975539738684;0.07681975539738684;0.07681975539738684;0.07681975539738684;0.07681975539738684;0.07681975539738684;0.07681975539738684;0.07681975539738684;0.07313074267092423;0.06944172994446163;0.06575271721799902;0.06206370449153642;0.05837469176507337;0.05468567903861121;0.050996666312148164;0.04730765358568512;0.04730765358568512;0.04730765358568512;0.04730765358568512;0.04730765358568512;0.04730765358568512;0.04730765358568512;0.04730765358568512;0.04730765358568512;0.04730765358568512;0.04730765358568512;0.04730765358568512;0.04730765358568512;0.04730765358568512;0.04730765358568512;0.04730765358568512;0.04730765358568512;0.04730765358568512;0.04730765358568512;0.04730765358568512;0.04730765358568512;0.04730765358568512;0.04730765358568512;0.04730765358568512;0.04730765358568512;0.04730765358568512;0.04730765358568512;0.04730765358568512;0.04730765358568512;0.04730765358568512;0.04730765358568512;0.04730765358568512;0.04730765358568512;0.04730765358568512;0.04730765358568512;0.04730765358568512;0.04730765358568512;0.04730765358568512;0.04730765358568512;0.04730765358568512;0.04730765358568512;0.04730765358568512;0.04730765358568512;0.04730765358568512;0.04730765358568512;0.04730765358568512;0.04730765358568512;0.04730765358568512;0.04730765358568512;0.04730765358568512;0.04730765358568512;0.04730765358568512;0.04730765358568512;0.04730765358568512;0.04730765358568512;0.04730765358568512;0.04730765358568512;0.04730765358568512;0.04730765358568512;0.04730765358568512;0.04730765358568512;0.04730765358568512;0.04730765358568512;0.04730765358568512;0.04730765358568512;0.04730765358568512;0.04730765358568512;0.04730765358568512;0.04730765358568512;0.04730765358568512;0.04730765358568512;0.04730765358568512;0.04730765358568512;0.04730765358568512;0.04730765358568512;0.04730765358568512;0.04730765358568512
2;47;0.07862119143226831;0.07862119143226831;0.07862119143226831;0.07862119143226831;0.07862119143226831;0.07862119143226831;0.07862119143226831;0.07862119143226831;0.07862119143226831;0.07862119143226831;0.07862119143226831;0.07862119143226831;0.07862119143226831;0.07493217870580571;0.0712431659793431;0.0675541532528805;0.0638651405264179;0.06017612779995485;0.05648711507349269;0.05279810234702964;0.04910908962056659;0.04910908962056659;0.04910908962056659;0.04910908962056659;0.04910908962056659;0.04910908962056659;0.04910908962056659;0.04910908962056659;0.04910908962056659;0.04910908962056659;0.04910908962056659;0.04910908962056659;0.04910908962056659;0.04910908962056659;0.04910908962056659;0.04910908962056659;0.04910908962056659;0.04910908962056659;0.04910908962056659;0.04910908962056659;0.04910908962056659;0.04910908962056659;0.04910908962056659;0.04910908962056659;0.04910908962056659;0.04910908962056659;0.04910908962056659;0.04910908962056659;0.04910908962056659;0.04910908962056659;0.04910908962056659;0.04910908962056659;0.04910908962056659;0.04910908962056659;0.04910908962056659;0.04910908962056659;0.04910908962056659;0.04910908962056659;0.04910908962056659;0.04910908962056659;0.04910908962056659;0.04910908962056659;0.04910908962056659;0.04910908962056659;0.04910908962056659;0.04910908962056659;0.04910908962056659;0.04910908962056659;0.04910908962056659;0.04910908962056659;0.04910908962056659;0.04910908962056659;0.04910908962056659;0.04910908962056659;0.04910908962056659;0.04910908962056659;0.04910908962056659;0.04910908962056659;0.04910908962056659;0.04910908962056659;0.04910908962056659;0.04910908962056659;0.04910908962056659;0.04910908962056659;0.04910908962056659;0.04910908962056659;0.04910908962056659;0.04910908962056659;0.04910908962056659;0.04910908962056659;0.04910908962056659;0.04910908962056659;0.04910908962056659;0.04910908962056659;0.04910908962056659;0.04910908962056659;0.04910908962056659
2;48;0.08044601034865284;0.08044601034865284;0.08044601034865284;0.08044601034865284;0.08044601034865284;0.08044601034865284;0.08044601034865284;0.08044601034865284;0.08044601034865284;0.08044601034865284;0.08044601034865284;0.08044601034865284;0.08044601034865284;0.07675699762219024;0.07306798489572763;0.06937897216926503;0.06568995944280243;0.06200094671633938;0.05831193398987722;0.05462292126341417;0.05093390853695112;0.05093390853695112;0.05093390853695112;0.05093390853695112;0.05093390853695112;0.05093390853695112;0.05093390853695112;0.05093390853695112;0.05093390853695112;0.05093390853695112;0.05093390853695112;0.05093390853695112;0.05093390853695112;0.05093390853695112;0.05093390853695112;0.05093390853695112;0.05093390853695112;0.05093390853695112;0.05093390853695112;0.05093390853695112;0.05093390853695112;0.05093390853695112;0.05093390853695112;0.05093390853695112;0.05093390853695112;0.05093390853695112;0.05093390853695112;0.05093390853695112;0.05093390853695112;0.05093390853695112;0.05093390853695112;0.05093390853695112;0.05093390853695112;0.05093390853695112;0.05093390853695112;0.05093390853695112;0.05093390853695112;0.05093390853695112;0.05093390853695112;0.05093390853695112;0.05093390853695112;0.05093390853695112;0.05093390853695112;0.05093390853695112;0.05093390853695112;0.05093390853695112;0.05093390853695112;0.05093390853695112;0.05093390853695112;0.05093390853695112;0.05093390853695112;0.05093390853695112;0.05093390853695112;0.05093390853695112;0.05093390853695112;0.05093390853695112;0.05093390853695112;0.05093390853695112;0.05093390853695112;0.05093390853695112;0.05093390853695112;0.05093390853695112;0.05093390853695112;0.05093390853695112;0.05093390853695112;0.05093390853695112;0.05093390853695112;0.05093390853695112;0.05093390853695112;0.05093390853695112;0.05093390853695112;0.05093390853695112;0.05093390853695112;0.05093390853695112;0.05093390853695112;0.05093390853695112;0.05093390853695112
2;49;0.08212433193414537;0.08212433193414537;0.08212433193414537;0.08212433193414537;0.08212433193414537;0.08212433193414537;0.08212433193414537;0.08212433193414537;0.08212433193414537;0.08212433193414537;0.08212433193414537;0.08212433193414537;0.08212433193414537;0.07843531920768276;0.07474630648122016;0.07105729375475756;0.06736828102829495;0.0636792683018319;0.059990255575369744;0.056301242848906696;0.05261223012244365;0.05261223012244365;0.05261223012244365;0.05261223012244365;0.05261223012244365;0.05261223012244365;0.05261223012244365;0.05261223012244365;0.05261223012244365;0.05261223012244365;0.05261223012244365;0.05261223012244365;0.05261223012244365;0.05261223012244365;0.05261223012244365;0.05261223012244365;0.05261223012244365;0.05261223012244365;0.05261223012244365;0.05261223012244365;0.05261223012244365;0.05261223012244365;0.05261223012244365;0.05261223012244365;0.05261223012244365;0.05261223012244365;0.05261223012244365;0.05261223012244365;0.05261223012244365;0.05261223012244365;0.05261223012244365;0.05261223012244365;0.05261223012244365;0.05261223012244365;0.05261223012244365;0.05261223012244365;0.05261223012244365;0.05261223012244365;0.05261223012244365;0.05261223012244365;0.05261223012244365;0.05261223012244365;0.05261223012244365;0.05261223012244365;0.05261223012244365;0.05261223012244365;0.05261223012244365;0.05261223012244365;0.05261223012244365;0.05261223012244365;0.05261223012244365;0.05261223012244365;0.05261223012244365;0.05261223012244365;0.05261223012244365;0.05261223012244365;0.05261223012244365;0.05261223012244365;0.05261223012244365;0.05261223012244365;0.05261223012244365;0.05261223012244365;0.05261223012244365;0.05261223012244365;0.05261223012244365;0.05261223012244365;0.05261223012244365;0.05261223012244365;0.05261223012244365;0.05261223012244365;0.05261223012244365;0.05261223012244365;0.05261223012244365;0.05261223012244365;0.05261223012244365;0.05261223012244365;0.05261223012244365
2;50;0.08378223671639518;0.08378223671639518;0.08378223671639518;0.08378223671639518;0.08378223671639518;0.08378223671639518;0.08378223671639518;0.08378223671639518;0.08378223671639518;0.08378223671639518;0.08378223671639518;0.08378223671639518;0.08378223671639518;0.08009322398993257;0.07640421126346997;0.07271519853700736;0.06902618581054476;0.06533717308408171;0.06164816035761955;0.057959147631156505;0.05427013490469346;0.05427013490469346;0.05427013490469346;0.05427013490469346;0.05427013490469346;0.05427013490469346;0.05427013490469346;0.05427013490469346;0.05427013490469346;0.05427013490469346;0.05427013490469346;0.05427013490469346;0.05427013490469346;0.05427013490469346;0.05427013490469346;0.05427013490469346;0.05427013490469346;0.05427013490469346;0.05427013490469346;0.05427013490469346;0.05427013490469346;0.05427013490469346;0.05427013490469346;0.05427013490469346;0.05427013490469346;0.05427013490469346;0.05427013490469346;0.05427013490469346;0.05427013490469346;0.05427013490469346;0.05427013490469346;0.05427013490469346;0.05427013490469346;0.05427013490469346;0.05427013490469346;0.05427013490469346;0.05427013490469346;0.05427013490469346;0.05427013490469346;0.05427013490469346;0.05427013490469346;0.05427013490469346;0.05427013490469346;0.05427013490469346;0.05427013490469346;0.05427013490469346;0.05427013490469346;0.05427013490469346;0.05427013490469346;0.05427013490469346;0.05427013490469346;0.05427013490469346;0.05427013490469346;0.05427013490469346;0.05427013490469346;0.05427013490469346;0.05427013490469346;0.05427013490469346;0.05427013490469346;0.05427013490469346;0.05427013490469346;0.05427013490469346;0.05427013490469346;0.05427013490469346;0.05427013490469346;0.05427013490469346;0.05427013490469346;0.05427013490469346;0.05427013490469346;0.05427013490469346;0.05427013490469346;0.05427013490469346;0.05427013490469346;0.05427013490469346;0.05427013490469346;0.05427013490469346;0.05427013490469346
2;51;0.08581990201484313;0.08581990201484313;0.08581990201484313;0.08581990201484313;0.08581990201484313;0.08581990201484313;0.08581990201484313;0.08581990201484313;0.08581990201484313;0.08581990201484313;0.08581990201484313;0.08581990201484313;0.08581990201484313;0.08213088928838053;0.07844187656191792;0.07475286383545532;0.07106385110899271;0.06737483838252967;0.06368582565606751;0.05999681292960446;0.05630780020314141;0.05630780020314141;0.05630780020314141;0.05630780020314141;0.05630780020314141;0.05630780020314141;0.05630780020314141;0.05630780020314141;0.05630780020314141;0.05630780020314141;0.05630780020314141;0.05630780020314141;0.05630780020314141;0.05630780020314141;0.05630780020314141;0.05630780020314141;0.05630780020314141;0.05630780020314141;0.05630780020314141;0.05630780020314141;0.05630780020314141;0.05630780020314141;0.05630780020314141;0.05630780020314141;0.05630780020314141;0.05630780020314141;0.05630780020314141;0.05630780020314141;0.05630780020314141;0.05630780020314141;0.05630780020314141;0.05630780020314141;0.05630780020314141;0.05630780020314141;0.05630780020314141;0.05630780020314141;0.05630780020314141;0.05630780020314141;0.05630780020314141;0.05630780020314141;0.05630780020314141;0.05630780020314141;0.05630780020314141;0.05630780020314141;0.05630780020314141;0.05630780020314141;0.05630780020314141;0.05630780020314141;0.05630780020314141;0.05630780020314141;0.05630780020314141;0.05630780020314141;0.05630780020314141;0.05630780020314141;0.05630780020314141;0.05630780020314141;0.05630780020314141;0.05630780020314141;0.05630780020314141;0.05630780020314141;0.05630780020314141;0.05630780020314141;0.05630780020314141;0.05630780020314141;0.05630780020314141;0.05630780020314141;0.05630780020314141;0.05630780020314141;0.05630780020314141;0.05630780020314141;0.05630780020314141;0.05630780020314141;0.05630780020314141;0.05630780020314141;0.05630780020314141;0.05630780020314141;0.05630780020314141
2;52;0.08864784156768124;0.08864784156768124;0.08864784156768124;0.08864784156768124;0.08864784156768124;0.08864784156768124;0.08864784156768124;0.08864784156768124;0.08864784156768124;0.08864784156768124;0.08864784156768124;0.08864784156768124;0.08864784156768124;0.08495882884121864;0.08126981611475603;0.07758080338829343;0.07389179066183083;0.07020277793536778;0.06651376520890562;0.06282475248244257;0.05913573975597952;0.05913573975597952;0.05913573975597952;0.05913573975597952;0.05913573975597952;0.05913573975597952;0.05913573975597952;0.05913573975597952;0.05913573975597952;0.05913573975597952;0.05913573975597952;0.05913573975597952;0.05913573975597952;0.05913573975597952;0.05913573975597952;0.05913573975597952;0.05913573975597952;0.05913573975597952;0.05913573975597952;0.05913573975597952;0.05913573975597952;0.05913573975597952;0.05913573975597952;0.05913573975597952;0.05913573975597952;0.05913573975597952;0.05913573975597952;0.05913573975597952;0.05913573975597952;0.05913573975597952;0.05913573975597952;0.05913573975597952;0.05913573975597952;0.05913573975597952;0.05913573975597952;0.05913573975597952;0.05913573975597952;0.05913573975597952;0.05913573975597952;0.05913573975597952;0.05913573975597952;0.05913573975597952;0.05913573975597952;0.05913573975597952;0.05913573975597952;0.05913573975597952;0.05913573975597952;0.05913573975597952;0.05913573975597952;0.05913573975597952;0.05913573975597952;0.05913573975597952;0.05913573975597952;0.05913573975597952;0.05913573975597952;0.05913573975597952;0.05913573975597952;0.05913573975597952;0.05913573975597952;0.05913573975597952;0.05913573975597952;0.05913573975597952;0.05913573975597952;0.05913573975597952;0.05913573975597952;0.05913573975597952;0.05913573975597952;0.05913573975597952;0.05913573975597952;0.05913573975597952;0.05913573975597952;0.05913573975597952;0.05913573975597952;0.05913573975597952;0.05913573975597952;0.05913573975597952;0.05913573975597952
2;53;0.09265816616701539;0.09265816616701539;0.09265816616701539;0.09265816616701539;0.09265816616701539;0.09265816616701539;0.09265816616701539;0.09265816616701539;0.09265816616701539;0.09265816616701539;0.09265816616701539;0.09265816616701539;0.09265816616701539;0.08896915344055278;0.08528014071409018;0.08159112798762758;0.07790211526116497;0.07421310253470192;0.07052408980823976;0.06683507708177672;0.06314606435531367;0.06314606435531367;0.06314606435531367;0.06314606435531367;0.06314606435531367;0.06314606435531367;0.06314606435531367;0.06314606435531367;0.06314606435531367;0.06314606435531367;0.06314606435531367;0.06314606435531367;0.06314606435531367;0.06314606435531367;0.06314606435531367;0.06314606435531367;0.06314606435531367;0.06314606435531367;0.06314606435531367;0.06314606435531367;0.06314606435531367;0.06314606435531367;0.06314606435531367;0.06314606435531367;0.06314606435531367;0.06314606435531367;0.06314606435531367;0.06314606435531367;0.06314606435531367;0.06314606435531367;0.06314606435531367;0.06314606435531367;0.06314606435531367;0.06314606435531367;0.06314606435531367;0.06314606435531367;0.06314606435531367;0.06314606435531367;0.06314606435531367;0.06314606435531367;0.06314606435531367;0.06314606435531367;0.06314606435531367;0.06314606435531367;0.06314606435531367;0.06314606435531367;0.06314606435531367;0.06314606435531367;0.06314606435531367;0.06314606435531367;0.06314606435531367;0.06314606435531367;0.06314606435531367;0.06314606435531367;0.06314606435531367;0.06314606435531367;0.06314606435531367;0.06314606435531367;0.06314606435531367;0.06314606435531367;0.06314606435531367;0.06314606435531367;0.06314606435531367;0.06314606435531367;0.06314606435531367;0.06314606435531367;0.06314606435531367;0.06314606435531367;0.06314606435531367;0.06314606435531367;0.06314606435531367;0.06314606435531367;0.06314606435531367;0.06314606435531367;0.06314606435531367;0.06314606435531367;0.06314606435531367
2;54;0.09775498504425695;0.09775498504425695;0.09775498504425695;0.09775498504425695;0.09775498504425695;0.09775498504425695;0.09775498504425695;0.09775498504425695;0.09775498504425695;0.09775498504425695;0.09775498504425695;0.09775498504425695;0.09775498504425695;0.09406597231779434;0.09037695959133174;0.08668794686486914;0.08299893413840653;0.07930992141194348;0.07562090868548133;0.07193189595901828;0.06824288323255523;0.06824288323255523;0.06824288323255523;0.06824288323255523;0.06824288323255523;0.06824288323255523;0.06824288323255523;0.06824288323255523;0.06824288323255523;0.06824288323255523;0.06824288323255523;0.06824288323255523;0.06824288323255523;0.06824288323255523;0.06824288323255523;0.06824288323255523;0.06824288323255523;0.06824288323255523;0.06824288323255523;0.06824288323255523;0.06824288323255523;0.06824288323255523;0.06824288323255523;0.06824288323255523;0.06824288323255523;0.06824288323255523;0.06824288323255523;0.06824288323255523;0.06824288323255523;0.06824288323255523;0.06824288323255523;0.06824288323255523;0.06824288323255523;0.06824288323255523;0.06824288323255523;0.06824288323255523;0.06824288323255523;0.06824288323255523;0.06824288323255523;0.06824288323255523;0.06824288323255523;0.06824288323255523;0.06824288323255523;0.06824288323255523;0.06824288323255523;0.06824288323255523;0.06824288323255523;0.06824288323255523;0.06824288323255523;0.06824288323255523;0.06824288323255523;0.06824288323255523;0.06824288323255523;0.06824288323255523;0.06824288323255523;0.06824288323255523;0.06824288323255523;0.06824288323255523;0.06824288323255523;0.06824288323255523;0.06824288323255523;0.06824288323255523;0.06824288323255523;0.06824288323255523;0.06824288323255523;0.06824288323255523;0.06824288323255523;0.06824288323255523;0.06824288323255523;0.06824288323255523;0.06824288323255523;0.06824288323255523;0.06824288323255523;0.06824288323255523;0.06824288323255523;0.06824288323255523;0.06824288323255523
2;55;0.10331547932595964;0.10331547932595964;0.10331547932595964;0.10331547932595964;0.10331547932595964;0.10331547932595964;0.10331547932595964;0.10331547932595964;0.10331547932595964;0.10331547932595964;0.10331547932595964;0.10331547932595964;0.10331547932595964;0.09962646659949703;0.09593745387303443;0.09224844114657182;0.08855942842010922;0.08487041569364617;0.08118140296718401;0.07749239024072097;0.07380337751425792;0.07380337751425792;0.07380337751425792;0.07380337751425792;0.07380337751425792;0.07380337751425792;0.07380337751425792;0.07380337751425792;0.07380337751425792;0.07380337751425792;0.07380337751425792;0.07380337751425792;0.07380337751425792;0.07380337751425792;0.07380337751425792;0.07380337751425792;0.07380337751425792;0.07380337751425792;0.07380337751425792;0.07380337751425792;0.07380337751425792;0.07380337751425792;0.07380337751425792;0.07380337751425792;0.07380337751425792;0.07380337751425792;0.07380337751425792;0.07380337751425792;0.07380337751425792;0.07380337751425792;0.07380337751425792;0.07380337751425792;0.07380337751425792;0.07380337751425792;0.07380337751425792;0.07380337751425792;0.07380337751425792;0.07380337751425792;0.07380337751425792;0.07380337751425792;0.07380337751425792;0.07380337751425792;0.07380337751425792;0.07380337751425792;0.07380337751425792;0.07380337751425792;0.07380337751425792;0.07380337751425792;0.07380337751425792;0.07380337751425792;0.07380337751425792;0.07380337751425792;0.07380337751425792;0.07380337751425792;0.07380337751425792;0.07380337751425792;0.07380337751425792;0.07380337751425792;0.07380337751425792;0.07380337751425792;0.07380337751425792;0.07380337751425792;0.07380337751425792;0.07380337751425792;0.07380337751425792;0.07380337751425792;0.07380337751425792;0.07380337751425792;0.07380337751425792;0.07380337751425792;0.07380337751425792;0.07380337751425792;0.07380337751425792;0.07380337751425792;0.07380337751425792;0.07380337751425792;0.07380337751425792
2;56;0.10869062750644698;0.10869062750644698;0.10869062750644698;0.10869062750644698;0.10869062750644698;0.10869062750644698;0.10869062750644698;0.10869062750644698;0.10869062750644698;0.10869062750644698;0.10869062750644698;0.10869062750644698;0.10869062750644698;0.10500161477998438;0.10131260205352177;0.09762358932705917;0.09393457660059656;0.09024556387413352;0.08655655114767136;0.08286753842120831;0.07917852569474526;0.07917852569474526;0.07917852569474526;0.07917852569474526;0.07917852569474526;0.07917852569474526;0.07917852569474526;0.07917852569474526;0.07917852569474526;0.07917852569474526;0.07917852569474526;0.07917852569474526;0.07917852569474526;0.07917852569474526;0.07917852569474526;0.07917852569474526;0.07917852569474526;0.07917852569474526;0.07917852569474526;0.07917852569474526;0.07917852569474526;0.07917852569474526;0.07917852569474526;0.07917852569474526;0.07917852569474526;0.07917852569474526;0.07917852569474526;0.07917852569474526;0.07917852569474526;0.07917852569474526;0.07917852569474526;0.07917852569474526;0.07917852569474526;0.07917852569474526;0.07917852569474526;0.07917852569474526;0.07917852569474526;0.07917852569474526;0.07917852569474526;0.07917852569474526;0.07917852569474526;0.07917852569474526;0.07917852569474526;0.07917852569474526;0.07917852569474526;0.07917852569474526;0.07917852569474526;0.07917852569474526;0.07917852569474526;0.07917852569474526;0.07917852569474526;0.07917852569474526;0.07917852569474526;0.07917852569474526;0.07917852569474526;0.07917852569474526;0.07917852569474526;0.07917852569474526;0.07917852569474526;0.07917852569474526;0.07917852569474526;0.07917852569474526;0.07917852569474526;0.07917852569474526;0.07917852569474526;0.07917852569474526;0.07917852569474526;0.07917852569474526;0.07917852569474526;0.07917852569474526;0.07917852569474526;0.07917852569474526;0.07917852569474526;0.07917852569474526;0.07917852569474526;0.07917852569474526;0.07917852569474526
2;57;0.1132411741329804;0.1132411741329804;0.1132411741329804;0.1132411741329804;0.1132411741329804;0.1132411741329804;0.1132411741329804;0.1132411741329804;0.1132411741329804;0.1132411741329804;0.1132411741329804;0.1132411741329804;0.1132411741329804;0.1095521614065178;0.1058631486800552;0.10217413595359259;0.09848512322712999;0.09479611050066694;0.09110709777420478;0.08741808504774173;0.08372907232127869;0.08372907232127869;0.08372907232127869;0.08372907232127869;0.08372907232127869;0.08372907232127869;0.08372907232127869;0.08372907232127869;0.08372907232127869;0.08372907232127869;0.08372907232127869;0.08372907232127869;0.08372907232127869;0.08372907232127869;0.08372907232127869;0.08372907232127869;0.08372907232127869;0.08372907232127869;0.08372907232127869;0.08372907232127869;0.08372907232127869;0.08372907232127869;0.08372907232127869;0.08372907232127869;0.08372907232127869;0.08372907232127869;0.08372907232127869;0.08372907232127869;0.08372907232127869;0.08372907232127869;0.08372907232127869;0.08372907232127869;0.08372907232127869;0.08372907232127869;0.08372907232127869;0.08372907232127869;0.08372907232127869;0.08372907232127869;0.08372907232127869;0.08372907232127869;0.08372907232127869;0.08372907232127869;0.08372907232127869;0.08372907232127869;0.08372907232127869;0.08372907232127869;0.08372907232127869;0.08372907232127869;0.08372907232127869;0.08372907232127869;0.08372907232127869;0.08372907232127869;0.08372907232127869;0.08372907232127869;0.08372907232127869;0.08372907232127869;0.08372907232127869;0.08372907232127869;0.08372907232127869;0.08372907232127869;0.08372907232127869;0.08372907232127869;0.08372907232127869;0.08372907232127869;0.08372907232127869;0.08372907232127869;0.08372907232127869;0.08372907232127869;0.08372907232127869;0.08372907232127869;0.08372907232127869;0.08372907232127869;0.08372907232127869;0.08372907232127869;0.08372907232127869;0.08372907232127869;0.08372907232127869
2;58;0.11668240279405673;0.11668240279405673;0.11668240279405673;0.11668240279405673;0.11668240279405673;0.11668240279405673;0.11668240279405673;0.11668240279405673;0.11668240279405673;0.11668240279405673;0.11668240279405673;0.11668240279405673;0.11668240279405673;0.11299339006759412;0.10930437734113152;0.10561536461466892;0.10192635188820631;0.09823733916174326;0.0945483264352811;0.09085931370881806;0.08717030098235501;0.08717030098235501;0.08717030098235501;0.08717030098235501;0.08717030098235501;0.08717030098235501;0.08717030098235501;0.08717030098235501;0.08717030098235501;0.08717030098235501;0.08717030098235501;0.08717030098235501;0.08717030098235501;0.08717030098235501;0.08717030098235501;0.08717030098235501;0.08717030098235501;0.08717030098235501;0.08717030098235501;0.08717030098235501;0.08717030098235501;0.08717030098235501;0.08717030098235501;0.08717030098235501;0.08717030098235501;0.08717030098235501;0.08717030098235501;0.08717030098235501;0.08717030098235501;0.08717030098235501;0.08717030098235501;0.08717030098235501;0.08717030098235501;0.08717030098235501;0.08717030098235501;0.08717030098235501;0.08717030098235501;0.08717030098235501;0.08717030098235501;0.08717030098235501;0.08717030098235501;0.08717030098235501;0.08717030098235501;0.08717030098235501;0.08717030098235501;0.08717030098235501;0.08717030098235501;0.08717030098235501;0.08717030098235501;0.08717030098235501;0.08717030098235501;0.08717030098235501;0.08717030098235501;0.08717030098235501;0.08717030098235501;0.08717030098235501;0.08717030098235501;0.08717030098235501;0.08717030098235501;0.08717030098235501;0.08717030098235501;0.08717030098235501;0.08717030098235501;0.08717030098235501;0.08717030098235501;0.08717030098235501;0.08717030098235501;0.08717030098235501;0.08717030098235501;0.08717030098235501;0.08717030098235501;0.08717030098235501;0.08717030098235501;0.08717030098235501;0.08717030098235501;0.08717030098235501;0.08717030098235501
2;59;0.11917613062971188;0.11917613062971188;0.11917613062971188;0.11917613062971188;0.11917613062971188;0.11917613062971188;0.11917613062971188;0.11917613062971188;0.11917613062971188;0.11917613062971188;0.11917613062971188;0.11917613062971188;0.11917613062971188;0.11548711790324928;0.11179810517678668;0.10810909245032407;0.10442007972386147;0.10073106699739842;0.09704205427093626;0.09335304154447321;0.08966402881801017;0.08966402881801017;0.08966402881801017;0.08966402881801017;0.08966402881801017;0.08966402881801017;0.08966402881801017;0.08966402881801017;0.08966402881801017;0.08966402881801017;0.08966402881801017;0.08966402881801017;0.08966402881801017;0.08966402881801017;0.08966402881801017;0.08966402881801017;0.08966402881801017;0.08966402881801017;0.08966402881801017;0.08966402881801017;0.08966402881801017;0.08966402881801017;0.08966402881801017;0.08966402881801017;0.08966402881801017;0.08966402881801017;0.08966402881801017;0.08966402881801017;0.08966402881801017;0.08966402881801017;0.08966402881801017;0.08966402881801017;0.08966402881801017;0.08966402881801017;0.08966402881801017;0.08966402881801017;0.08966402881801017;0.08966402881801017;0.08966402881801017;0.08966402881801017;0.08966402881801017;0.08966402881801017;0.08966402881801017;0.08966402881801017;0.08966402881801017;0.08966402881801017;0.08966402881801017;0.08966402881801017;0.08966402881801017;0.08966402881801017;0.08966402881801017;0.08966402881801017;0.08966402881801017;0.08966402881801017;0.08966402881801017;0.08966402881801017;0.08966402881801017;0.08966402881801017;0.08966402881801017;0.08966402881801017;0.08966402881801017;0.08966402881801017;0.08966402881801017;0.08966402881801017;0.08966402881801017;0.08966402881801017;0.08966402881801017;0.08966402881801017;0.08966402881801017;0.08966402881801017;0.08966402881801017;0.08966402881801017;0.08966402881801017;0.08966402881801017;0.08966402881801017;0.08966402881801017;0.08966402881801017
2;60;0.1209126472375166;0.1209126472375166;0.1209126472375166;0.1209126472375166;0.1209126472375166;0.1209126472375166;0.1209126472375166;0.1209126472375166;0.1209126472375166;0.1209126472375166;0.1209126472375166;0.1209126472375166;0.1209126472375166;0.117223634511054;0.1135346217845914;0.10984560905812879;0.10615659633166619;0.10246758360520314;0.09877857087874098;0.09508955815227793;0.09140054542581488;0.09140054542581488;0.09140054542581488;0.09140054542581488;0.09140054542581488;0.09140054542581488;0.09140054542581488;0.09140054542581488;0.09140054542581488;0.09140054542581488;0.09140054542581488;0.09140054542581488;0.09140054542581488;0.09140054542581488;0.09140054542581488;0.09140054542581488;0.09140054542581488;0.09140054542581488;0.09140054542581488;0.09140054542581488;0.09140054542581488;0.09140054542581488;0.09140054542581488;0.09140054542581488;0.09140054542581488;0.09140054542581488;0.09140054542581488;0.09140054542581488;0.09140054542581488;0.09140054542581488;0.09140054542581488;0.09140054542581488;0.09140054542581488;0.09140054542581488;0.09140054542581488;0.09140054542581488;0.09140054542581488;0.09140054542581488;0.09140054542581488;0.09140054542581488;0.09140054542581488;0.09140054542581488;0.09140054542581488;0.09140054542581488;0.09140054542581488;0.09140054542581488;0.09140054542581488;0.09140054542581488;0.09140054542581488;0.09140054542581488;0.09140054542581488;0.09140054542581488;0.09140054542581488;0.09140054542581488;0.09140054542581488;0.09140054542581488;0.09140054542581488;0.09140054542581488;0.09140054542581488;0.09140054542581488;0.09140054542581488;0.09140054542581488;0.09140054542581488;0.09140054542581488;0.09140054542581488;0.09140054542581488;0.09140054542581488;0.09140054542581488;0.09140054542581488;0.09140054542581488;0.09140054542581488;0.09140054542581488;0.09140054542581488;0.09140054542581488;0.09140054542581488;0.09140054542581488;0.09140054542581488
2;61;0.12208087828812797;0.12208087828812797;0.12208087828812797;0.12208087828812797;0.12208087828812797;0.12208087828812797;0.12208087828812797;0.12208087828812797;0.12208087828812797;0.12208087828812797;0.12208087828812797;0.12208087828812797;0.12208087828812797;0.11839186556166537;0.11470285283520276;0.11101384010874016;0.10732482738227755;0.1036358146558145;0.09994680192935235;0.0962577892028893;0.09256877647642625;0.09256877647642625;0.09256877647642625;0.09256877647642625;0.09256877647642625;0.09256877647642625;0.09256877647642625;0.09256877647642625;0.09256877647642625;0.09256877647642625;0.09256877647642625;0.09256877647642625;0.09256877647642625;0.09256877647642625;0.09256877647642625;0.09256877647642625;0.09256877647642625;0.09256877647642625;0.09256877647642625;0.09256877647642625;0.09256877647642625;0.09256877647642625;0.09256877647642625;0.09256877647642625;0.09256877647642625;0.09256877647642625;0.09256877647642625;0.09256877647642625;0.09256877647642625;0.09256877647642625;0.09256877647642625;0.09256877647642625;0.09256877647642625;0.09256877647642625;0.09256877647642625;0.09256877647642625;0.09256877647642625;0.09256877647642625;0.09256877647642625;0.09256877647642625;0.09256877647642625;0.09256877647642625;0.09256877647642625;0.09256877647642625;0.09256877647642625;0.09256877647642625;0.09256877647642625;0.09256877647642625;0.09256877647642625;0.09256877647642625;0.09256877647642625;0.09256877647642625;0.09256877647642625;0.09256877647642625;0.09256877647642625;0.09256877647642625;0.09256877647642625;0.09256877647642625;0.09256877647642625;0.09256877647642625;0.09256877647642625;0.09256877647642625;0.09256877647642625;0.09256877647642625;0.09256877647642625;0.09256877647642625;0.09256877647642625;0.09256877647642625;0.09256877647642625;0.09256877647642625;0.09256877647642625;0.09256877647642625;0.09256877647642625;0.09256877647642625;0.09256877647642625;0.09256877647642625;0.09256877647642625
2;62;0.12279837692495832;0.12279837692495832;0.12279837692495832;0.12279837692495832;0.12279837692495832;0.12279837692495832;0.12279837692495832;0.12279837692495832;0.12279837692495832;0.12279837692495832;0.12279837692495832;0.12279837692495832;0.12279837692495832;0.11910936419849572;0.11542035147203311;0.11173133874557051;0.1080423260191079;0.10435331329264486;0.1006643005661827;0.09697528783971965;0.0932862751132566;0.0932862751132566;0.0932862751132566;0.0932862751132566;0.0932862751132566;0.0932862751132566;0.0932862751132566;0.0932862751132566;0.0932862751132566;0.0932862751132566;0.0932862751132566;0.0932862751132566;0.0932862751132566;0.0932862751132566;0.0932862751132566;0.0932862751132566;0.0932862751132566;0.0932862751132566;0.0932862751132566;0.0932862751132566;0.0932862751132566;0.0932862751132566;0.0932862751132566;0.0932862751132566;0.0932862751132566;0.0932862751132566;0.0932862751132566;0.0932862751132566;0.0932862751132566;0.0932862751132566;0.0932862751132566;0.0932862751132566;0.0932862751132566;0.0932862751132566;0.0932862751132566;0.0932862751132566;0.0932862751132566;0.0932862751132566;0.0932862751132566;0.0932862751132566;0.0932862751132566;0.0932862751132566;0.0932862751132566;0.0932862751132566;0.0932862751132566;0.0932862751132566;0.0932862751132566;0.0932862751132566;0.0932862751132566;0.0932862751132566;0.0932862751132566;0.0932862751132566;0.0932862751132566;0.0932862751132566;0.0932862751132566;0.0932862751132566;0.0932862751132566;0.0932862751132566;0.0932862751132566;0.0932862751132566;0.0932862751132566;0.0932862751132566;0.0932862751132566;0.0932862751132566;0.0932862751132566;0.0932862751132566;0.0932862751132566;0.0932862751132566;0.0932862751132566;0.0932862751132566;0.0932862751132566;0.0932862751132566;0.0932862751132566;0.0932862751132566;0.0932862751132566;0.0932862751132566;0.0932862751132566
2;63;0.1230776991771032;0.1230776991771032;0.1230776991771032;0.1230776991771032;0.1230776991771032;0.1230776991771032;0.1230776991771032;0.1230776991771032;0.1230776991771032;0.1230776991771032;0.1230776991771032;0.1230776991771032;0.1230776991771032;0.1193886864506406;0.115699673724178;0.1120106609977154;0.10832164827125279;0.10463263554478974;0.10094362281832758;0.09725461009186454;0.09356559736540149;0.09356559736540149;0.09356559736540149;0.09356559736540149;0.09356559736540149;0.09356559736540149;0.09356559736540149;0.09356559736540149;0.09356559736540149;0.09356559736540149;0.09356559736540149;0.09356559736540149;0.09356559736540149;0.09356559736540149;0.09356559736540149;0.09356559736540149;0.09356559736540149;0.09356559736540149;0.09356559736540149;0.09356559736540149;0.09356559736540149;0.09356559736540149;0.09356559736540149;0.09356559736540149;0.09356559736540149;0.09356559736540149;0.09356559736540149;0.09356559736540149;0.09356559736540149;0.09356559736540149;0.09356559736540149;0.09356559736540149;0.09356559736540149;0.09356559736540149;0.09356559736540149;0.09356559736540149;0.09356559736540149;0.09356559736540149;0.09356559736540149;0.09356559736540149;0.09356559736540149;0.09356559736540149;0.09356559736540149;0.09356559736540149;0.09356559736540149;0.09356559736540149;0.09356559736540149;0.09356559736540149;0.09356559736540149;0.09356559736540149;0.09356559736540149;0.09356559736540149;0.09356559736540149;0.09356559736540149;0.09356559736540149;0.09356559736540149;0.09356559736540149;0.09356559736540149;0.09356559736540149;0.09356559736540149;0.09356559736540149;0.09356559736540149;0.09356559736540149;0.09356559736540149;0.09356559736540149;0.09356559736540149;0.09356559736540149;0.09356559736540149;0.09356559736540149;0.09356559736540149;0.09356559736540149;0.09356559736540149;0.09356559736540149;0.09356559736540149;0.09356559736540149;0.09356559736540149;0.09356559736540149
2;64;0.12292299650551364;0.12292299650551364;0.12292299650551364;0.12292299650551364;0.12292299650551364;0.12292299650551364;0.12292299650551364;0.12292299650551364;0.12292299650551364;0.12292299650551364;0.12292299650551364;0.12292299650551364;0.12292299650551364;0.11923398377905103;0.11554497105258843;0.11185595832612583;0.10816694559966322;0.10447793287320017;0.10078892014673801;0.09709990742027497;0.09341089469381192;0.09341089469381192;0.09341089469381192;0.09341089469381192;0.09341089469381192;0.09341089469381192;0.09341089469381192;0.09341089469381192;0.09341089469381192;0.09341089469381192;0.09341089469381192;0.09341089469381192;0.09341089469381192;0.09341089469381192;0.09341089469381192;0.09341089469381192;0.09341089469381192;0.09341089469381192;0.09341089469381192;0.09341089469381192;0.09341089469381192;0.09341089469381192;0.09341089469381192;0.09341089469381192;0.09341089469381192;0.09341089469381192;0.09341089469381192;0.09341089469381192;0.09341089469381192;0.09341089469381192;0.09341089469381192;0.09341089469381192;0.09341089469381192;0.09341089469381192;0.09341089469381192;0.09341089469381192;0.09341089469381192;0.09341089469381192;0.09341089469381192;0.09341089469381192;0.09341089469381192;0.09341089469381192;0.09341089469381192;0.09341089469381192;0.09341089469381192;0.09341089469381192;0.09341089469381192;0.09341089469381192;0.09341089469381192;0.09341089469381192;0.09341089469381192;0.09341089469381192;0.09341089469381192;0.09341089469381192;0.09341089469381192;0.09341089469381192;0.09341089469381192;0.09341089469381192;0.09341089469381192;0.09341089469381192;0.09341089469381192;0.09341089469381192;0.09341089469381192;0.09341089469381192;0.09341089469381192;0.09341089469381192;0.09341089469381192;0.09341089469381192;0.09341089469381192;0.09341089469381192;0.09341089469381192;0.09341089469381192;0.09341089469381192;0.09341089469381192;0.09341089469381192;0.09341089469381192;0.09341089469381192
2;65;0.12233782598707865;0.12233782598707865;0.12233782598707865;0.12233782598707865;0.12233782598707865;0.12233782598707865;0.12233782598707865;0.12233782598707865;0.12233782598707865;0.12233782598707865;0.12233782598707865;0.12233782598707865;0.12233782598707865;0.11864881326061605;0.11495980053415344;0.11127078780769084;0.10758177508122824;0.10389276235476519;0.10020374962830303;0.09651473690183998;0.09282572417537693;0.09282572417537693;0.09282572417537693;0.09282572417537693;0.09282572417537693;0.09282572417537693;0.09282572417537693;0.09282572417537693;0.09282572417537693;0.09282572417537693;0.09282572417537693;0.09282572417537693;0.09282572417537693;0.09282572417537693;0.09282572417537693;0.09282572417537693;0.09282572417537693;0.09282572417537693;0.09282572417537693;0.09282572417537693;0.09282572417537693;0.09282572417537693;0.09282572417537693;0.09282572417537693;0.09282572417537693;0.09282572417537693;0.09282572417537693;0.09282572417537693;0.09282572417537693;0.09282572417537693;0.09282572417537693;0.09282572417537693;0.09282572417537693;0.09282572417537693;0.09282572417537693;0.09282572417537693;0.09282572417537693;0.09282572417537693;0.09282572417537693;0.09282572417537693;0.09282572417537693;0.09282572417537693;0.09282572417537693;0.09282572417537693;0.09282572417537693;0.09282572417537693;0.09282572417537693;0.09282572417537693;0.09282572417537693;0.09282572417537693;0.09282572417537693;0.09282572417537693;0.09282572417537693;0.09282572417537693;0.09282572417537693;0.09282572417537693;0.09282572417537693;0.09282572417537693;0.09282572417537693;0.09282572417537693;0.09282572417537693;0.09282572417537693;0.09282572417537693;0.09282572417537693;0.09282572417537693;0.09282572417537693;0.09282572417537693;0.09282572417537693;0.09282572417537693;0.09282572417537693;0.09282572417537693;0.09282572417537693;0.09282572417537693;0.09282572417537693;0.09282572417537693;0.09282572417537693;0.09282572417537693
2;66;0.12127749022300005;0.12127749022300005;0.12127749022300005;0.12127749022300005;0.12127749022300005;0.12127749022300005;0.12127749022300005;0.12127749022300005;0.12127749022300005;0.12127749022300005;0.12127749022300005;0.12127749022300005;0.12127749022300005;0.11758847749653745;0.11389946477007484;0.11021045204361224;0.10652143931714964;0.10283242659068659;0.09914341386422443;0.09545440113776138;0.09176538841129833;0.09176538841129833;0.09176538841129833;0.09176538841129833;0.09176538841129833;0.09176538841129833;0.09176538841129833;0.09176538841129833;0.09176538841129833;0.09176538841129833;0.09176538841129833;0.09176538841129833;0.09176538841129833;0.09176538841129833;0.09176538841129833;0.09176538841129833;0.09176538841129833;0.09176538841129833;0.09176538841129833;0.09176538841129833;0.09176538841129833;0.09176538841129833;0.09176538841129833;0.09176538841129833;0.09176538841129833;0.09176538841129833;0.09176538841129833;0.09176538841129833;0.09176538841129833;0.09176538841129833;0.09176538841129833;0.09176538841129833;0.09176538841129833;0.09176538841129833;0.09176538841129833;0.09176538841129833;0.09176538841129833;0.09176538841129833;0.09176538841129833;0.09176538841129833;0.09176538841129833;0.09176538841129833;0.09176538841129833;0.09176538841129833;0.09176538841129833;0.09176538841129833;0.09176538841129833;0.09176538841129833;0.09176538841129833;0.09176538841129833;0.09176538841129833;0.09176538841129833;0.09176538841129833;0.09176538841129833;0.09176538841129833;0.09176538841129833;0.09176538841129833;0.09176538841129833;0.09176538841129833;0.09176538841129833;0.09176538841129833;0.09176538841129833;0.09176538841129833;0.09176538841129833;0.09176538841129833;0.09176538841129833;0.09176538841129833;0.09176538841129833;0.09176538841129833;0.09176538841129833;0.09176538841129833;0.09176538841129833;0.09176538841129833;0.09176538841129833;0.09176538841129833;0.09176538841129833;0.09176538841129833
2;67;0.11961418741248497;0.11961418741248497;0.11961418741248497;0.11961418741248497;0.11961418741248497;0.11961418741248497;0.11961418741248497;0.11961418741248497;0.11961418741248497;0.11961418741248497;0.11961418741248497;0.11961418741248497;0.11961418741248497;0.11592517468602237;0.11223616195955977;0.10854714923309716;0.10485813650663456;0.10116912378017151;0.09748011105370935;0.0937910983272463;0.09010208560078325;0.09010208560078325;0.09010208560078325;0.09010208560078325;0.09010208560078325;0.09010208560078325;0.09010208560078325;0.09010208560078325;0.09010208560078325;0.09010208560078325;0.09010208560078325;0.09010208560078325;0.09010208560078325;0.09010208560078325;0.09010208560078325;0.09010208560078325;0.09010208560078325;0.09010208560078325;0.09010208560078325;0.09010208560078325;0.09010208560078325;0.09010208560078325;0.09010208560078325;0.09010208560078325;0.09010208560078325;0.09010208560078325;0.09010208560078325;0.09010208560078325;0.09010208560078325;0.09010208560078325;0.09010208560078325;0.09010208560078325;0.09010208560078325;0.09010208560078325;0.09010208560078325;0.09010208560078325;0.09010208560078325;0.09010208560078325;0.09010208560078325;0.09010208560078325;0.09010208560078325;0.09010208560078325;0.09010208560078325;0.09010208560078325;0.09010208560078325;0.09010208560078325;0.09010208560078325;0.09010208560078325;0.09010208560078325;0.09010208560078325;0.09010208560078325;0.09010208560078325;0.09010208560078325;0.09010208560078325;0.09010208560078325;0.09010208560078325;0.09010208560078325;0.09010208560078325;0.09010208560078325;0.09010208560078325;0.09010208560078325;0.09010208560078325;0.09010208560078325;0.09010208560078325;0.09010208560078325;0.09010208560078325;0.09010208560078325;0.09010208560078325;0.09010208560078325;0.09010208560078325;0.09010208560078325;0.09010208560078325;0.09010208560078325;0.09010208560078325;0.09010208560078325;0.09010208560078325;0.09010208560078325
2;68;0.11721189898946083;0.11721189898946083;0.11721189898946083;0.11721189898946083;0.11721189898946083;0.11721189898946083;0.11721189898946083;0.11721189898946083;0.11721189898946083;0.11721189898946083;0.11721189898946083;0.11721189898946083;0.11721189898946083;0.11352288626299822;0.10983387353653562;0.10614486081007302;0.10245584808361041;0.09876683535714736;0.0950778226306852;0.09138880990422216;0.08769979717775911;0.08769979717775911;0.08769979717775911;0.08769979717775911;0.08769979717775911;0.08769979717775911;0.08769979717775911;0.08769979717775911;0.08769979717775911;0.08769979717775911;0.08769979717775911;0.08769979717775911;0.08769979717775911;0.08769979717775911;0.08769979717775911;0.08769979717775911;0.08769979717775911;0.08769979717775911;0.08769979717775911;0.08769979717775911;0.08769979717775911;0.08769979717775911;0.08769979717775911;0.08769979717775911;0.08769979717775911;0.08769979717775911;0.08769979717775911;0.08769979717775911;0.08769979717775911;0.08769979717775911;0.08769979717775911;0.08769979717775911;0.08769979717775911;0.08769979717775911;0.08769979717775911;0.08769979717775911;0.08769979717775911;0.08769979717775911;0.08769979717775911;0.08769979717775911;0.08769979717775911;0.08769979717775911;0.08769979717775911;0.08769979717775911;0.08769979717775911;0.08769979717775911;0.08769979717775911;0.08769979717775911;0.08769979717775911;0.08769979717775911;0.08769979717775911;0.08769979717775911;0.08769979717775911;0.08769979717775911;0.08769979717775911;0.08769979717775911;0.08769979717775911;0.08769979717775911;0.08769979717775911;0.08769979717775911;0.08769979717775911;0.08769979717775911;0.08769979717775911;0.08769979717775911;0.08769979717775911;0.08769979717775911;0.08769979717775911;0.08769979717775911;0.08769979717775911;0.08769979717775911;0.08769979717775911;0.08769979717775911;0.08769979717775911;0.08769979717775911;0.08769979717775911;0.08769979717775911;0.08769979717775911
2;69;0.11393593752593567;0.11393593752593567;0.11393593752593567;0.11393593752593567;0.11393593752593567;0.11393593752593567;0.11393593752593567;0.11393593752593567;0.11393593752593567;0.11393593752593567;0.11393593752593567;0.11393593752593567;0.11393593752593567;0.11024692479947307;0.10655791207301046;0.10286889934654786;0.09917988662008526;0.09549087389362221;0.09180186116716005;0.088112848440697;0.08442383571423395;0.08442383571423395;0.08442383571423395;0.08442383571423395;0.08442383571423395;0.08442383571423395;0.08442383571423395;0.08442383571423395;0.08442383571423395;0.08442383571423395;0.08442383571423395;0.08442383571423395;0.08442383571423395;0.08442383571423395;0.08442383571423395;0.08442383571423395;0.08442383571423395;0.08442383571423395;0.08442383571423395;0.08442383571423395;0.08442383571423395;0.08442383571423395;0.08442383571423395;0.08442383571423395;0.08442383571423395;0.08442383571423395;0.08442383571423395;0.08442383571423395;0.08442383571423395;0.08442383571423395;0.08442383571423395;0.08442383571423395;0.08442383571423395;0.08442383571423395;0.08442383571423395;0.08442383571423395;0.08442383571423395;0.08442383571423395;0.08442383571423395;0.08442383571423395;0.08442383571423395;0.08442383571423395;0.08442383571423395;0.08442383571423395;0.08442383571423395;0.08442383571423395;0.08442383571423395;0.08442383571423395;0.08442383571423395;0.08442383571423395;0.08442383571423395;0.08442383571423395;0.08442383571423395;0.08442383571423395;0.08442383571423395;0.08442383571423395;0.08442383571423395;0.08442383571423395;0.08442383571423395;0.08442383571423395;0.08442383571423395;0.08442383571423395;0.08442383571423395;0.08442383571423395;0.08442383571423395;0.08442383571423395;0.08442383571423395;0.08442383571423395;0.08442383571423395;0.08442383571423395;0.08442383571423395;0.08442383571423395;0.08442383571423395;0.08442383571423395;0.08442383571423395;0.08442383571423395;0.08442383571423395
2;70;0.10983891088166153;0.10983891088166153;0.10983891088166153;0.10983891088166153;0.10983891088166153;0.10983891088166153;0.10983891088166153;0.10983891088166153;0.10983891088166153;0.10983891088166153;0.10983891088166153;0.10983891088166153;0.10983891088166153;0.10614989815519849;0.10246088542873544;0.09877187270227328;0.09508285997581112;0.09139384724934807;0.08770483452288502;0.08401582179642197;0.08032680906995893;0.08032680906995893;0.08032680906995893;0.08032680906995893;0.08032680906995893;0.08032680906995893;0.08032680906995893;0.08032680906995893;0.08032680906995893;0.08032680906995893;0.08032680906995893;0.08032680906995893;0.08032680906995893;0.08032680906995893;0.08032680906995893;0.08032680906995893;0.08032680906995893;0.08032680906995893;0.08032680906995893;0.08032680906995893;0.08032680906995893;0.08032680906995893;0.08032680906995893;0.08032680906995893;0.08032680906995893;0.08032680906995893;0.08032680906995893;0.08032680906995893;0.08032680906995893;0.08032680906995893;0.08032680906995893;0.08032680906995893;0.08032680906995893;0.08032680906995893;0.08032680906995893;0.08032680906995893;0.08032680906995893;0.08032680906995893;0.08032680906995893;0.08032680906995893;0.08032680906995893;0.08032680906995893;0.08032680906995893;0.08032680906995893;0.08032680906995893;0.08032680906995893;0.08032680906995893;0.08032680906995893;0.08032680906995893;0.08032680906995893;0.08032680906995893;0.08032680906995893;0.08032680906995893;0.08032680906995893;0.08032680906995893;0.08032680906995893;0.08032680906995893;0.08032680906995893;0.08032680906995893;0.08032680906995893;0.08032680906995893;0.08032680906995893;0.08032680906995893;0.08032680906995893;0.08032680906995893;0.08032680906995893;0.08032680906995893;0.08032680906995893;0.08032680906995893;0.08032680906995893;0.08032680906995893;0.08032680906995893;0.08032680906995893;0.08032680906995893;0.08032680906995893;0.08032680906995893;0.08032680906995893
2;71;0.10535221889642177;0.10535221889642177;0.10535221889642177;0.10535221889642177;0.10535221889642177;0.10535221889642177;0.10535221889642177;0.10535221889642177;0.10535221889642177;0.10535221889642177;0.10535221889642177;0.10535221889642177;0.10535221889642177;0.10166320616995916;0.09797419344349656;0.09428518071703396;0.09059616799057135;0.0869071552641083;0.08321814253764614;0.0795291298111831;0.07584011708472005;0.07584011708472005;0.07584011708472005;0.07584011708472005;0.07584011708472005;0.07584011708472005;0.07584011708472005;0.07584011708472005;0.07584011708472005;0.07584011708472005;0.07584011708472005;0.07584011708472005;0.07584011708472005;0.07584011708472005;0.07584011708472005;0.07584011708472005;0.07584011708472005;0.07584011708472005;0.07584011708472005;0.07584011708472005;0.07584011708472005;0.07584011708472005;0.07584011708472005;0.07584011708472005;0.07584011708472005;0.07584011708472005;0.07584011708472005;0.07584011708472005;0.07584011708472005;0.07584011708472005;0.07584011708472005;0.07584011708472005;0.07584011708472005;0.07584011708472005;0.07584011708472005;0.07584011708472005;0.07584011708472005;0.07584011708472005;0.07584011708472005;0.07584011708472005;0.07584011708472005;0.07584011708472005;0.07584011708472005;0.07584011708472005;0.07584011708472005;0.07584011708472005;0.07584011708472005;0.07584011708472005;0.07584011708472005;0.07584011708472005;0.07584011708472005;0.07584011708472005;0.07584011708472005;0.07584011708472005;0.07584011708472005;0.07584011708472005;0.07584011708472005;0.07584011708472005;0.07584011708472005;0.07584011708472005;0.07584011708472005;0.07584011708472005;0.07584011708472005;0.07584011708472005;0.07584011708472005;0.07584011708472005;0.07584011708472005;0.07584011708472005;0.07584011708472005;0.07584011708472005;0.07584011708472005;0.07584011708472005;0.07584011708472005;0.07584011708472005;0.07584011708472005;0.07584011708472005;0.07584011708472005
2;72;0.10095295688442807;0.10095295688442807;0.10095295688442807;0.10095295688442807;0.10095295688442807;0.10095295688442807;0.10095295688442807;0.10095295688442807;0.10095295688442807;0.10095295688442807;0.10095295688442807;0.10095295688442807;0.10095295688442807;0.09726394415796547;0.09357493143150286;0.08988591870504026;0.08619690597857765;0.0825078932521146;0.07881888052565245;0.0751298677991894;0.07144085507272635;0.07144085507272635;0.07144085507272635;0.07144085507272635;0.07144085507272635;0.07144085507272635;0.07144085507272635;0.07144085507272635;0.07144085507272635;0.07144085507272635;0.07144085507272635;0.07144085507272635;0.07144085507272635;0.07144085507272635;0.07144085507272635;0.07144085507272635;0.07144085507272635;0.07144085507272635;0.07144085507272635;0.07144085507272635;0.07144085507272635;0.07144085507272635;0.07144085507272635;0.07144085507272635;0.07144085507272635;0.07144085507272635;0.07144085507272635;0.07144085507272635;0.07144085507272635;0.07144085507272635;0.07144085507272635;0.07144085507272635;0.07144085507272635;0.07144085507272635;0.07144085507272635;0.07144085507272635;0.07144085507272635;0.07144085507272635;0.07144085507272635;0.07144085507272635;0.07144085507272635;0.07144085507272635;0.07144085507272635;0.07144085507272635;0.07144085507272635;0.07144085507272635;0.07144085507272635;0.07144085507272635;0.07144085507272635;0.07144085507272635;0.07144085507272635;0.07144085507272635;0.07144085507272635;0.07144085507272635;0.07144085507272635;0.07144085507272635;0.07144085507272635;0.07144085507272635;0.07144085507272635;0.07144085507272635;0.07144085507272635;0.07144085507272635;0.07144085507272635;0.07144085507272635;0.07144085507272635;0.07144085507272635;0.07144085507272635;0.07144085507272635;0.07144085507272635;0.07144085507272635;0.07144085507272635;0.07144085507272635;0.07144085507272635;0.07144085507272635;0.07144085507272635;0.07144085507272635;0.07144085507272635
2;73;0.09711727931403935;0.09711727931403935;0.09711727931403935;0.09711727931403935;0.09711727931403935;0.09711727931403935;0.09711727931403935;0.09711727931403935;0.09711727931403935;0.09711727931403935;0.09711727931403935;0.09711727931403935;0.09711727931403935;0.09342826658757675;0.08973925386111414;0.08605024113465154;0.08236122840818894;0.07867221568172589;0.07498320295526373;0.07129419022880068;0.06760517750233763;0.06760517750233763;0.06760517750233763;0.06760517750233763;0.06760517750233763;0.06760517750233763;0.06760517750233763;0.06760517750233763;0.06760517750233763;0.06760517750233763;0.06760517750233763;0.06760517750233763;0.06760517750233763;0.06760517750233763;0.06760517750233763;0.06760517750233763;0.06760517750233763;0.06760517750233763;0.06760517750233763;0.06760517750233763;0.06760517750233763;0.06760517750233763;0.06760517750233763;0.06760517750233763;0.06760517750233763;0.06760517750233763;0.06760517750233763;0.06760517750233763;0.06760517750233763;0.06760517750233763;0.06760517750233763;0.06760517750233763;0.06760517750233763;0.06760517750233763;0.06760517750233763;0.06760517750233763;0.06760517750233763;0.06760517750233763;0.06760517750233763;0.06760517750233763;0.06760517750233763;0.06760517750233763;0.06760517750233763;0.06760517750233763;0.06760517750233763;0.06760517750233763;0.06760517750233763;0.06760517750233763;0.06760517750233763;0.06760517750233763;0.06760517750233763;0.06760517750233763;0.06760517750233763;0.06760517750233763;0.06760517750233763;0.06760517750233763;0.06760517750233763;0.06760517750233763;0.06760517750233763;0.06760517750233763;0.06760517750233763;0.06760517750233763;0.06760517750233763;0.06760517750233763;0.06760517750233763;0.06760517750233763;0.06760517750233763;0.06760517750233763;0.06760517750233763;0.06760517750233763;0.06760517750233763;0.06760517750233763;0.06760517750233763;0.06760517750233763;0.06760517750233763;0.06760517750233763;0.06760517750233763
2;74;0.09404633489707237;0.09404633489707237;0.09404633489707237;0.09404633489707237;0.09404633489707237;0.09404633489707237;0.09404633489707237;0.09404633489707237;0.09404633489707237;0.09404633489707237;0.09404633489707237;0.09404633489707237;0.09404633489707237;0.09035732217060977;0.08666830944414716;0.08297929671768456;0.07929028399122195;0.0756012712647589;0.07191225853829675;0.0682232458118337;0.06453423308537065;0.06453423308537065;0.06453423308537065;0.06453423308537065;0.06453423308537065;0.06453423308537065;0.06453423308537065;0.06453423308537065;0.06453423308537065;0.06453423308537065;0.06453423308537065;0.06453423308537065;0.06453423308537065;0.06453423308537065;0.06453423308537065;0.06453423308537065;0.06453423308537065;0.06453423308537065;0.06453423308537065;0.06453423308537065;0.06453423308537065;0.06453423308537065;0.06453423308537065;0.06453423308537065;0.06453423308537065;0.06453423308537065;0.06453423308537065;0.06453423308537065;0.06453423308537065;0.06453423308537065;0.06453423308537065;0.06453423308537065;0.06453423308537065;0.06453423308537065;0.06453423308537065;0.06453423308537065;0.06453423308537065;0.06453423308537065;0.06453423308537065;0.06453423308537065;0.06453423308537065;0.06453423308537065;0.06453423308537065;0.06453423308537065;0.06453423308537065;0.06453423308537065;0.06453423308537065;0.06453423308537065;0.06453423308537065;0.06453423308537065;0.06453423308537065;0.06453423308537065;0.06453423308537065;0.06453423308537065;0.06453423308537065;0.06453423308537065;0.06453423308537065;0.06453423308537065;0.06453423308537065;0.06453423308537065;0.06453423308537065;0.06453423308537065;0.06453423308537065;0.06453423308537065;0.06453423308537065;0.06453423308537065;0.06453423308537065;0.06453423308537065;0.06453423308537065;0.06453423308537065;0.06453423308537065;0.06453423308537065;0.06453423308537065;0.06453423308537065;0.06453423308537065;0.06453423308537065;0.06453423308537065
2;75;0.09128564217436086;0.09128564217436086;0.09128564217436086;0.09128564217436086;0.09128564217436086;0.09128564217436086;0.09128564217436086;0.09128564217436086;0.09128564217436086;0.09128564217436086;0.09128564217436086;0.09128564217436086;0.09128564217436086;0.08759662944789826;0.08390761672143565;0.08021860399497305;0.07652959126851044;0.0728405785420474;0.06915156581558524;0.06546255308912219;0.06177354036265914;0.06177354036265914;0.06177354036265914;0.06177354036265914;0.06177354036265914;0.06177354036265914;0.06177354036265914;0.06177354036265914;0.06177354036265914;0.06177354036265914;0.06177354036265914;0.06177354036265914;0.06177354036265914;0.06177354036265914;0.06177354036265914;0.06177354036265914;0.06177354036265914;0.06177354036265914;0.06177354036265914;0.06177354036265914;0.06177354036265914;0.06177354036265914;0.06177354036265914;0.06177354036265914;0.06177354036265914;0.06177354036265914;0.06177354036265914;0.06177354036265914;0.06177354036265914;0.06177354036265914;0.06177354036265914;0.06177354036265914;0.06177354036265914;0.06177354036265914;0.06177354036265914;0.06177354036265914;0.06177354036265914;0.06177354036265914;0.06177354036265914;0.06177354036265914;0.06177354036265914;0.06177354036265914;0.06177354036265914;0.06177354036265914;0.06177354036265914;0.06177354036265914;0.06177354036265914;0.06177354036265914;0.06177354036265914;0.06177354036265914;0.06177354036265914;0.06177354036265914;0.06177354036265914;0.06177354036265914;0.06177354036265914;0.06177354036265914;0.06177354036265914;0.06177354036265914;0.06177354036265914;0.06177354036265914;0.06177354036265914;0.06177354036265914;0.06177354036265914;0.06177354036265914;0.06177354036265914;0.06177354036265914;0.06177354036265914;0.06177354036265914;0.06177354036265914;0.06177354036265914;0.06177354036265914;0.06177354036265914;0.06177354036265914;0.06177354036265914;0.06177354036265914;0.06177354036265914;0.06177354036265914
2;76;0.08828510187174121;0.08828510187174121;0.08828510187174121;0.08828510187174121;0.08828510187174121;0.08828510187174121;0.08828510187174121;0.08828510187174121;0.08828510187174121;0.08828510187174121;0.08828510187174121;0.08828510187174121;0.08828510187174121;0.08459608914527861;0.080907076418816;0.0772180636923534;0.0735290509658908;0.06984003823942775;0.06615102551296559;0.06246201278650254;0.05877300006003949;0.05877300006003949;0.05877300006003949;0.05877300006003949;0.05877300006003949;0.05877300006003949;0.05877300006003949;0.05877300006003949;0.05877300006003949;0.05877300006003949;0.05877300006003949;0.05877300006003949;0.05877300006003949;0.05877300006003949;0.05877300006003949;0.05877300006003949;0.05877300006003949;0.05877300006003949;0.05877300006003949;0.05877300006003949;0.05877300006003949;0.05877300006003949;0.05877300006003949;0.05877300006003949;0.05877300006003949;0.05877300006003949;0.05877300006003949;0.05877300006003949;0.05877300006003949;0.05877300006003949;0.05877300006003949;0.05877300006003949;0.05877300006003949;0.05877300006003949;0.05877300006003949;0.05877300006003949;0.05877300006003949;0.05877300006003949;0.05877300006003949;0.05877300006003949;0.05877300006003949;0.05877300006003949;0.05877300006003949;0.05877300006003949;0.05877300006003949;0.05877300006003949;0.05877300006003949;0.05877300006003949;0.05877300006003949;0.05877300006003949;0.05877300006003949;0.05877300006003949;0.05877300006003949;0.05877300006003949;0.05877300006003949;0.05877300006003949;0.05877300006003949;0.05877300006003949;0.05877300006003949;0.05877300006003949;0.05877300006003949;0.05877300006003949;0.05877300006003949;0.05877300006003949;0.05877300006003949;0.05877300006003949;0.05877300006003949;0.05877300006003949;0.05877300006003949;0.05877300006003949;0.05877300006003949;0.05877300006003949;0.05877300006003949;0.05877300006003949;0.05877300006003949;0.05877300006003949;0.05877300006003949
2;77;0.08449493578712719;0.08449493578712719;0.08449493578712719;0.08449493578712719;0.08449493578712719;0.08449493578712719;0.08449493578712719;0.08449493578712719;0.08449493578712719;0.08449493578712719;0.08449493578712719;0.08449493578712719;0.08449493578712719;0.08080592306066459;0.07711691033420198;0.07342789760773938;0.06973888488127677;0.06604987215481373;0.06236085942835157;0.05867184670188852;0.05498283397542547;0.05498283397542547;0.05498283397542547;0.05498283397542547;0.05498283397542547;0.05498283397542547;0.05498283397542547;0.05498283397542547;0.05498283397542547;0.05498283397542547;0.05498283397542547;0.05498283397542547;0.05498283397542547;0.05498283397542547;0.05498283397542547;0.05498283397542547;0.05498283397542547;0.05498283397542547;0.05498283397542547;0.05498283397542547;0.05498283397542547;0.05498283397542547;0.05498283397542547;0.05498283397542547;0.05498283397542547;0.05498283397542547;0.05498283397542547;0.05498283397542547;0.05498283397542547;0.05498283397542547;0.05498283397542547;0.05498283397542547;0.05498283397542547;0.05498283397542547;0.05498283397542547;0.05498283397542547;0.05498283397542547;0.05498283397542547;0.05498283397542547;0.05498283397542547;0.05498283397542547;0.05498283397542547;0.05498283397542547;0.05498283397542547;0.05498283397542547;0.05498283397542547;0.05498283397542547;0.05498283397542547;0.05498283397542547;0.05498283397542547;0.05498283397542547;0.05498283397542547;0.05498283397542547;0.05498283397542547;0.05498283397542547;0.05498283397542547;0.05498283397542547;0.05498283397542547;0.05498283397542547;0.05498283397542547;0.05498283397542547;0.05498283397542547;0.05498283397542547;0.05498283397542547;0.05498283397542547;0.05498283397542547;0.05498283397542547;0.05498283397542547;0.05498283397542547;0.05498283397542547;0.05498283397542547;0.05498283397542547;0.05498283397542547;0.05498283397542547;0.05498283397542547;0.05498283397542547;0.05498283397542547
2;78;0.0796393606027559;0.0796393606027559;0.0796393606027559;0.0796393606027559;0.0796393606027559;0.0796393606027559;0.0796393606027559;0.0796393606027559;0.0796393606027559;0.0796393606027559;0.0796393606027559;0.0796393606027559;0.0796393606027559;0.07595034787629329;0.07226133514983069;0.06857232242336808;0.06488330969690548;0.06119429697044243;0.05750528424398027;0.05381627151751722;0.050127258791054174;0.050127258791054174;0.050127258791054174;0.050127258791054174;0.050127258791054174;0.050127258791054174;0.050127258791054174;0.050127258791054174;0.050127258791054174;0.050127258791054174;0.050127258791054174;0.050127258791054174;0.050127258791054174;0.050127258791054174;0.050127258791054174;0.050127258791054174;0.050127258791054174;0.050127258791054174;0.050127258791054174;0.050127258791054174;0.050127258791054174;0.050127258791054174;0.050127258791054174;0.050127258791054174;0.050127258791054174;0.050127258791054174;0.050127258791054174;0.050127258791054174;0.050127258791054174;0.050127258791054174;0.050127258791054174;0.050127258791054174;0.050127258791054174;0.050127258791054174;0.050127258791054174;0.050127258791054174;0.050127258791054174;0.050127258791054174;0.050127258791054174;0.050127258791054174;0.050127258791054174;0.050127258791054174;0.050127258791054174;0.050127258791054174;0.050127258791054174;0.050127258791054174;0.050127258791054174;0.050127258791054174;0.050127258791054174;0.050127258791054174;0.050127258791054174;0.050127258791054174;0.050127258791054174;0.050127258791054174;0.050127258791054174;0.050127258791054174;0.050127258791054174;0.050127258791054174;0.050127258791054174;0.050127258791054174;0.050127258791054174;0.050127258791054174;0.050127258791054174;0.050127258791054174;0.050127258791054174;0.050127258791054174;0.050127258791054174;0.050127258791054174;0.050127258791054174;0.050127258791054174;0.050127258791054174;0.050127258791054174;0.050127258791054174;0.050127258791054174;0.050127258791054174;0.050127258791054174;0.050127258791054174
2;79;0.07421589510004267;0.07421589510004267;0.07421589510004267;0.07421589510004267;0.07421589510004267;0.07421589510004267;0.07421589510004267;0.07421589510004267;0.07421589510004267;0.07421589510004267;0.07421589510004267;0.07421589510004267;0.07421589510004267;0.07052688237358007;0.06683786964711746;0.06314885692065486;0.05945984419419226;0.05577083146772921;0.05208181874126705;0.048392806014804;0.044703793288340954;0.044703793288340954;0.044703793288340954;0.044703793288340954;0.044703793288340954;0.044703793288340954;0.044703793288340954;0.044703793288340954;0.044703793288340954;0.044703793288340954;0.044703793288340954;0.044703793288340954;0.044703793288340954;0.044703793288340954;0.044703793288340954;0.044703793288340954;0.044703793288340954;0.044703793288340954;0.044703793288340954;0.044703793288340954;0.044703793288340954;0.044703793288340954;0.044703793288340954;0.044703793288340954;0.044703793288340954;0.044703793288340954;0.044703793288340954;0.044703793288340954;0.044703793288340954;0.044703793288340954;0.044703793288340954;0.044703793288340954;0.044703793288340954;0.044703793288340954;0.044703793288340954;0.044703793288340954;0.044703793288340954;0.044703793288340954;0.044703793288340954;0.044703793288340954;0.044703793288340954;0.044703793288340954;0.044703793288340954;0.044703793288340954;0.044703793288340954;0.044703793288340954;0.044703793288340954;0.044703793288340954;0.044703793288340954;0.044703793288340954;0.044703793288340954;0.044703793288340954;0.044703793288340954;0.044703793288340954;0.044703793288340954;0.044703793288340954;0.044703793288340954;0.044703793288340954;0.044703793288340954;0.044703793288340954;0.044703793288340954;0.044703793288340954;0.044703793288340954;0.044703793288340954;0.044703793288340954;0.044703793288340954;0.044703793288340954;0.044703793288340954;0.044703793288340954;0.044703793288340954;0.044703793288340954;0.044703793288340954;0.044703793288340954;0.044703793288340954;0.044703793288340954;0.044703793288340954;0.044703793288340954
2;80;0.06885751034319387;0.06885751034319387;0.06885751034319387;0.06885751034319387;0.06885751034319387;0.06885751034319387;0.06885751034319387;0.06885751034319387;0.06885751034319387;0.06885751034319387;0.06885751034319387;0.06885751034319387;0.06885751034319387;0.06516849761673127;0.061479484890268665;0.05779047216380606;0.05410145943734346;0.05041244671088041;0.04672343398441825;0.0430344212579552;0.039345408531492154;0.039345408531492154;0.039345408531492154;0.039345408531492154;0.039345408531492154;0.039345408531492154;0.039345408531492154;0.039345408531492154;0.039345408531492154;0.039345408531492154;0.039345408531492154;0.039345408531492154;0.039345408531492154;0.039345408531492154;0.039345408531492154;0.039345408531492154;0.039345408531492154;0.039345408531492154;0.039345408531492154;0.039345408531492154;0.039345408531492154;0.039345408531492154;0.039345408531492154;0.039345408531492154;0.039345408531492154;0.039345408531492154;0.039345408531492154;0.039345408531492154;0.039345408531492154;0.039345408531492154;0.039345408531492154;0.039345408531492154;0.039345408531492154;0.039345408531492154;0.039345408531492154;0.039345408531492154;0.039345408531492154;0.039345408531492154;0.039345408531492154;0.039345408531492154;0.039345408531492154;0.039345408531492154;0.039345408531492154;0.039345408531492154;0.039345408531492154;0.039345408531492154;0.039345408531492154;0.039345408531492154;0.039345408531492154;0.039345408531492154;0.039345408531492154;0.039345408531492154;0.039345408531492154;0.039345408531492154;0.039345408531492154;0.039345408531492154;0.039345408531492154;0.039345408531492154;0.039345408531492154;0.039345408531492154;0.039345408531492154;0.039345408531492154;0.039345408531492154;0.039345408531492154;0.039345408531492154;0.039345408531492154;0.039345408531492154;0.039345408531492154;0.039345408531492154;0.039345408531492154;0.039345408531492154;0.039345408531492154;0.039345408531492154;0.039345408531492154;0.039345408531492154;0.039345408531492154;0.039345408531492154
2;81;0.06419714995834713;0.06419714995834713;0.06419714995834713;0.06419714995834713;0.06419714995834713;0.06419714995834713;0.06419714995834713;0.06419714995834713;0.06419714995834713;0.06419714995834713;0.06419714995834713;0.06419714995834713;0.06419714995834713;0.06050813723188453;0.056819124505421925;0.05313011177895932;0.04944109905249672;0.04575208632603367;0.04206307359957151;0.03837406087310846;0.034685048146645414;0.034685048146645414;0.034685048146645414;0.034685048146645414;0.034685048146645414;0.034685048146645414;0.034685048146645414;0.034685048146645414;0.034685048146645414;0.034685048146645414;0.034685048146645414;0.034685048146645414;0.034685048146645414;0.034685048146645414;0.034685048146645414;0.034685048146645414;0.034685048146645414;0.034685048146645414;0.034685048146645414;0.034685048146645414;0.034685048146645414;0.034685048146645414;0.034685048146645414;0.034685048146645414;0.034685048146645414;0.034685048146645414;0.034685048146645414;0.034685048146645414;0.034685048146645414;0.034685048146645414;0.034685048146645414;0.034685048146645414;0.034685048146645414;0.034685048146645414;0.034685048146645414;0.034685048146645414;0.034685048146645414;0.034685048146645414;0.034685048146645414;0.034685048146645414;0.034685048146645414;0.034685048146645414;0.034685048146645414;0.034685048146645414;0.034685048146645414;0.034685048146645414;0.034685048146645414;0.034685048146645414;0.034685048146645414;0.034685048146645414;0.034685048146645414;0.034685048146645414;0.034685048146645414;0.034685048146645414;0.034685048146645414;0.034685048146645414;0.034685048146645414;0.034685048146645414;0.034685048146645414;0.034685048146645414;0.034685048146645414;0.034685048146645414;0.034685048146645414;0.034685048146645414;0.034685048146645414;0.034685048146645414;0.034685048146645414;0.034685048146645414;0.034685048146645414;0.034685048146645414;0.034685048146645414;0.034685048146645414;0.034685048146645414;0.034685048146645414;0.034685048146645414;0.034685048146645414;0.034685048146645414
2;82;0.060707848502559614;0.060707848502559614;0.060707848502559614;0.060707848502559614;0.060707848502559614;0.060707848502559614;0.060707848502559614;0.060707848502559614;0.060707848502559614;0.060707848502559614;0.060707848502559614;0.060707848502559614;0.060707848502559614;0.05701883577609701;0.053329823049634406;0.0496408103231718;0.0459517975967092;0.04226278487024615;0.03857377214378399;0.03488475941732094;0.031195746690857895;0.031195746690857895;0.031195746690857895;0.031195746690857895;0.031195746690857895;0.031195746690857895;0.031195746690857895;0.031195746690857895;0.031195746690857895;0.031195746690857895;0.031195746690857895;0.031195746690857895;0.031195746690857895;0.031195746690857895;0.031195746690857895;0.031195746690857895;0.031195746690857895;0.031195746690857895;0.031195746690857895;0.031195746690857895;0.031195746690857895;0.031195746690857895;0.031195746690857895;0.031195746690857895;0.031195746690857895;0.031195746690857895;0.031195746690857895;0.031195746690857895;0.031195746690857895;0.031195746690857895;0.031195746690857895;0.031195746690857895;0.031195746690857895;0.031195746690857895;0.031195746690857895;0.031195746690857895;0.031195746690857895;0.031195746690857895;0.031195746690857895;0.031195746690857895;0.031195746690857895;0.031195746690857895;0.031195746690857895;0.031195746690857895;0.031195746690857895;0.031195746690857895;0.031195746690857895;0.031195746690857895;0.031195746690857895;0.031195746690857895;0.031195746690857895;0.031195746690857895;0.031195746690857895;0.031195746690857895;0.031195746690857895;0.031195746690857895;0.031195746690857895;0.031195746690857895;0.031195746690857895;0.031195746690857895;0.031195746690857895;0.031195746690857895;0.031195746690857895;0.031195746690857895;0.031195746690857895;0.031195746690857895;0.031195746690857895;0.031195746690857895;0.031195746690857895;0.031195746690857895;0.031195746690857895;0.031195746690857895;0.031195746690857895;0.031195746690857895;0.031195746690857895;0.031195746690857895;0.031195746690857895
2;83;0.058326143959874344;0.058326143959874344;0.058326143959874344;0.058326143959874344;0.058326143959874344;0.058326143959874344;0.058326143959874344;0.058326143959874344;0.058326143959874344;0.058326143959874344;0.058326143959874344;0.058326143959874344;0.058326143959874344;0.05463713123341174;0.050948118506949136;0.04725910578048653;0.04357009305402393;0.03988108032756088;0.03619206760109872;0.03250305487463567;0.028814042148172625;0.028814042148172625;0.028814042148172625;0.028814042148172625;0.028814042148172625;0.028814042148172625;0.028814042148172625;0.028814042148172625;0.028814042148172625;0.028814042148172625;0.028814042148172625;0.028814042148172625;0.028814042148172625;0.028814042148172625;0.028814042148172625;0.028814042148172625;0.028814042148172625;0.028814042148172625;0.028814042148172625;0.028814042148172625;0.028814042148172625;0.028814042148172625;0.028814042148172625;0.028814042148172625;0.028814042148172625;0.028814042148172625;0.028814042148172625;0.028814042148172625;0.028814042148172625;0.028814042148172625;0.028814042148172625;0.028814042148172625;0.028814042148172625;0.028814042148172625;0.028814042148172625;0.028814042148172625;0.028814042148172625;0.028814042148172625;0.028814042148172625;0.028814042148172625;0.028814042148172625;0.028814042148172625;0.028814042148172625;0.028814042148172625;0.028814042148172625;0.028814042148172625;0.028814042148172625;0.028814042148172625;0.028814042148172625;0.028814042148172625;0.028814042148172625;0.028814042148172625;0.028814042148172625;0.028814042148172625;0.028814042148172625;0.028814042148172625;0.028814042148172625;0.028814042148172625;0.028814042148172625;0.028814042148172625;0.028814042148172625;0.028814042148172625;0.028814042148172625;0.028814042148172625;0.028814042148172625;0.028814042148172625;0.028814042148172625;0.028814042148172625;0.028814042148172625;0.028814042148172625;0.028814042148172625;0.028814042148172625;0.028814042148172625;0.028814042148172625;0.028814042148172625;0.028814042148172625;0.028814042148172625
2;84;0.05687618798163818;0.05687618798163818;0.05687618798163818;0.05687618798163818;0.05687618798163818;0.05687618798163818;0.05687618798163818;0.05687618798163818;0.05687618798163818;0.05687618798163818;0.05687618798163818;0.05687618798163818;0.05687618798163818;0.05318717525517558;0.049498162528712975;0.04580914980225037;0.04212013707578777;0.03843112434932472;0.03474211162286256;0.03105309889639951;0.027364086169936463;0.027364086169936463;0.027364086169936463;0.027364086169936463;0.027364086169936463;0.027364086169936463;0.027364086169936463;0.027364086169936463;0.027364086169936463;0.027364086169936463;0.027364086169936463;0.027364086169936463;0.027364086169936463;0.027364086169936463;0.027364086169936463;0.027364086169936463;0.027364086169936463;0.027364086169936463;0.027364086169936463;0.027364086169936463;0.027364086169936463;0.027364086169936463;0.027364086169936463;0.027364086169936463;0.027364086169936463;0.027364086169936463;0.027364086169936463;0.027364086169936463;0.027364086169936463;0.027364086169936463;0.027364086169936463;0.027364086169936463;0.027364086169936463;0.027364086169936463;0.027364086169936463;0.027364086169936463;0.027364086169936463;0.027364086169936463;0.027364086169936463;0.027364086169936463;0.027364086169936463;0.027364086169936463;0.027364086169936463;0.027364086169936463;0.027364086169936463;0.027364086169936463;0.027364086169936463;0.027364086169936463;0.027364086169936463;0.027364086169936463;0.027364086169936463;0.027364086169936463;0.027364086169936463;0.027364086169936463;0.027364086169936463;0.027364086169936463;0.027364086169936463;0.027364086169936463;0.027364086169936463;0.027364086169936463;0.027364086169936463;0.027364086169936463;0.027364086169936463;0.027364086169936463;0.027364086169936463;0.027364086169936463;0.027364086169936463;0.027364086169936463;0.027364086169936463;0.027364086169936463;0.027364086169936463;0.027364086169936463;0.027364086169936463;0.027364086169936463;0.027364086169936463;0.027364086169936463;0.027364086169936463
2;85;0.056182132219199765;0.056182132219199765;0.056182132219199765;0.056182132219199765;0.056182132219199765;0.056182132219199765;0.056182132219199765;0.056182132219199765;0.056182132219199765;0.056182132219199765;0.056182132219199765;0.056182132219199765;0.056182132219199765;0.05249311949273716;0.04880410676627456;0.045115094039811954;0.04142608131334935;0.0377370685868863;0.03404805586042414;0.030359043133961094;0.026670030407498047;0.026670030407498047;0.026670030407498047;0.026670030407498047;0.026670030407498047;0.026670030407498047;0.026670030407498047;0.026670030407498047;0.026670030407498047;0.026670030407498047;0.026670030407498047;0.026670030407498047;0.026670030407498047;0.026670030407498047;0.026670030407498047;0.026670030407498047;0.026670030407498047;0.026670030407498047;0.026670030407498047;0.026670030407498047;0.026670030407498047;0.026670030407498047;0.026670030407498047;0.026670030407498047;0.026670030407498047;0.026670030407498047;0.026670030407498047;0.026670030407498047;0.026670030407498047;0.026670030407498047;0.026670030407498047;0.026670030407498047;0.026670030407498047;0.026670030407498047;0.026670030407498047;0.026670030407498047;0.026670030407498047;0.026670030407498047;0.026670030407498047;0.026670030407498047;0.026670030407498047;0.026670030407498047;0.026670030407498047;0.026670030407498047;0.026670030407498047;0.026670030407498047;0.026670030407498047;0.026670030407498047;0.026670030407498047;0.026670030407498047;0.026670030407498047;0.026670030407498047;0.026670030407498047;0.026670030407498047;0.026670030407498047;0.026670030407498047;0.026670030407498047;0.026670030407498047;0.026670030407498047;0.026670030407498047;0.026670030407498047;0.026670030407498047;0.026670030407498047;0.026670030407498047;0.026670030407498047;0.026670030407498047;0.026670030407498047;0.026670030407498047;0.026670030407498047;0.026670030407498047;0.026670030407498047;0.026670030407498047;0.026670030407498047;0.026670030407498047;0.026670030407498047;0.026670030407498047;0.026670030407498047
2;86;0.05580741044844473;0.05580741044844473;0.05580741044844473;0.05580741044844473;0.05580741044844473;0.05580741044844473;0.05580741044844473;0.05580741044844473;0.05580741044844473;0.05580741044844473;0.05580741044844473;0.05580741044844473;0.05580741044844473;0.052118397721982124;0.04842938499551952;0.044740372269056916;0.04105135954259431;0.037362346816131264;0.033673334089669105;0.029984321363206057;0.02629530863674301;0.02629530863674301;0.02629530863674301;0.02629530863674301;0.02629530863674301;0.02629530863674301;0.02629530863674301;0.02629530863674301;0.02629530863674301;0.02629530863674301;0.02629530863674301;0.02629530863674301;0.02629530863674301;0.02629530863674301;0.02629530863674301;0.02629530863674301;0.02629530863674301;0.02629530863674301;0.02629530863674301;0.02629530863674301;0.02629530863674301;0.02629530863674301;0.02629530863674301;0.02629530863674301;0.02629530863674301;0.02629530863674301;0.02629530863674301;0.02629530863674301;0.02629530863674301;0.02629530863674301;0.02629530863674301;0.02629530863674301;0.02629530863674301;0.02629530863674301;0.02629530863674301;0.02629530863674301;0.02629530863674301;0.02629530863674301;0.02629530863674301;0.02629530863674301;0.02629530863674301;0.02629530863674301;0.02629530863674301;0.02629530863674301;0.02629530863674301;0.02629530863674301;0.02629530863674301;0.02629530863674301;0.02629530863674301;0.02629530863674301;0.02629530863674301;0.02629530863674301;0.02629530863674301;0.02629530863674301;0.02629530863674301;0.02629530863674301;0.02629530863674301;0.02629530863674301;0.02629530863674301;0.02629530863674301;0.02629530863674301;0.02629530863674301;0.02629530863674301;0.02629530863674301;0.02629530863674301;0.02629530863674301;0.02629530863674301;0.02629530863674301;0.02629530863674301;0.02629530863674301;0.02629530863674301;0.02629530863674301;0.02629530863674301;0.02629530863674301;0.02629530863674301;0.02629530863674301;0.02629530863674301
2;87;0.0554326886776888;0.0554326886776888;0.0554326886776888;0.0554326886776888;0.0554326886776888;0.0554326886776888;0.0554326886776888;0.0554326886776888;0.0554326886776888;0.0554326886776888;0.0554326886776888;0.0554326886776888;0.0554326886776888;0.0517436759512262;0.048054663224763594;0.04436565049830099;0.040676637771838386;0.03698762504537534;0.03329861231891318;0.02960959959245013;0.025920586865987083;0.025920586865987083;0.025920586865987083;0.025920586865987083;0.025920586865987083;0.025920586865987083;0.025920586865987083;0.025920586865987083;0.025920586865987083;0.025920586865987083;0.025920586865987083;0.025920586865987083;0.025920586865987083;0.025920586865987083;0.025920586865987083;0.025920586865987083;0.025920586865987083;0.025920586865987083;0.025920586865987083;0.025920586865987083;0.025920586865987083;0.025920586865987083;0.025920586865987083;0.025920586865987083;0.025920586865987083;0.025920586865987083;0.025920586865987083;0.025920586865987083;0.025920586865987083;0.025920586865987083;0.025920586865987083;0.025920586865987083;0.025920586865987083;0.025920586865987083;0.025920586865987083;0.025920586865987083;0.025920586865987083;0.025920586865987083;0.025920586865987083;0.025920586865987083;0.025920586865987083;0.025920586865987083;0.025920586865987083;0.025920586865987083;0.025920586865987083;0.025920586865987083;0.025920586865987083;0.025920586865987083;0.025920586865987083;0.025920586865987083;0.025920586865987083;0.025920586865987083;0.025920586865987083;0.025920586865987083;0.025920586865987083;0.025920586865987083;0.025920586865987083;0.025920586865987083;0.025920586865987083;0.025920586865987083;0.025920586865987083;0.025920586865987083;0.025920586865987083;0.025920586865987083;0.025920586865987083;0.025920586865987083;0.025920586865987083;0.025920586865987083;0.025920586865987083;0.025920586865987083;0.025920586865987083;0.025920586865987083;0.025920586865987083;0.025920586865987083;0.025920586865987083;0.025920586865987083;0.025920586865987083
2;88;0.055057966906933764;0.055057966906933764;0.055057966906933764;0.055057966906933764;0.055057966906933764;0.055057966906933764;0.055057966906933764;0.055057966906933764;0.055057966906933764;0.055057966906933764;0.055057966906933764;0.055057966906933764;0.055057966906933764;0.05136895418047116;0.047679941454008556;0.04399092872754595;0.04030191600108335;0.0366129032746203;0.03292389054815814;0.029234877821695093;0.025545865095232045;0.025545865095232045;0.025545865095232045;0.025545865095232045;0.025545865095232045;0.025545865095232045;0.025545865095232045;0.025545865095232045;0.025545865095232045;0.025545865095232045;0.025545865095232045;0.025545865095232045;0.025545865095232045;0.025545865095232045;0.025545865095232045;0.025545865095232045;0.025545865095232045;0.025545865095232045;0.025545865095232045;0.025545865095232045;0.025545865095232045;0.025545865095232045;0.025545865095232045;0.025545865095232045;0.025545865095232045;0.025545865095232045;0.025545865095232045;0.025545865095232045;0.025545865095232045;0.025545865095232045;0.025545865095232045;0.025545865095232045;0.025545865095232045;0.025545865095232045;0.025545865095232045;0.025545865095232045;0.025545865095232045;0.025545865095232045;0.025545865095232045;0.025545865095232045;0.025545865095232045;0.025545865095232045;0.025545865095232045;0.025545865095232045;0.025545865095232045;0.025545865095232045;0.025545865095232045;0.025545865095232045;0.025545865095232045;0.025545865095232045;0.025545865095232045;0.025545865095232045;0.025545865095232045;0.025545865095232045;0.025545865095232045;0.025545865095232045;0.025545865095232045;0.025545865095232045;0.025545865095232045;0.025545865095232045;0.025545865095232045;0.025545865095232045;0.025545865095232045;0.025545865095232045;0.025545865095232045;0.025545865095232045;0.025545865095232045;0.025545865095232045;0.025545865095232045;0.025545865095232045;0.025545865095232045;0.025545865095232045;0.025545865095232045;0.025545865095232045;0.025545865095232045;0.025545865095232045;0.025545865095232045
2;89;0.05468324513617695;0.05468324513617695;0.05468324513617695;0.05468324513617695;0.05468324513617695;0.05468324513617695;0.05468324513617695;0.05468324513617695;0.05468324513617695;0.05468324513617695;0.05468324513617695;0.05468324513617695;0.05468324513617695;0.050994232409714346;0.04730521968325174;0.04361620695678914;0.039927194230326535;0.03623818150386349;0.03254916877740133;0.02886015605093828;0.02517114332447523;0.02517114332447523;0.02517114332447523;0.02517114332447523;0.02517114332447523;0.02517114332447523;0.02517114332447523;0.02517114332447523;0.02517114332447523;0.02517114332447523;0.02517114332447523;0.02517114332447523;0.02517114332447523;0.02517114332447523;0.02517114332447523;0.02517114332447523;0.02517114332447523;0.02517114332447523;0.02517114332447523;0.02517114332447523;0.02517114332447523;0.02517114332447523;0.02517114332447523;0.02517114332447523;0.02517114332447523;0.02517114332447523;0.02517114332447523;0.02517114332447523;0.02517114332447523;0.02517114332447523;0.02517114332447523;0.02517114332447523;0.02517114332447523;0.02517114332447523;0.02517114332447523;0.02517114332447523;0.02517114332447523;0.02517114332447523;0.02517114332447523;0.02517114332447523;0.02517114332447523;0.02517114332447523;0.02517114332447523;0.02517114332447523;0.02517114332447523;0.02517114332447523;0.02517114332447523;0.02517114332447523;0.02517114332447523;0.02517114332447523;0.02517114332447523;0.02517114332447523;0.02517114332447523;0.02517114332447523;0.02517114332447523;0.02517114332447523;0.02517114332447523;0.02517114332447523;0.02517114332447523;0.02517114332447523;0.02517114332447523;0.02517114332447523;0.02517114332447523;0.02517114332447523;0.02517114332447523;0.02517114332447523;0.02517114332447523;0.02517114332447523;0.02517114332447523;0.02517114332447523;0.02517114332447523;0.02517114332447523;0.02517114332447523;0.02517114332447523;0.02517114332447523;0.02517114332447523;0.02517114332447523
2;90;0.05430852336542191;0.05430852336542191;0.05430852336542191;0.05430852336542191;0.05430852336542191;0.05430852336542191;0.05430852336542191;0.05430852336542191;0.05430852336542191;0.05430852336542191;0.05430852336542191;0.05430852336542191;0.05430852336542191;0.05061951063895931;0.046930497912496705;0.0432414851860341;0.0395524724595715;0.03586345973310845;0.03217444700664629;0.02848543428018324;0.024796421553720194;0.024796421553720194;0.024796421553720194;0.024796421553720194;0.024796421553720194;0.024796421553720194;0.024796421553720194;0.024796421553720194;0.024796421553720194;0.024796421553720194;0.024796421553720194;0.024796421553720194;0.024796421553720194;0.024796421553720194;0.024796421553720194;0.024796421553720194;0.024796421553720194;0.024796421553720194;0.024796421553720194;0.024796421553720194;0.024796421553720194;0.024796421553720194;0.024796421553720194;0.024796421553720194;0.024796421553720194;0.024796421553720194;0.024796421553720194;0.024796421553720194;0.024796421553720194;0.024796421553720194;0.024796421553720194;0.024796421553720194;0.024796421553720194;0.024796421553720194;0.024796421553720194;0.024796421553720194;0.024796421553720194;0.024796421553720194;0.024796421553720194;0.024796421553720194;0.024796421553720194;0.024796421553720194;0.024796421553720194;0.024796421553720194;0.024796421553720194;0.024796421553720194;0.024796421553720194;0.024796421553720194;0.024796421553720194;0.024796421553720194;0.024796421553720194;0.024796421553720194;0.024796421553720194;0.024796421553720194;0.024796421553720194;0.024796421553720194;0.024796421553720194;0.024796421553720194;0.024796421553720194;0.024796421553720194;0.024796421553720194;0.024796421553720194;0.024796421553720194;0.024796421553720194;0.024796421553720194;0.024796421553720194;0.024796421553720194;0.024796421553720194;0.024796421553720194;0.024796421553720194;0.024796421553720194;0.024796421553720194;0.024796421553720194;0.024796421553720194;0.024796421553720194;0.024796421553720194;0.024796421553720194
2;91;0.05393380159466599;0.05393380159466599;0.05393380159466599;0.05393380159466599;0.05393380159466599;0.05393380159466599;0.05393380159466599;0.05393380159466599;0.05393380159466599;0.05393380159466599;0.05393380159466599;0.05393380159466599;0.05393380159466599;0.05024478886820338;0.04655577614174078;0.042866763415278175;0.03917775068881557;0.03548873796235252;0.031799725235890364;0.028110712509427316;0.024421699782964268;0.024421699782964268;0.024421699782964268;0.024421699782964268;0.024421699782964268;0.024421699782964268;0.024421699782964268;0.024421699782964268;0.024421699782964268;0.024421699782964268;0.024421699782964268;0.024421699782964268;0.024421699782964268;0.024421699782964268;0.024421699782964268;0.024421699782964268;0.024421699782964268;0.024421699782964268;0.024421699782964268;0.024421699782964268;0.024421699782964268;0.024421699782964268;0.024421699782964268;0.024421699782964268;0.024421699782964268;0.024421699782964268;0.024421699782964268;0.024421699782964268;0.024421699782964268;0.024421699782964268;0.024421699782964268;0.024421699782964268;0.024421699782964268;0.024421699782964268;0.024421699782964268;0.024421699782964268;0.024421699782964268;0.024421699782964268;0.024421699782964268;0.024421699782964268;0.024421699782964268;0.024421699782964268;0.024421699782964268;0.024421699782964268;0.024421699782964268;0.024421699782964268;0.024421699782964268;0.024421699782964268;0.024421699782964268;0.024421699782964268;0.024421699782964268;0.024421699782964268;0.024421699782964268;0.024421699782964268;0.024421699782964268;0.024421699782964268;0.024421699782964268;0.024421699782964268;0.024421699782964268;0.024421699782964268;0.024421699782964268;0.024421699782964268;0.024421699782964268;0.024421699782964268;0.024421699782964268;0.024421699782964268;0.024421699782964268;0.024421699782964268;0.024421699782964268;0.024421699782964268;0.024421699782964268;0.024421699782964268;0.024421699782964268;0.024421699782964268;0.024421699782964268;0.024421699782964268;0.024421699782964268
2;92;0.05355907982391095;0.05355907982391095;0.05355907982391095;0.05355907982391095;0.05355907982391095;0.05355907982391095;0.05355907982391095;0.05355907982391095;0.05355907982391095;0.05355907982391095;0.05355907982391095;0.05355907982391095;0.05355907982391095;0.049870067097448345;0.04618105437098574;0.04249204164452314;0.038803028918060534;0.035114016191597486;0.031425003465135326;0.027735990738672278;0.02404697801220923;0.02404697801220923;0.02404697801220923;0.02404697801220923;0.02404697801220923;0.02404697801220923;0.02404697801220923;0.02404697801220923;0.02404697801220923;0.02404697801220923;0.02404697801220923;0.02404697801220923;0.02404697801220923;0.02404697801220923;0.02404697801220923;0.02404697801220923;0.02404697801220923;0.02404697801220923;0.02404697801220923;0.02404697801220923;0.02404697801220923;0.02404697801220923;0.02404697801220923;0.02404697801220923;0.02404697801220923;0.02404697801220923;0.02404697801220923;0.02404697801220923;0.02404697801220923;0.02404697801220923;0.02404697801220923;0.02404697801220923;0.02404697801220923;0.02404697801220923;0.02404697801220923;0.02404697801220923;0.02404697801220923;0.02404697801220923;0.02404697801220923;0.02404697801220923;0.02404697801220923;0.02404697801220923;0.02404697801220923;0.02404697801220923;0.02404697801220923;0.02404697801220923;0.02404697801220923;0.02404697801220923;0.02404697801220923;0.02404697801220923;0.02404697801220923;0.02404697801220923;0.02404697801220923;0.02404697801220923;0.02404697801220923;0.02404697801220923;0.02404697801220923;0.02404697801220923;0.02404697801220923;0.02404697801220923;0.02404697801220923;0.02404697801220923;0.02404697801220923;0.02404697801220923;0.02404697801220923;0.02404697801220923;0.02404697801220923;0.02404697801220923;0.02404697801220923;0.02404697801220923;0.02404697801220923;0.02404697801220923;0.02404697801220923;0.02404697801220923;0.02404697801220923;0.02404697801220923;0.02404697801220923
2;93;0.053184358053154135;0.053184358053154135;0.053184358053154135;0.053184358053154135;0.053184358053154135;0.053184358053154135;0.053184358053154135;0.053184358053154135;0.053184358053154135;0.053184358053154135;0.053184358053154135;0.053184358053154135;0.053184358053154135;0.04949534532669153;0.04580633260022893;0.04211731987376632;0.03842830714730372;0.03473929442084067;0.031050281694378512;0.027361268967915464;0.023672256241452416;0.023672256241452416;0.023672256241452416;0.023672256241452416;0.023672256241452416;0.023672256241452416;0.023672256241452416;0.023672256241452416;0.023672256241452416;0.023672256241452416;0.023672256241452416;0.023672256241452416;0.023672256241452416;0.023672256241452416;0.023672256241452416;0.023672256241452416;0.023672256241452416;0.023672256241452416;0.023672256241452416;0.023672256241452416;0.023672256241452416;0.023672256241452416;0.023672256241452416;0.023672256241452416;0.023672256241452416;0.023672256241452416;0.023672256241452416;0.023672256241452416;0.023672256241452416;0.023672256241452416;0.023672256241452416;0.023672256241452416;0.023672256241452416;0.023672256241452416;0.023672256241452416;0.023672256241452416;0.023672256241452416;0.023672256241452416;0.023672256241452416;0.023672256241452416;0.023672256241452416;0.023672256241452416;0.023672256241452416;0.023672256241452416;0.023672256241452416;0.023672256241452416;0.023672256241452416;0.023672256241452416;0.023672256241452416;0.023672256241452416;0.023672256241452416;0.023672256241452416;0.023672256241452416;0.023672256241452416;0.023672256241452416;0.023672256241452416;0.023672256241452416;0.023672256241452416;0.023672256241452416;0.023672256241452416;0.023672256241452416;0.023672256241452416;0.023672256241452416;0.023672256241452416;0.023672256241452416;0.023672256241452416;0.023672256241452416;0.023672256241452416;0.023672256241452416;0.023672256241452416;0.023672256241452416;0.023672256241452416;0.023672256241452416;0.023672256241452416;0.023672256241452416;0.023672256241452416;0.023672256241452416
2;94;0.05280963628239821;0.05280963628239821;0.05280963628239821;0.05280963628239821;0.05280963628239821;0.05280963628239821;0.05280963628239821;0.05280963628239821;0.05280963628239821;0.05280963628239821;0.05280963628239821;0.05280963628239821;0.05280963628239821;0.049120623555935605;0.045431610829473;0.0417425981030104;0.038053585376547794;0.034364572650084746;0.030675559923622586;0.02698654719715954;0.02329753447069649;0.02329753447069649;0.02329753447069649;0.02329753447069649;0.02329753447069649;0.02329753447069649;0.02329753447069649;0.02329753447069649;0.02329753447069649;0.02329753447069649;0.02329753447069649;0.02329753447069649;0.02329753447069649;0.02329753447069649;0.02329753447069649;0.02329753447069649;0.02329753447069649;0.02329753447069649;0.02329753447069649;0.02329753447069649;0.02329753447069649;0.02329753447069649;0.02329753447069649;0.02329753447069649;0.02329753447069649;0.02329753447069649;0.02329753447069649;0.02329753447069649;0.02329753447069649;0.02329753447069649;0.02329753447069649;0.02329753447069649;0.02329753447069649;0.02329753447069649;0.02329753447069649;0.02329753447069649;0.02329753447069649;0.02329753447069649;0.02329753447069649;0.02329753447069649;0.02329753447069649;0.02329753447069649;0.02329753447069649;0.02329753447069649;0.02329753447069649;0.02329753447069649;0.02329753447069649;0.02329753447069649;0.02329753447069649;0.02329753447069649;0.02329753447069649;0.02329753447069649;0.02329753447069649;0.02329753447069649;0.02329753447069649;0.02329753447069649;0.02329753447069649;0.02329753447069649;0.02329753447069649;0.02329753447069649;0.02329753447069649;0.02329753447069649;0.02329753447069649;0.02329753447069649;0.02329753447069649;0.02329753447069649;0.02329753447069649;0.02329753447069649;0.02329753447069649;0.02329753447069649;0.02329753447069649;0.02329753447069649;0.02329753447069649;0.02329753447069649;0.02329753447069649;0.02329753447069649;0.02329753447069649
2;95;0.05243491451164317;0.05243491451164317;0.05243491451164317;0.05243491451164317;0.05243491451164317;0.05243491451164317;0.05243491451164317;0.05243491451164317;0.05243491451164317;0.05243491451164317;0.05243491451164317;0.05243491451164317;0.05243491451164317;0.04874590178518057;0.045056889058717964;0.04136787633225536;0.037678863605792756;0.03398985087932971;0.03030083815286755;0.0266118254264045;0.022922812699941453;0.022922812699941453;0.022922812699941453;0.022922812699941453;0.022922812699941453;0.022922812699941453;0.022922812699941453;0.022922812699941453;0.022922812699941453;0.022922812699941453;0.022922812699941453;0.022922812699941453;0.022922812699941453;0.022922812699941453;0.022922812699941453;0.022922812699941453;0.022922812699941453;0.022922812699941453;0.022922812699941453;0.022922812699941453;0.022922812699941453;0.022922812699941453;0.022922812699941453;0.022922812699941453;0.022922812699941453;0.022922812699941453;0.022922812699941453;0.022922812699941453;0.022922812699941453;0.022922812699941453;0.022922812699941453;0.022922812699941453;0.022922812699941453;0.022922812699941453;0.022922812699941453;0.022922812699941453;0.022922812699941453;0.022922812699941453;0.022922812699941453;0.022922812699941453;0.022922812699941453;0.022922812699941453;0.022922812699941453;0.022922812699941453;0.022922812699941453;0.022922812699941453;0.022922812699941453;0.022922812699941453;0.022922812699941453;0.022922812699941453;0.022922812699941453;0.022922812699941453;0.022922812699941453;0.022922812699941453;0.022922812699941453;0.022922812699941453;0.022922812699941453;0.022922812699941453;0.022922812699941453;0.022922812699941453;0.022922812699941453;0.022922812699941453;0.022922812699941453;0.022922812699941453;0.022922812699941453;0.022922812699941453;0.022922812699941453;0.022922812699941453;0.022922812699941453;0.022922812699941453;0.022922812699941453;0.022922812699941453;0.022922812699941453;0.022922812699941453;0.022922812699941453;0.022922812699941453;0.022922812699941453
2;96;0.052060192740888134;0.052060192740888134;0.052060192740888134;0.052060192740888134;0.052060192740888134;0.052060192740888134;0.052060192740888134;0.052060192740888134;0.052060192740888134;0.052060192740888134;0.052060192740888134;0.052060192740888134;0.052060192740888134;0.04837118001442553;0.044682167287962926;0.04099315456150032;0.03730414183503772;0.03361512910857467;0.02992611638211251;0.026237103655649463;0.022548090929186415;0.022548090929186415;0.022548090929186415;0.022548090929186415;0.022548090929186415;0.022548090929186415;0.022548090929186415;0.022548090929186415;0.022548090929186415;0.022548090929186415;0.022548090929186415;0.022548090929186415;0.022548090929186415;0.022548090929186415;0.022548090929186415;0.022548090929186415;0.022548090929186415;0.022548090929186415;0.022548090929186415;0.022548090929186415;0.022548090929186415;0.022548090929186415;0.022548090929186415;0.022548090929186415;0.022548090929186415;0.022548090929186415;0.022548090929186415;0.022548090929186415;0.022548090929186415;0.022548090929186415;0.022548090929186415;0.022548090929186415;0.022548090929186415;0.022548090929186415;0.022548090929186415;0.022548090929186415;0.022548090929186415;0.022548090929186415;0.022548090929186415;0.022548090929186415;0.022548090929186415;0.022548090929186415;0.022548090929186415;0.022548090929186415;0.022548090929186415;0.022548090929186415;0.022548090929186415;0.022548090929186415;0.022548090929186415;0.022548090929186415;0.022548090929186415;0.022548090929186415;0.022548090929186415;0.022548090929186415;0.022548090929186415;0.022548090929186415;0.022548090929186415;0.022548090929186415;0.022548090929186415;0.022548090929186415;0.022548090929186415;0.022548090929186415;0.022548090929186415;0.022548090929186415;0.022548090929186415;0.022548090929186415;0.022548090929186415;0.022548090929186415;0.022548090929186415;0.022548090929186415;0.022548090929186415;0.022548090929186415;0.022548090929186415;0.022548090929186415;0.022548090929186415;0.022548090929186415;0.022548090929186415
2;97;0.05168547097013132;0.05168547097013132;0.05168547097013132;0.05168547097013132;0.05168547097013132;0.05168547097013132;0.05168547097013132;0.05168547097013132;0.05168547097013132;0.05168547097013132;0.05168547097013132;0.05168547097013132;0.05168547097013132;0.047996458243668716;0.04430744551720611;0.04061843279074351;0.036929420064280905;0.03324040733781786;0.029551394611355697;0.02586238188489265;0.0221733691584296;0.0221733691584296;0.0221733691584296;0.0221733691584296;0.0221733691584296;0.0221733691584296;0.0221733691584296;0.0221733691584296;0.0221733691584296;0.0221733691584296;0.0221733691584296;0.0221733691584296;0.0221733691584296;0.0221733691584296;0.0221733691584296;0.0221733691584296;0.0221733691584296;0.0221733691584296;0.0221733691584296;0.0221733691584296;0.0221733691584296;0.0221733691584296;0.0221733691584296;0.0221733691584296;0.0221733691584296;0.0221733691584296;0.0221733691584296;0.0221733691584296;0.0221733691584296;0.0221733691584296;0.0221733691584296;0.0221733691584296;0.0221733691584296;0.0221733691584296;0.0221733691584296;0.0221733691584296;0.0221733691584296;0.0221733691584296;0.0221733691584296;0.0221733691584296;0.0221733691584296;0.0221733691584296;0.0221733691584296;0.0221733691584296;0.0221733691584296;0.0221733691584296;0.0221733691584296;0.0221733691584296;0.0221733691584296;0.0221733691584296;0.0221733691584296;0.0221733691584296;0.0221733691584296;0.0221733691584296;0.0221733691584296;0.0221733691584296;0.0221733691584296;0.0221733691584296;0.0221733691584296;0.0221733691584296;0.0221733691584296;0.0221733691584296;0.0221733691584296;0.0221733691584296;0.0221733691584296;0.0221733691584296;0.0221733691584296;0.0221733691584296;0.0221733691584296;0.0221733691584296;0.0221733691584296;0.0221733691584296;0.0221733691584296;0.0221733691584296;0.0221733691584296;0.0221733691584296;0.0221733691584296
2;98;0.051310749199375394;0.051310749199375394;0.051310749199375394;0.051310749199375394;0.051310749199375394;0.051310749199375394;0.051310749199375394;0.051310749199375394;0.051310749199375394;0.051310749199375394;0.051310749199375394;0.051310749199375394;0.051310749199375394;0.04762173647291279;0.043932723746450186;0.04024371101998758;0.03655469829352498;0.03286568556706193;0.02917667284059977;0.025487660114136723;0.021798647387673675;0.021798647387673675;0.021798647387673675;0.021798647387673675;0.021798647387673675;0.021798647387673675;0.021798647387673675;0.021798647387673675;0.021798647387673675;0.021798647387673675;0.021798647387673675;0.021798647387673675;0.021798647387673675;0.021798647387673675;0.021798647387673675;0.021798647387673675;0.021798647387673675;0.021798647387673675;0.021798647387673675;0.021798647387673675;0.021798647387673675;0.021798647387673675;0.021798647387673675;0.021798647387673675;0.021798647387673675;0.021798647387673675;0.021798647387673675;0.021798647387673675;0.021798647387673675;0.021798647387673675;0.021798647387673675;0.021798647387673675;0.021798647387673675;0.021798647387673675;0.021798647387673675;0.021798647387673675;0.021798647387673675;0.021798647387673675;0.021798647387673675;0.021798647387673675;0.021798647387673675;0.021798647387673675;0.021798647387673675;0.021798647387673675;0.021798647387673675;0.021798647387673675;0.021798647387673675;0.021798647387673675;0.021798647387673675;0.021798647387673675;0.021798647387673675;0.021798647387673675;0.021798647387673675;0.021798647387673675;0.021798647387673675;0.021798647387673675;0.021798647387673675;0.021798647387673675;0.021798647387673675;0.021798647387673675;0.021798647387673675;0.021798647387673675;0.021798647387673675;0.021798647387673675;0.021798647387673675;0.021798647387673675;0.021798647387673675;0.021798647387673675;0.021798647387673675;0.021798647387673675;0.021798647387673675;0.021798647387673675;0.021798647387673675;0.021798647387673675;0.021798647387673675;0.021798647387673675;0.021798647387673675
2;99;0.050936027428620356;0.050936027428620356;0.050936027428620356;0.050936027428620356;0.050936027428620356;0.050936027428620356;0.050936027428620356;0.050936027428620356;0.050936027428620356;0.050936027428620356;0.050936027428620356;0.050936027428620356;0.050936027428620356;0.04724701470215775;0.04355800197569515;0.039868989249232545;0.03617997652276994;0.03249096379630689;0.028801951069844733;0.02511293834338124;0.02142392561691775;0.02142392561691775;0.02142392561691775;0.02142392561691775;0.02142392561691775;0.02142392561691775;0.02142392561691775;0.02142392561691775;0.02142392561691775;0.02142392561691775;0.02142392561691775;0.02142392561691775;0.02142392561691775;0.02142392561691775;0.02142392561691775;0.02142392561691775;0.02142392561691775;0.02142392561691775;0.02142392561691775;0.02142392561691775;0.02142392561691775;0.02142392561691775;0.02142392561691775;0.02142392561691775;0.02142392561691775;0.02142392561691775;0.02142392561691775;0.02142392561691775;0.02142392561691775;0.02142392561691775;0.02142392561691775;0.02142392561691775;0.02142392561691775;0.02142392561691775;0.02142392561691775;0.02142392561691775;0.02142392561691775;0.02142392561691775;0.02142392561691775;0.02142392561691775;0.02142392561691775;0.02142392561691775;0.02142392561691775;0.02142392561691775;0.02142392561691775;0.02142392561691775;0.02142392561691775;0.02142392561691775;0.02142392561691775;0.02142392561691775;0.02142392561691775;0.02142392561691775;0.02142392561691775;0.02142392561691775;0.02142392561691775;0.02142392561691775;0.02142392561691775;0.02142392561691775;0.02142392561691775;0.02142392561691775;0.02142392561691775;0.02142392561691775;0.02142392561691775;0.02142392561691775;0.02142392561691775;0.02142392561691775;0.02142392561691775;0.02142392561691775;0.02142392561691775;0.02142392561691775;0.02142392561691775;0.02142392561691775;0.02142392561691775;0.02142392561691775;0.02142392561691775;0.02142392561691775;0.02142392561691775
2;100;0.05056130565786443;0.05056130565786443;0.05056130565786443;0.05056130565786443;0.05056130565786443;0.05056130565786443;0.05056130565786443;0.05056130565786443;0.05056130565786443;0.05056130565786443;0.05056130565786443;0.05056130565786443;0.05056130565786443;0.04687229293140138;0.043183280204938335;0.039494267478476175;0.035805254752014015;0.03211624202555097;0.02842722929908792;0.02473821657262487;0.021049203846161824;0.021049203846161824;0.021049203846161824;0.021049203846161824;0.021049203846161824;0.021049203846161824;0.021049203846161824;0.021049203846161824;0.021049203846161824;0.021049203846161824;0.021049203846161824;0.021049203846161824;0.021049203846161824;0.021049203846161824;0.021049203846161824;0.021049203846161824;0.021049203846161824;0.021049203846161824;0.021049203846161824;0.021049203846161824;0.021049203846161824;0.021049203846161824;0.021049203846161824;0.021049203846161824;0.021049203846161824;0.021049203846161824;0.021049203846161824;0.021049203846161824;0.021049203846161824;0.021049203846161824;0.021049203846161824;0.021049203846161824;0.021049203846161824;0.021049203846161824;0.021049203846161824;0.021049203846161824;0.021049203846161824;0.021049203846161824;0.021049203846161824;0.021049203846161824;0.021049203846161824;0.021049203846161824;0.021049203846161824;0.021049203846161824;0.021049203846161824;0.021049203846161824;0.021049203846161824;0.021049203846161824;0.021049203846161824;0.021049203846161824;0.021049203846161824;0.021049203846161824;0.021049203846161824;0.021049203846161824;0.021049203846161824;0.021049203846161824;0.021049203846161824;0.021049203846161824;0.021049203846161824;0.021049203846161824;0.021049203846161824;0.021049203846161824;0.021049203846161824;0.021049203846161824;0.021049203846161824;0.021049203846161824;0.021049203846161824;0.021049203846161824;0.021049203846161824;0.021049203846161824;0.021049203846161824;0.021049203846161824;0.021049203846161824;0.021049203846161824;0.021049203846161824;0.021049203846161824;0.021049203846161824
