sex;age;2004;2005;2006;2007;2008;2009;2010;2011;2012;2013;2014;2015;2016;2018;2020;2021;2022;2017;2019;2023;2024;2025;2026;2027;2028;2029;2030;2031;2032;2033;2034;2035;2036;2037;2038;2039;2040;2041;2042;2043;2044;2045;2046;2047;2048;2049;2050;2051;2052;2053;2054;2055;2056;2057;2058;2059;2060;2061;2062;2063;2064;2065;2066;2067;2068;2069;2070;2071;2072;2073;2074;2075;2076;2077;2078;2079;2080;2081;2082;2083;2084;2085;2086;2087;2088;2089;2090;2091;2092;2093;2094;2095;2096;2097;2098;2099;2100
1;0;0.0;0.0;0.0;0.0;0.0;0.0;0.0;0.0;0.0;0.0;0.0;0.0;0.0;0.0;0.0;0.0;0.0;0.0;0.0;0.0;0.0;0.0;0.0;0.0;0.0;0.0;0.0;0.0;0.0;0.0;0.0;0.0;0.0;0.0;0.0;0.0;0.0;0.0;0.0;0.0;0.0;0.0;0.0;0.0;0.0;0.0;0.0;0.0;0.0;0.0;0.0;0.0;0.0;0.0;0.0;0.0;0.0;0.0;0.0;0.0;0.0;0.0;0.0;0.0;0.0;0.0;0.0;0.0;0.0;0.0;0.0;0.0;0.0;0.0;0.0;0.0;0.0;0.0;0.0;0.0;0.0;0.0;0.0;0.0;0.0;0.0;0.0;0.0;0.0;0.0;0.0;0.0;0.0;0.0;0.0;0.0;0.0
1;1;0.0;0.0;0.0;0.0;0.0;0.0;0.0;0.0;0.0;0.0;0.0;0.0;0.0;0.0;0.0;0.0;0.0;0.0;0.0;0.0;0.0;0.0;0.0;0.0;0.0;0.0;0.0;0.0;0.0;0.0;0.0;0.0;0.0;0.0;0.0;0.0;0.0;0.0;0.0;0.0;0.0;0.0;0.0;0.0;0.0;0.0;0.0;0.0;0.0;0.0;0.0;0.0;0.0;0.0;0.0;0.0;0.0;0.0;0.0;0.0;0.0;0.0;0.0;0.0;0.0;0.0;0.0;0.0;0.0;0.0;0.0;0.0;0.0;0.0;0.0;0.0;0.0;0.0;0.0;0.0;0.0;0.0;0.0;0.0;0.0;0.0;0.0;0.0;0.0;0.0;0.0;0.0;0.0;0.0;0.0;0.0;0.0
1;2;0.0;0.0;0.0;0.0;0.0;0.0;0.0;0.0;0.0;0.0;0.0;0.0;0.0;0.0;0.0;0.0;0.0;0.0;0.0;0.0;0.0;0.0;0.0;0.0;0.0;0.0;0.0;0.0;0.0;0.0;0.0;0.0;0.0;0.0;0.0;0.0;0.0;0.0;0.0;0.0;0.0;0.0;0.0;0.0;0.0;0.0;0.0;0.0;0.0;0.0;0.0;0.0;0.0;0.0;0.0;0.0;0.0;0.0;0.0;0.0;0.0;0.0;0.0;0.0;0.0;0.0;0.0;0.0;0.0;0.0;0.0;0.0;0.0;0.0;0.0;0.0;0.0;0.0;0.0;0.0;0.0;0.0;0.0;0.0;0.0;0.0;0.0;0.0;0.0;0.0;0.0;0.0;0.0;0.0;0.0;0.0;0.0
1;3;0.0;0.0;0.0;0.0;0.0;0.0;0.0;0.0;0.0;0.0;0.0;0.0;0.0;0.0;0.0;0.0;0.0;0.0;0.0;0.0;0.0;0.0;0.0;0.0;0.0;0.0;0.0;0.0;0.0;0.0;0.0;0.0;0.0;0.0;0.0;0.0;0.0;0.0;0.0;0.0;0.0;0.0;0.0;0.0;0.0;0.0;0.0;0.0;0.0;0.0;0.0;0.0;0.0;0.0;0.0;0.0;0.0;0.0;0.0;0.0;0.0;0.0;0.0;0.0;0.0;0.0;0.0;0.0;0.0;0.0;0.0;0.0;0.0;0.0;0.0;0.0;0.0;0.0;0.0;0.0;0.0;0.0;0.0;0.0;0.0;0.0;0.0;0.0;0.0;0.0;0.0;0.0;0.0;0.0;0.0;0.0;0.0
1;4;0.0;0.0;0.0;0.0;0.0;0.0;0.0;0.0;0.0;0.0;0.0;0.0;0.0;0.0;0.0;0.0;0.0;0.0;0.0;0.0;0.0;0.0;0.0;0.0;0.0;0.0;0.0;0.0;0.0;0.0;0.0;0.0;0.0;0.0;0.0;0.0;0.0;0.0;0.0;0.0;0.0;0.0;0.0;0.0;0.0;0.0;0.0;0.0;0.0;0.0;0.0;0.0;0.0;0.0;0.0;0.0;0.0;0.0;0.0;0.0;0.0;0.0;0.0;0.0;0.0;0.0;0.0;0.0;0.0;0.0;0.0;0.0;0.0;0.0;0.0;0.0;0.0;0.0;0.0;0.0;0.0;0.0;0.0;0.0;0.0;0.0;0.0;0.0;0.0;0.0;0.0;0.0;0.0;0.0;0.0;0.0;0.0
1;5;0.0;0.0;0.0;0.0;0.0;0.0;0.0;0.0;0.0;0.0;0.0;0.0;0.0;0.0;0.0;0.0;0.0;0.0;0.0;0.0;0.0;0.0;0.0;0.0;0.0;0.0;0.0;0.0;0.0;0.0;0.0;0.0;0.0;0.0;0.0;0.0;0.0;0.0;0.0;0.0;0.0;0.0;0.0;0.0;0.0;0.0;0.0;0.0;0.0;0.0;0.0;0.0;0.0;0.0;0.0;0.0;0.0;0.0;0.0;0.0;0.0;0.0;0.0;0.0;0.0;0.0;0.0;0.0;0.0;0.0;0.0;0.0;0.0;0.0;0.0;0.0;0.0;0.0;0.0;0.0;0.0;0.0;0.0;0.0;0.0;0.0;0.0;0.0;0.0;0.0;0.0;0.0;0.0;0.0;0.0;0.0;0.0
1;6;0.0;0.0;0.0;0.0;0.0;0.0;0.0;0.0;0.0;0.0;0.0;0.0;0.0;0.0;0.0;0.0;0.0;0.0;0.0;0.0;0.0;0.0;0.0;0.0;0.0;0.0;0.0;0.0;0.0;0.0;0.0;0.0;0.0;0.0;0.0;0.0;0.0;0.0;0.0;0.0;0.0;0.0;0.0;0.0;0.0;0.0;0.0;0.0;0.0;0.0;0.0;0.0;0.0;0.0;0.0;0.0;0.0;0.0;0.0;0.0;0.0;0.0;0.0;0.0;0.0;0.0;0.0;0.0;0.0;0.0;0.0;0.0;0.0;0.0;0.0;0.0;0.0;0.0;0.0;0.0;0.0;0.0;0.0;0.0;0.0;0.0;0.0;0.0;0.0;0.0;0.0;0.0;0.0;0.0;0.0;0.0;0.0
1;7;0.0;0.0;0.0;0.0;0.0;0.0;0.0;0.0;0.0;0.0;0.0;0.0;0.0;0.0;0.0;0.0;0.0;0.0;0.0;0.0;0.0;0.0;0.0;0.0;0.0;0.0;0.0;0.0;0.0;0.0;0.0;0.0;0.0;0.0;0.0;0.0;0.0;0.0;0.0;0.0;0.0;0.0;0.0;0.0;0.0;0.0;0.0;0.0;0.0;0.0;0.0;0.0;0.0;0.0;0.0;0.0;0.0;0.0;0.0;0.0;0.0;0.0;0.0;0.0;0.0;0.0;0.0;0.0;0.0;0.0;0.0;0.0;0.0;0.0;0.0;0.0;0.0;0.0;0.0;0.0;0.0;0.0;0.0;0.0;0.0;0.0;0.0;0.0;0.0;0.0;0.0;0.0;0.0;0.0;0.0;0.0;0.0
1;8;0.0;0.0;0.0;0.0;0.0;0.0;0.0;0.0;0.0;0.0;0.0;0.0;0.0;0.0;0.0;0.0;0.0;0.0;0.0;0.0;0.0;0.0;0.0;0.0;0.0;0.0;0.0;0.0;0.0;0.0;0.0;0.0;0.0;0.0;0.0;0.0;0.0;0.0;0.0;0.0;0.0;0.0;0.0;0.0;0.0;0.0;0.0;0.0;0.0;0.0;0.0;0.0;0.0;0.0;0.0;0.0;0.0;0.0;0.0;0.0;0.0;0.0;0.0;0.0;0.0;0.0;0.0;0.0;0.0;0.0;0.0;0.0;0.0;0.0;0.0;0.0;0.0;0.0;0.0;0.0;0.0;0.0;0.0;0.0;0.0;0.0;0.0;0.0;0.0;0.0;0.0;0.0;0.0;0.0;0.0;0.0;0.0
1;9;0.0;0.0;0.0;0.0;0.0;0.0;0.0;0.0;0.0;0.0;0.0;0.0;0.0;0.0;0.0;0.0;0.0;0.0;0.0;0.0;0.0;0.0;0.0;0.0;0.0;0.0;0.0;0.0;0.0;0.0;0.0;0.0;0.0;0.0;0.0;0.0;0.0;0.0;0.0;0.0;0.0;0.0;0.0;0.0;0.0;0.0;0.0;0.0;0.0;0.0;0.0;0.0;0.0;0.0;0.0;0.0;0.0;0.0;0.0;0.0;0.0;0.0;0.0;0.0;0.0;0.0;0.0;0.0;0.0;0.0;0.0;0.0;0.0;0.0;0.0;0.0;0.0;0.0;0.0;0.0;0.0;0.0;0.0;0.0;0.0;0.0;0.0;0.0;0.0;0.0;0.0;0.0;0.0;0.0;0.0;0.0;0.0
1;10;0.0;0.0;0.0;0.0;0.0;0.0;0.0;0.0;0.0;0.0;0.0;0.0;0.0;0.0;0.0;0.0;0.0;0.0;0.0;0.0;0.0;0.0;0.0;0.0;0.0;0.0;0.0;0.0;0.0;0.0;0.0;0.0;0.0;0.0;0.0;0.0;0.0;0.0;0.0;0.0;0.0;0.0;0.0;0.0;0.0;0.0;0.0;0.0;0.0;0.0;0.0;0.0;0.0;0.0;0.0;0.0;0.0;0.0;0.0;0.0;0.0;0.0;0.0;0.0;0.0;0.0;0.0;0.0;0.0;0.0;0.0;0.0;0.0;0.0;0.0;0.0;0.0;0.0;0.0;0.0;0.0;0.0;0.0;0.0;0.0;0.0;0.0;0.0;0.0;0.0;0.0;0.0;0.0;0.0;0.0;0.0;0.0
1;11;0.0;0.0;0.0;0.0;0.0;0.0;0.0;0.0;0.0;0.0;0.0;0.0;0.0;0.0;0.0;0.0;0.0;0.0;0.0;0.0;0.0;0.0;0.0;0.0;0.0;0.0;0.0;0.0;0.0;0.0;0.0;0.0;0.0;0.0;0.0;0.0;0.0;0.0;0.0;0.0;0.0;0.0;0.0;0.0;0.0;0.0;0.0;0.0;0.0;0.0;0.0;0.0;0.0;0.0;0.0;0.0;0.0;0.0;0.0;0.0;0.0;0.0;0.0;0.0;0.0;0.0;0.0;0.0;0.0;0.0;0.0;0.0;0.0;0.0;0.0;0.0;0.0;0.0;0.0;0.0;0.0;0.0;0.0;0.0;0.0;0.0;0.0;0.0;0.0;0.0;0.0;0.0;0.0;0.0;0.0;0.0;0.0
1;12;0.0;0.0;0.0;0.0;0.0;0.0;0.0;0.0;0.0;0.0;0.0;0.0;0.0;0.0;0.0;0.0;0.0;0.0;0.0;0.0;0.0;0.0;0.0;0.0;0.0;0.0;0.0;0.0;0.0;0.0;0.0;0.0;0.0;0.0;0.0;0.0;0.0;0.0;0.0;0.0;0.0;0.0;0.0;0.0;0.0;0.0;0.0;0.0;0.0;0.0;0.0;0.0;0.0;0.0;0.0;0.0;0.0;0.0;0.0;0.0;0.0;0.0;0.0;0.0;0.0;0.0;0.0;0.0;0.0;0.0;0.0;0.0;0.0;0.0;0.0;0.0;0.0;0.0;0.0;0.0;0.0;0.0;0.0;0.0;0.0;0.0;0.0;0.0;0.0;0.0;0.0;0.0;0.0;0.0;0.0;0.0;0.0
1;13;0.0;0.0;0.0;0.0;0.0;0.0;0.0;0.0;0.0;0.0;0.0;0.0;0.0;0.0;0.0;0.0;0.0;0.0;0.0;0.0;0.0;0.0;0.0;0.0;0.0;0.0;0.0;0.0;0.0;0.0;0.0;0.0;0.0;0.0;0.0;0.0;0.0;0.0;0.0;0.0;0.0;0.0;0.0;0.0;0.0;0.0;0.0;0.0;0.0;0.0;0.0;0.0;0.0;0.0;0.0;0.0;0.0;0.0;0.0;0.0;0.0;0.0;0.0;0.0;0.0;0.0;0.0;0.0;0.0;0.0;0.0;0.0;0.0;0.0;0.0;0.0;0.0;0.0;0.0;0.0;0.0;0.0;0.0;0.0;0.0;0.0;0.0;0.0;0.0;0.0;0.0;0.0;0.0;0.0;0.0;0.0;0.0
1;14;0.0;0.0;0.0019145421982466465;0.0013508446196760365;0.0;0.005231199878500556;0.007352955024161376;0.008248824852784012;0.008576630306544639;0.005049514313098399;0.0045719707318954;0.009394708894481116;0.01861779488716385;0.013238856334825397;0.009417677300897112;0.014033682857017712;0.016727066436670032;0.015928325610994623;0.011328266817861254;0.016727066436670032;0.016727066436670032;0.016727066436670032;0.016727066436670032;0.016727066436670032;0.016727066436670032;0.016727066436670032;0.016727066436670032;0.016727066436670032;0.016727066436670032;0.016727066436670032;0.016727066436670032;0.016727066436670032;0.016727066436670032;0.016727066436670032;0.016727066436670032;0.016727066436670032;0.016727066436670032;0.016727066436670032;0.016727066436670032;0.016727066436670032;0.016727066436670032;0.016727066436670032;0.016727066436670032;0.016727066436670032;0.016727066436670032;0.016727066436670032;0.016727066436670032;0.016727066436670032;0.016727066436670032;0.016727066436670032;0.016727066436670032;0.016727066436670032;0.016727066436670032;0.016727066436670032;0.016727066436670032;0.016727066436670032;0.016727066436670032;0.016727066436670032;0.016727066436670032;0.016727066436670032;0.016727066436670032;0.016727066436670032;0.016727066436670032;0.016727066436670032;0.016727066436670032;0.016727066436670032;0.016727066436670032;0.016727066436670032;0.016727066436670032;0.016727066436670032;0.016727066436670032;0.016727066436670032;0.016727066436670032;0.016727066436670032;0.016727066436670032;0.016727066436670032;0.016727066436670032;0.016727066436670032;0.016727066436670032;0.016727066436670032;0.016727066436670032;0.016727066436670032;0.016727066436670032;0.016727066436670032;0.016727066436670032;0.016727066436670032;0.016727066436670032;0.016727066436670032;0.016727066436670032;0.016727066436670032;0.016727066436670032;0.016727066436670032;0.016727066436670032;0.016727066436670032;0.016727066436670032;0.016727066436670032;0.016727066436670032
1;15;0.02117136924473055;0.020804303459612525;0.02900757589433077;0.028443878315760188;0.023685455740704117;0.03232423357458471;0.03444598872024553;0.03534185854886816;0.03566966400262876;0.03214254800918255;0.03166500442797955;0.03648774259056527;0.04571082858324803;0.04033189003090952;0.03651071099698126;0.041126716553101864;0.04382010013275421;0.043021359307078774;0.03842130051394539;0.04382010013275421;0.04382010013275421;0.04382010013275421;0.04382010013275421;0.04382010013275421;0.04382010013275421;0.04382010013275421;0.04382010013275421;0.04382010013275421;0.04382010013275421;0.04382010013275421;0.04382010013275421;0.04382010013275421;0.04382010013275421;0.04382010013275421;0.04382010013275421;0.04382010013275421;0.04382010013275421;0.04382010013275421;0.04382010013275421;0.04382010013275421;0.04382010013275421;0.04382010013275421;0.04382010013275421;0.04382010013275421;0.04382010013275421;0.04382010013275421;0.04382010013275421;0.04382010013275421;0.04382010013275421;0.04382010013275421;0.04382010013275421;0.04382010013275421;0.04382010013275421;0.04382010013275421;0.04382010013275421;0.04382010013275421;0.04382010013275421;0.04382010013275421;0.04382010013275421;0.04382010013275421;0.04382010013275421;0.04382010013275421;0.04382010013275421;0.04382010013275421;0.04382010013275421;0.04382010013275421;0.04382010013275421;0.04382010013275421;0.04382010013275421;0.04382010013275421;0.04382010013275421;0.04382010013275421;0.04382010013275421;0.04382010013275421;0.04382010013275421;0.04382010013275421;0.04382010013275421;0.04382010013275421;0.04382010013275421;0.04382010013275421;0.04382010013275421;0.04382010013275421;0.04382010013275421;0.04382010013275421;0.04382010013275421;0.04382010013275421;0.04382010013275421;0.04382010013275421;0.04382010013275421;0.04382010013275421;0.04382010013275421;0.04382010013275421;0.04382010013275421;0.04382010013275421;0.04382010013275421;0.04382010013275421;0.04382010013275421
1;16;0.0482644029408147;0.047897337155696676;0.05610060959041495;0.05553691201184434;0.05077848943678827;0.059417267270668865;0.06153902241632967;0.06243489224495231;0.06276269769871293;0.059235581705266695;0.05875803812406372;0.06358077628664943;0.07280386227933217;0.06742492372699369;0.0636037446930654;0.068219750249186;0.07091313382883835;0.07011439300316293;0.06551433421002954;0.07091313382883835;0.07091313382883835;0.07091313382883835;0.07091313382883835;0.07091313382883835;0.07091313382883835;0.07091313382883835;0.07091313382883835;0.07091313382883835;0.07091313382883835;0.07091313382883835;0.07091313382883835;0.07091313382883835;0.07091313382883835;0.07091313382883835;0.07091313382883835;0.07091313382883835;0.07091313382883835;0.07091313382883835;0.07091313382883835;0.07091313382883835;0.07091313382883835;0.07091313382883835;0.07091313382883835;0.07091313382883835;0.07091313382883835;0.07091313382883835;0.07091313382883835;0.07091313382883835;0.07091313382883835;0.07091313382883835;0.07091313382883835;0.07091313382883835;0.07091313382883835;0.07091313382883835;0.07091313382883835;0.07091313382883835;0.07091313382883835;0.07091313382883835;0.07091313382883835;0.07091313382883835;0.07091313382883835;0.07091313382883835;0.07091313382883835;0.07091313382883835;0.07091313382883835;0.07091313382883835;0.07091313382883835;0.07091313382883835;0.07091313382883835;0.07091313382883835;0.07091313382883835;0.07091313382883835;0.07091313382883835;0.07091313382883835;0.07091313382883835;0.07091313382883835;0.07091313382883835;0.07091313382883835;0.07091313382883835;0.07091313382883835;0.07091313382883835;0.07091313382883835;0.07091313382883835;0.07091313382883835;0.07091313382883835;0.07091313382883835;0.07091313382883835;0.07091313382883835;0.07091313382883835;0.07091313382883835;0.07091313382883835;0.07091313382883835;0.07091313382883835;0.07091313382883835;0.07091313382883835;0.07091313382883835;0.07091313382883835
1;17;0.07653117470610574;0.07616410892098771;0.08436738135570598;0.08380368377713537;0.0790452612020793;0.08768403903595992;0.08980579418162071;0.09070166401024335;0.09102946946400398;0.08750235347055774;0.08702480988935477;0.09184754805194048;0.10107063404462321;0.09569169549228473;0.09187051645835645;0.09648652201447705;0.0991799055941294;0.09838116476845397;0.09378110597532059;0.0991799055941294;0.0991799055941294;0.0991799055941294;0.0991799055941294;0.0991799055941294;0.0991799055941294;0.0991799055941294;0.0991799055941294;0.0991799055941294;0.0991799055941294;0.0991799055941294;0.0991799055941294;0.0991799055941294;0.0991799055941294;0.0991799055941294;0.0991799055941294;0.0991799055941294;0.0991799055941294;0.0991799055941294;0.0991799055941294;0.0991799055941294;0.0991799055941294;0.0991799055941294;0.0991799055941294;0.0991799055941294;0.0991799055941294;0.0991799055941294;0.0991799055941294;0.0991799055941294;0.0991799055941294;0.0991799055941294;0.0991799055941294;0.0991799055941294;0.0991799055941294;0.0991799055941294;0.0991799055941294;0.0991799055941294;0.0991799055941294;0.0991799055941294;0.0991799055941294;0.0991799055941294;0.0991799055941294;0.0991799055941294;0.0991799055941294;0.0991799055941294;0.0991799055941294;0.0991799055941294;0.0991799055941294;0.0991799055941294;0.0991799055941294;0.0991799055941294;0.0991799055941294;0.0991799055941294;0.0991799055941294;0.0991799055941294;0.0991799055941294;0.0991799055941294;0.0991799055941294;0.0991799055941294;0.0991799055941294;0.0991799055941294;0.0991799055941294;0.0991799055941294;0.0991799055941294;0.0991799055941294;0.0991799055941294;0.0991799055941294;0.0991799055941294;0.0991799055941294;0.0991799055941294;0.0991799055941294;0.0991799055941294;0.0991799055941294;0.0991799055941294;0.0991799055941294;0.0991799055941294;0.0991799055941294;0.0991799055941294
1;18;0.1055314255869593;0.10516435980184127;0.11336763223655956;0.11280393465798896;0.10804551208293289;0.11668428991681348;0.1188060450624743;0.11970191489109694;0.12002972034485754;0.11650260435141133;0.11602506077020834;0.12084779893279406;0.13007088492547678;0.12469194637313832;0.12087076733921004;0.12548677289533064;0.128180156474983;0.12738141564930755;0.12278135685617418;0.128180156474983;0.128180156474983;0.128180156474983;0.128180156474983;0.128180156474983;0.128180156474983;0.128180156474983;0.128180156474983;0.128180156474983;0.128180156474983;0.128180156474983;0.128180156474983;0.128180156474983;0.128180156474983;0.128180156474983;0.128180156474983;0.128180156474983;0.128180156474983;0.128180156474983;0.128180156474983;0.128180156474983;0.128180156474983;0.128180156474983;0.128180156474983;0.128180156474983;0.128180156474983;0.128180156474983;0.128180156474983;0.128180156474983;0.128180156474983;0.128180156474983;0.128180156474983;0.128180156474983;0.128180156474983;0.128180156474983;0.128180156474983;0.128180156474983;0.128180156474983;0.128180156474983;0.128180156474983;0.128180156474983;0.128180156474983;0.128180156474983;0.128180156474983;0.128180156474983;0.128180156474983;0.128180156474983;0.128180156474983;0.128180156474983;0.128180156474983;0.128180156474983;0.128180156474983;0.128180156474983;0.128180156474983;0.128180156474983;0.128180156474983;0.128180156474983;0.128180156474983;0.128180156474983;0.128180156474983;0.128180156474983;0.128180156474983;0.128180156474983;0.128180156474983;0.128180156474983;0.128180156474983;0.128180156474983;0.128180156474983;0.128180156474983;0.128180156474983;0.128180156474983;0.128180156474983;0.128180156474983;0.128180156474983;0.128180156474983;0.128180156474983;0.128180156474983;0.128180156474983
1;19;0.1328441600490986;0.13247709426398058;0.14068036669869885;0.14011666912012827;0.13535824654507217;0.1439970243789528;0.14611877952461358;0.14701464935323622;0.14734245480699684;0.1438153388135506;0.14333779523234763;0.14816053339493335;0.15738361938761608;0.1520046808352776;0.14818350180134932;0.15279950735746992;0.15549289093712226;0.15469415011144683;0.15009409131831347;0.15549289093712226;0.15549289093712226;0.15549289093712226;0.15549289093712226;0.15549289093712226;0.15549289093712226;0.15549289093712226;0.15549289093712226;0.15549289093712226;0.15549289093712226;0.15549289093712226;0.15549289093712226;0.15549289093712226;0.15549289093712226;0.15549289093712226;0.15549289093712226;0.15549289093712226;0.15549289093712226;0.15549289093712226;0.15549289093712226;0.15549289093712226;0.15549289093712226;0.15549289093712226;0.15549289093712226;0.15549289093712226;0.15549289093712226;0.15549289093712226;0.15549289093712226;0.15549289093712226;0.15549289093712226;0.15549289093712226;0.15549289093712226;0.15549289093712226;0.15549289093712226;0.15549289093712226;0.15549289093712226;0.15549289093712226;0.15549289093712226;0.15549289093712226;0.15549289093712226;0.15549289093712226;0.15549289093712226;0.15549289093712226;0.15549289093712226;0.15549289093712226;0.15549289093712226;0.15549289093712226;0.15549289093712226;0.15549289093712226;0.15549289093712226;0.15549289093712226;0.15549289093712226;0.15549289093712226;0.15549289093712226;0.15549289093712226;0.15549289093712226;0.15549289093712226;0.15549289093712226;0.15549289093712226;0.15549289093712226;0.15549289093712226;0.15549289093712226;0.15549289093712226;0.15549289093712226;0.15549289093712226;0.15549289093712226;0.15549289093712226;0.15549289093712226;0.15549289093712226;0.15549289093712226;0.15549289093712226;0.15549289093712226;0.15549289093712226;0.15549289093712226;0.15549289093712226;0.15549289093712226;0.15549289093712226;0.15549289093712226
1;20;0.15604838255824677;0.15568131677312874;0.16388458920784701;0.16332089162927643;0.15856246905422033;0.16720124688810095;0.16932300203376174;0.17021887186238438;0.17054667731614498;0.16701956132269877;0.1665420177414958;0.1713647559040815;0.18058784189676425;0.17520890334442576;0.17138772431049748;0.17600372986661808;0.17869711344627043;0.177898372620595;0.17329831382746164;0.17869711344627043;0.17869711344627043;0.17869711344627043;0.17869711344627043;0.17869711344627043;0.17869711344627043;0.17869711344627043;0.17869711344627043;0.17869711344627043;0.17869711344627043;0.17869711344627043;0.17869711344627043;0.17869711344627043;0.17869711344627043;0.17869711344627043;0.17869711344627043;0.17869711344627043;0.17869711344627043;0.17869711344627043;0.17869711344627043;0.17869711344627043;0.17869711344627043;0.17869711344627043;0.17869711344627043;0.17869711344627043;0.17869711344627043;0.17869711344627043;0.17869711344627043;0.17869711344627043;0.17869711344627043;0.17869711344627043;0.17869711344627043;0.17869711344627043;0.17869711344627043;0.17869711344627043;0.17869711344627043;0.17869711344627043;0.17869711344627043;0.17869711344627043;0.17869711344627043;0.17869711344627043;0.17869711344627043;0.17869711344627043;0.17869711344627043;0.17869711344627043;0.17869711344627043;0.17869711344627043;0.17869711344627043;0.17869711344627043;0.17869711344627043;0.17869711344627043;0.17869711344627043;0.17869711344627043;0.17869711344627043;0.17869711344627043;0.17869711344627043;0.17869711344627043;0.17869711344627043;0.17869711344627043;0.17869711344627043;0.17869711344627043;0.17869711344627043;0.17869711344627043;0.17869711344627043;0.17869711344627043;0.17869711344627043;0.17869711344627043;0.17869711344627043;0.17869711344627043;0.17869711344627043;0.17869711344627043;0.17869711344627043;0.17869711344627043;0.17869711344627043;0.17869711344627043;0.17869711344627043;0.17869711344627043;0.17869711344627043
1;21;0.173202500496123;0.172835434711005;0.18103870714572326;0.18047500956715268;0.17571658699209658;0.1843553648259772;0.18647711997163802;0.18737298980026063;0.18770079525402122;0.18417367926057504;0.18369613567937204;0.18851887384195776;0.1977419598346405;0.19236302128230204;0.18854184224837373;0.19315784780449435;0.19585123138414667;0.19505249055847126;0.19045243176533788;0.19585123138414667;0.19585123138414667;0.19585123138414667;0.19585123138414667;0.19585123138414667;0.19585123138414667;0.19585123138414667;0.19585123138414667;0.19585123138414667;0.19585123138414667;0.19585123138414667;0.19585123138414667;0.19585123138414667;0.19585123138414667;0.19585123138414667;0.19585123138414667;0.19585123138414667;0.19585123138414667;0.19585123138414667;0.19585123138414667;0.19585123138414667;0.19585123138414667;0.19585123138414667;0.19585123138414667;0.19585123138414667;0.19585123138414667;0.19585123138414667;0.19585123138414667;0.19585123138414667;0.19585123138414667;0.19585123138414667;0.19585123138414667;0.19585123138414667;0.19585123138414667;0.19585123138414667;0.19585123138414667;0.19585123138414667;0.19585123138414667;0.19585123138414667;0.19585123138414667;0.19585123138414667;0.19585123138414667;0.19585123138414667;0.19585123138414667;0.19585123138414667;0.19585123138414667;0.19585123138414667;0.19585123138414667;0.19585123138414667;0.19585123138414667;0.19585123138414667;0.19585123138414667;0.19585123138414667;0.19585123138414667;0.19585123138414667;0.19585123138414667;0.19585123138414667;0.19585123138414667;0.19585123138414667;0.19585123138414667;0.19585123138414667;0.19585123138414667;0.19585123138414667;0.19585123138414667;0.19585123138414667;0.19585123138414667;0.19585123138414667;0.19585123138414667;0.19585123138414667;0.19585123138414667;0.19585123138414667;0.19585123138414667;0.19585123138414667;0.19585123138414667;0.19585123138414667;0.19585123138414667;0.19585123138414667;0.19585123138414667
1;22;0.18428253290843055;0.18391546712331253;0.19211873955803083;0.19155504197946022;0.18679661940440415;0.19543539723828474;0.19755715238394556;0.1984530222125682;0.19878082766632882;0.19525371167288258;0.19477616809167958;0.1995989062542653;0.20882199224694803;0.20344305369460958;0.1996218746606813;0.2042378802168019;0.2069312637964542;0.2061325229707788;0.20153246417764542;0.2069312637964542;0.2069312637964542;0.2069312637964542;0.2069312637964542;0.2069312637964542;0.2069312637964542;0.2069312637964542;0.2069312637964542;0.2069312637964542;0.2069312637964542;0.2069312637964542;0.2069312637964542;0.2069312637964542;0.2069312637964542;0.2069312637964542;0.2069312637964542;0.2069312637964542;0.2069312637964542;0.2069312637964542;0.2069312637964542;0.2069312637964542;0.2069312637964542;0.2069312637964542;0.2069312637964542;0.2069312637964542;0.2069312637964542;0.2069312637964542;0.2069312637964542;0.2069312637964542;0.2069312637964542;0.2069312637964542;0.2069312637964542;0.2069312637964542;0.2069312637964542;0.2069312637964542;0.2069312637964542;0.2069312637964542;0.2069312637964542;0.2069312637964542;0.2069312637964542;0.2069312637964542;0.2069312637964542;0.2069312637964542;0.2069312637964542;0.2069312637964542;0.2069312637964542;0.2069312637964542;0.2069312637964542;0.2069312637964542;0.2069312637964542;0.2069312637964542;0.2069312637964542;0.2069312637964542;0.2069312637964542;0.2069312637964542;0.2069312637964542;0.2069312637964542;0.2069312637964542;0.2069312637964542;0.2069312637964542;0.2069312637964542;0.2069312637964542;0.2069312637964542;0.2069312637964542;0.2069312637964542;0.2069312637964542;0.2069312637964542;0.2069312637964542;0.2069312637964542;0.2069312637964542;0.2069312637964542;0.2069312637964542;0.2069312637964542;0.2069312637964542;0.2069312637964542;0.2069312637964542;0.2069312637964542;0.2069312637964542
1;23;0.18974390175686867;0.18937683597175065;0.19758010840646892;0.19701641082789834;0.19225798825284224;0.20089676608672286;0.20301852123238368;0.20391439106100628;0.20424219651476688;0.2007150805213207;0.2002375369401177;0.20506027510270342;0.21428336109538615;0.2089044225430477;0.20508324350911938;0.20969924906524;0.21239263264489233;0.21159389181921692;0.20699383302608354;0.21239263264489233;0.21239263264489233;0.21239263264489233;0.21239263264489233;0.21239263264489233;0.21239263264489233;0.21239263264489233;0.21239263264489233;0.21239263264489233;0.21239263264489233;0.21239263264489233;0.21239263264489233;0.21239263264489233;0.21239263264489233;0.21239263264489233;0.21239263264489233;0.21239263264489233;0.21239263264489233;0.21239263264489233;0.21239263264489233;0.21239263264489233;0.21239263264489233;0.21239263264489233;0.21239263264489233;0.21239263264489233;0.21239263264489233;0.21239263264489233;0.21239263264489233;0.21239263264489233;0.21239263264489233;0.21239263264489233;0.21239263264489233;0.21239263264489233;0.21239263264489233;0.21239263264489233;0.21239263264489233;0.21239263264489233;0.21239263264489233;0.21239263264489233;0.21239263264489233;0.21239263264489233;0.21239263264489233;0.21239263264489233;0.21239263264489233;0.21239263264489233;0.21239263264489233;0.21239263264489233;0.21239263264489233;0.21239263264489233;0.21239263264489233;0.21239263264489233;0.21239263264489233;0.21239263264489233;0.21239263264489233;0.21239263264489233;0.21239263264489233;0.21239263264489233;0.21239263264489233;0.21239263264489233;0.21239263264489233;0.21239263264489233;0.21239263264489233;0.21239263264489233;0.21239263264489233;0.21239263264489233;0.21239263264489233;0.21239263264489233;0.21239263264489233;0.21239263264489233;0.21239263264489233;0.21239263264489233;0.21239263264489233;0.21239263264489233;0.21239263264489233;0.21239263264489233;0.21239263264489233;0.21239263264489233;0.21239263264489233
1;24;0.19004202900313658;0.18967496321801855;0.19787823565273682;0.1973145380741662;0.19255611549911017;0.20119489333299073;0.20331664847865155;0.20421251830727422;0.20454032376103481;0.20101320776758858;0.2005356641863856;0.20535840234897132;0.21458148834165405;0.20920254978931557;0.20538137075538732;0.2099973763115079;0.21269075989116026;0.21189201906548483;0.20729196027235144;0.21269075989116026;0.21269075989116026;0.21269075989116026;0.21269075989116026;0.21269075989116026;0.21269075989116026;0.21269075989116026;0.21269075989116026;0.21269075989116026;0.21269075989116026;0.21269075989116026;0.21269075989116026;0.21269075989116026;0.21269075989116026;0.21269075989116026;0.21269075989116026;0.21269075989116026;0.21269075989116026;0.21269075989116026;0.21269075989116026;0.21269075989116026;0.21269075989116026;0.21269075989116026;0.21269075989116026;0.21269075989116026;0.21269075989116026;0.21269075989116026;0.21269075989116026;0.21269075989116026;0.21269075989116026;0.21269075989116026;0.21269075989116026;0.21269075989116026;0.21269075989116026;0.21269075989116026;0.21269075989116026;0.21269075989116026;0.21269075989116026;0.21269075989116026;0.21269075989116026;0.21269075989116026;0.21269075989116026;0.21269075989116026;0.21269075989116026;0.21269075989116026;0.21269075989116026;0.21269075989116026;0.21269075989116026;0.21269075989116026;0.21269075989116026;0.21269075989116026;0.21269075989116026;0.21269075989116026;0.21269075989116026;0.21269075989116026;0.21269075989116026;0.21269075989116026;0.21269075989116026;0.21269075989116026;0.21269075989116026;0.21269075989116026;0.21269075989116026;0.21269075989116026;0.21269075989116026;0.21269075989116026;0.21269075989116026;0.21269075989116026;0.21269075989116026;0.21269075989116026;0.21269075989116026;0.21269075989116026;0.21269075989116026;0.21269075989116026;0.21269075989116026;0.21269075989116026;0.21269075989116026;0.21269075989116026;0.21269075989116026
1;25;0.1858723482429886;0.18550528245787057;0.19370855489258887;0.19314485731401826;0.18838643473896222;0.19702521257284278;0.1991469677185036;0.20004283754712623;0.20037064300088686;0.19684352700744062;0.19636598342623762;0.20118872158882334;0.21041180758150607;0.20503286902916762;0.20121168999523933;0.20582769555135993;0.20852107913101225;0.20772233830533685;0.20312227951220346;0.20852107913101225;0.20852107913101225;0.20852107913101225;0.20852107913101225;0.20852107913101225;0.20852107913101225;0.20852107913101225;0.20852107913101225;0.20852107913101225;0.20852107913101225;0.20852107913101225;0.20852107913101225;0.20852107913101225;0.20852107913101225;0.20852107913101225;0.20852107913101225;0.20852107913101225;0.20852107913101225;0.20852107913101225;0.20852107913101225;0.20852107913101225;0.20852107913101225;0.20852107913101225;0.20852107913101225;0.20852107913101225;0.20852107913101225;0.20852107913101225;0.20852107913101225;0.20852107913101225;0.20852107913101225;0.20852107913101225;0.20852107913101225;0.20852107913101225;0.20852107913101225;0.20852107913101225;0.20852107913101225;0.20852107913101225;0.20852107913101225;0.20852107913101225;0.20852107913101225;0.20852107913101225;0.20852107913101225;0.20852107913101225;0.20852107913101225;0.20852107913101225;0.20852107913101225;0.20852107913101225;0.20852107913101225;0.20852107913101225;0.20852107913101225;0.20852107913101225;0.20852107913101225;0.20852107913101225;0.20852107913101225;0.20852107913101225;0.20852107913101225;0.20852107913101225;0.20852107913101225;0.20852107913101225;0.20852107913101225;0.20852107913101225;0.20852107913101225;0.20852107913101225;0.20852107913101225;0.20852107913101225;0.20852107913101225;0.20852107913101225;0.20852107913101225;0.20852107913101225;0.20852107913101225;0.20852107913101225;0.20852107913101225;0.20852107913101225;0.20852107913101225;0.20852107913101225;0.20852107913101225;0.20852107913101225;0.20852107913101225
1;26;0.17889033960839942;0.1785232738232814;0.18672654625799967;0.18616284867942906;0.18140442610437302;0.19004320393825358;0.1921649590839144;0.19306082891253706;0.19338863436629766;0.18986151837285142;0.18938397479164842;0.19420671295423414;0.20342979894691687;0.19805086039457842;0.19422968136065016;0.19884568691677074;0.20153907049642308;0.20074032967074765;0.1961402708776143;0.20153907049642308;0.20153907049642308;0.20153907049642308;0.20153907049642308;0.20153907049642308;0.20153907049642308;0.20153907049642308;0.20153907049642308;0.20153907049642308;0.20153907049642308;0.20153907049642308;0.20153907049642308;0.20153907049642308;0.20153907049642308;0.20153907049642308;0.20153907049642308;0.20153907049642308;0.20153907049642308;0.20153907049642308;0.20153907049642308;0.20153907049642308;0.20153907049642308;0.20153907049642308;0.20153907049642308;0.20153907049642308;0.20153907049642308;0.20153907049642308;0.20153907049642308;0.20153907049642308;0.20153907049642308;0.20153907049642308;0.20153907049642308;0.20153907049642308;0.20153907049642308;0.20153907049642308;0.20153907049642308;0.20153907049642308;0.20153907049642308;0.20153907049642308;0.20153907049642308;0.20153907049642308;0.20153907049642308;0.20153907049642308;0.20153907049642308;0.20153907049642308;0.20153907049642308;0.20153907049642308;0.20153907049642308;0.20153907049642308;0.20153907049642308;0.20153907049642308;0.20153907049642308;0.20153907049642308;0.20153907049642308;0.20153907049642308;0.20153907049642308;0.20153907049642308;0.20153907049642308;0.20153907049642308;0.20153907049642308;0.20153907049642308;0.20153907049642308;0.20153907049642308;0.20153907049642308;0.20153907049642308;0.20153907049642308;0.20153907049642308;0.20153907049642308;0.20153907049642308;0.20153907049642308;0.20153907049642308;0.20153907049642308;0.20153907049642308;0.20153907049642308;0.20153907049642308;0.20153907049642308;0.20153907049642308;0.20153907049642308
1;27;0.17099149486539875;0.17062442908028072;0.178827701514999;0.17826400393642838;0.1735055813613723;0.1821443591952529;0.18426611434091372;0.18516198416953636;0.18548978962329699;0.18196267362985075;0.18148513004864775;0.18630786821123346;0.1955309542039162;0.19015201565157774;0.18633083661764946;0.19094684217377006;0.1936402257534224;0.19284148492774697;0.1882414261346136;0.1936402257534224;0.1936402257534224;0.1936402257534224;0.1936402257534224;0.1936402257534224;0.1936402257534224;0.1936402257534224;0.1936402257534224;0.1936402257534224;0.1936402257534224;0.1936402257534224;0.1936402257534224;0.1936402257534224;0.1936402257534224;0.1936402257534224;0.1936402257534224;0.1936402257534224;0.1936402257534224;0.1936402257534224;0.1936402257534224;0.1936402257534224;0.1936402257534224;0.1936402257534224;0.1936402257534224;0.1936402257534224;0.1936402257534224;0.1936402257534224;0.1936402257534224;0.1936402257534224;0.1936402257534224;0.1936402257534224;0.1936402257534224;0.1936402257534224;0.1936402257534224;0.1936402257534224;0.1936402257534224;0.1936402257534224;0.1936402257534224;0.1936402257534224;0.1936402257534224;0.1936402257534224;0.1936402257534224;0.1936402257534224;0.1936402257534224;0.1936402257534224;0.1936402257534224;0.1936402257534224;0.1936402257534224;0.1936402257534224;0.1936402257534224;0.1936402257534224;0.1936402257534224;0.1936402257534224;0.1936402257534224;0.1936402257534224;0.1936402257534224;0.1936402257534224;0.1936402257534224;0.1936402257534224;0.1936402257534224;0.1936402257534224;0.1936402257534224;0.1936402257534224;0.1936402257534224;0.1936402257534224;0.1936402257534224;0.1936402257534224;0.1936402257534224;0.1936402257534224;0.1936402257534224;0.1936402257534224;0.1936402257534224;0.1936402257534224;0.1936402257534224;0.1936402257534224;0.1936402257534224;0.1936402257534224;0.1936402257534224
1;28;0.16407130578001627;0.16370423999489825;0.17190751242961655;0.17134381485104594;0.16658539227598987;0.17522417010987046;0.17734592525553128;0.17824179508415391;0.1785696005379145;0.1750424845444683;0.1745649409632653;0.17938767912585102;0.18861076511853375;0.1832318265661953;0.17941064753226701;0.18402665308838762;0.18672003666803993;0.18592129584236453;0.18132123704923114;0.18672003666803993;0.18672003666803993;0.18672003666803993;0.18672003666803993;0.18672003666803993;0.18672003666803993;0.18672003666803993;0.18672003666803993;0.18672003666803993;0.18672003666803993;0.18672003666803993;0.18672003666803993;0.18672003666803993;0.18672003666803993;0.18672003666803993;0.18672003666803993;0.18672003666803993;0.18672003666803993;0.18672003666803993;0.18672003666803993;0.18672003666803993;0.18672003666803993;0.18672003666803993;0.18672003666803993;0.18672003666803993;0.18672003666803993;0.18672003666803993;0.18672003666803993;0.18672003666803993;0.18672003666803993;0.18672003666803993;0.18672003666803993;0.18672003666803993;0.18672003666803993;0.18672003666803993;0.18672003666803993;0.18672003666803993;0.18672003666803993;0.18672003666803993;0.18672003666803993;0.18672003666803993;0.18672003666803993;0.18672003666803993;0.18672003666803993;0.18672003666803993;0.18672003666803993;0.18672003666803993;0.18672003666803993;0.18672003666803993;0.18672003666803993;0.18672003666803993;0.18672003666803993;0.18672003666803993;0.18672003666803993;0.18672003666803993;0.18672003666803993;0.18672003666803993;0.18672003666803993;0.18672003666803993;0.18672003666803993;0.18672003666803993;0.18672003666803993;0.18672003666803993;0.18672003666803993;0.18672003666803993;0.18672003666803993;0.18672003666803993;0.18672003666803993;0.18672003666803993;0.18672003666803993;0.18672003666803993;0.18672003666803993;0.18672003666803993;0.18672003666803993;0.18672003666803993;0.18672003666803993;0.18672003666803993;0.18672003666803993
1;29;0.15956867572594455;0.15920160994082652;0.1674048823755448;0.16684118479697418;0.16208276222191811;0.1707215400557987;0.17284329520145952;0.17373916503008216;0.1740669704838428;0.17053985449039655;0.17006231090919355;0.1748850490717793;0.184108135064462;0.17872919651212354;0.17490801747819526;0.17952402303431586;0.1822174066139682;0.18141866578829277;0.1768186069951594;0.1822174066139682;0.1822174066139682;0.1822174066139682;0.1822174066139682;0.1822174066139682;0.1822174066139682;0.1822174066139682;0.1822174066139682;0.1822174066139682;0.1822174066139682;0.1822174066139682;0.1822174066139682;0.1822174066139682;0.1822174066139682;0.1822174066139682;0.1822174066139682;0.1822174066139682;0.1822174066139682;0.1822174066139682;0.1822174066139682;0.1822174066139682;0.1822174066139682;0.1822174066139682;0.1822174066139682;0.1822174066139682;0.1822174066139682;0.1822174066139682;0.1822174066139682;0.1822174066139682;0.1822174066139682;0.1822174066139682;0.1822174066139682;0.1822174066139682;0.1822174066139682;0.1822174066139682;0.1822174066139682;0.1822174066139682;0.1822174066139682;0.1822174066139682;0.1822174066139682;0.1822174066139682;0.1822174066139682;0.1822174066139682;0.1822174066139682;0.1822174066139682;0.1822174066139682;0.1822174066139682;0.1822174066139682;0.1822174066139682;0.1822174066139682;0.1822174066139682;0.1822174066139682;0.1822174066139682;0.1822174066139682;0.1822174066139682;0.1822174066139682;0.1822174066139682;0.1822174066139682;0.1822174066139682;0.1822174066139682;0.1822174066139682;0.1822174066139682;0.1822174066139682;0.1822174066139682;0.1822174066139682;0.1822174066139682;0.1822174066139682;0.1822174066139682;0.1822174066139682;0.1822174066139682;0.1822174066139682;0.1822174066139682;0.1822174066139682;0.1822174066139682;0.1822174066139682;0.1822174066139682;0.1822174066139682;0.1822174066139682
1;30;0.1570961545075269;0.15672908872240887;0.16493236115712714;0.16436866357855656;0.1596102410035005;0.16824901883738108;0.1703707739830419;0.1712666438116645;0.17159444926542514;0.16806733327197892;0.16758978969077593;0.17241252785336164;0.18163561384604437;0.17625667529370592;0.1724354962597776;0.17705150181589824;0.17974488539555056;0.17894614456987515;0.17434608577674177;0.17974488539555056;0.17974488539555056;0.17974488539555056;0.17974488539555056;0.17974488539555056;0.17974488539555056;0.17974488539555056;0.17974488539555056;0.17974488539555056;0.17974488539555056;0.17974488539555056;0.17974488539555056;0.17974488539555056;0.17974488539555056;0.17974488539555056;0.17974488539555056;0.17974488539555056;0.17974488539555056;0.17974488539555056;0.17974488539555056;0.17974488539555056;0.17974488539555056;0.17974488539555056;0.17974488539555056;0.17974488539555056;0.17974488539555056;0.17974488539555056;0.17974488539555056;0.17974488539555056;0.17974488539555056;0.17974488539555056;0.17974488539555056;0.17974488539555056;0.17974488539555056;0.17974488539555056;0.17974488539555056;0.17974488539555056;0.17974488539555056;0.17974488539555056;0.17974488539555056;0.17974488539555056;0.17974488539555056;0.17974488539555056;0.17974488539555056;0.17974488539555056;0.17974488539555056;0.17974488539555056;0.17974488539555056;0.17974488539555056;0.17974488539555056;0.17974488539555056;0.17974488539555056;0.17974488539555056;0.17974488539555056;0.17974488539555056;0.17974488539555056;0.17974488539555056;0.17974488539555056;0.17974488539555056;0.17974488539555056;0.17974488539555056;0.17974488539555056;0.17974488539555056;0.17974488539555056;0.17974488539555056;0.17974488539555056;0.17974488539555056;0.17974488539555056;0.17974488539555056;0.17974488539555056;0.17974488539555056;0.17974488539555056;0.17974488539555056;0.17974488539555056;0.17974488539555056;0.17974488539555056;0.17974488539555056;0.17974488539555056
1;31;0.15580970353676954;0.1554426377516515;0.1636459101863698;0.1630822126077992;0.15832379003274313;0.16696256786662372;0.16908432301228454;0.16998019284090715;0.17030799829466778;0.16678088230122157;0.16630333872001857;0.17112607688260428;0.18034916287528702;0.17497022432294856;0.17114904528902025;0.17576505084514088;0.1784584344247932;0.1776596935991178;0.1730596348059844;0.1784584344247932;0.1784584344247932;0.1784584344247932;0.1784584344247932;0.1784584344247932;0.1784584344247932;0.1784584344247932;0.1784584344247932;0.1784584344247932;0.1784584344247932;0.1784584344247932;0.1784584344247932;0.1784584344247932;0.1784584344247932;0.1784584344247932;0.1784584344247932;0.1784584344247932;0.1784584344247932;0.1784584344247932;0.1784584344247932;0.1784584344247932;0.1784584344247932;0.1784584344247932;0.1784584344247932;0.1784584344247932;0.1784584344247932;0.1784584344247932;0.1784584344247932;0.1784584344247932;0.1784584344247932;0.1784584344247932;0.1784584344247932;0.1784584344247932;0.1784584344247932;0.1784584344247932;0.1784584344247932;0.1784584344247932;0.1784584344247932;0.1784584344247932;0.1784584344247932;0.1784584344247932;0.1784584344247932;0.1784584344247932;0.1784584344247932;0.1784584344247932;0.1784584344247932;0.1784584344247932;0.1784584344247932;0.1784584344247932;0.1784584344247932;0.1784584344247932;0.1784584344247932;0.1784584344247932;0.1784584344247932;0.1784584344247932;0.1784584344247932;0.1784584344247932;0.1784584344247932;0.1784584344247932;0.1784584344247932;0.1784584344247932;0.1784584344247932;0.1784584344247932;0.1784584344247932;0.1784584344247932;0.1784584344247932;0.1784584344247932;0.1784584344247932;0.1784584344247932;0.1784584344247932;0.1784584344247932;0.1784584344247932;0.1784584344247932;0.1784584344247932;0.1784584344247932;0.1784584344247932;0.1784584344247932;0.1784584344247932
1;32;0.15486528422567863;0.1544982184405606;0.16270149087527888;0.1621377932967083;0.1573793707216522;0.16601814855553282;0.1681399037011936;0.16903577352981625;0.16936357898357685;0.16583646299013063;0.16535891940892766;0.17018165757151338;0.1794047435641961;0.17402580501185763;0.17020462597792935;0.17482063153404995;0.1775140151137023;0.17671527428802686;0.1721152154948935;0.1775140151137023;0.1775140151137023;0.1775140151137023;0.1775140151137023;0.1775140151137023;0.1775140151137023;0.1775140151137023;0.1775140151137023;0.1775140151137023;0.1775140151137023;0.1775140151137023;0.1775140151137023;0.1775140151137023;0.1775140151137023;0.1775140151137023;0.1775140151137023;0.1775140151137023;0.1775140151137023;0.1775140151137023;0.1775140151137023;0.1775140151137023;0.1775140151137023;0.1775140151137023;0.1775140151137023;0.1775140151137023;0.1775140151137023;0.1775140151137023;0.1775140151137023;0.1775140151137023;0.1775140151137023;0.1775140151137023;0.1775140151137023;0.1775140151137023;0.1775140151137023;0.1775140151137023;0.1775140151137023;0.1775140151137023;0.1775140151137023;0.1775140151137023;0.1775140151137023;0.1775140151137023;0.1775140151137023;0.1775140151137023;0.1775140151137023;0.1775140151137023;0.1775140151137023;0.1775140151137023;0.1775140151137023;0.1775140151137023;0.1775140151137023;0.1775140151137023;0.1775140151137023;0.1775140151137023;0.1775140151137023;0.1775140151137023;0.1775140151137023;0.1775140151137023;0.1775140151137023;0.1775140151137023;0.1775140151137023;0.1775140151137023;0.1775140151137023;0.1775140151137023;0.1775140151137023;0.1775140151137023;0.1775140151137023;0.1775140151137023;0.1775140151137023;0.1775140151137023;0.1775140151137023;0.1775140151137023;0.1775140151137023;0.1775140151137023;0.1775140151137023;0.1775140151137023;0.1775140151137023;0.1775140151137023;0.1775140151137023
1;33;0.15368120955043646;0.15331414376531843;0.1615174162000367;0.1609537186214661;0.15619529604641003;0.16483407388029062;0.16695582902595144;0.16785169885457407;0.16817950430833467;0.16465238831488846;0.1641748447336855;0.1689975828962712;0.17822066888895394;0.17284173033661546;0.16902055130268717;0.17363655685880777;0.17632994043846012;0.17553119961278468;0.17093114081965133;0.17632994043846012;0.17632994043846012;0.17632994043846012;0.17632994043846012;0.17632994043846012;0.17632994043846012;0.17632994043846012;0.17632994043846012;0.17632994043846012;0.17632994043846012;0.17632994043846012;0.17632994043846012;0.17632994043846012;0.17632994043846012;0.17632994043846012;0.17632994043846012;0.17632994043846012;0.17632994043846012;0.17632994043846012;0.17632994043846012;0.17632994043846012;0.17632994043846012;0.17632994043846012;0.17632994043846012;0.17632994043846012;0.17632994043846012;0.17632994043846012;0.17632994043846012;0.17632994043846012;0.17632994043846012;0.17632994043846012;0.17632994043846012;0.17632994043846012;0.17632994043846012;0.17632994043846012;0.17632994043846012;0.17632994043846012;0.17632994043846012;0.17632994043846012;0.17632994043846012;0.17632994043846012;0.17632994043846012;0.17632994043846012;0.17632994043846012;0.17632994043846012;0.17632994043846012;0.17632994043846012;0.17632994043846012;0.17632994043846012;0.17632994043846012;0.17632994043846012;0.17632994043846012;0.17632994043846012;0.17632994043846012;0.17632994043846012;0.17632994043846012;0.17632994043846012;0.17632994043846012;0.17632994043846012;0.17632994043846012;0.17632994043846012;0.17632994043846012;0.17632994043846012;0.17632994043846012;0.17632994043846012;0.17632994043846012;0.17632994043846012;0.17632994043846012;0.17632994043846012;0.17632994043846012;0.17632994043846012;0.17632994043846012;0.17632994043846012;0.17632994043846012;0.17632994043846012;0.17632994043846012;0.17632994043846012;0.17632994043846012
1;34;0.1527251987439298;0.1523581329588118;0.1605614053935301;0.15999770781495948;0.1552392852399034;0.163878063073784;0.16599981821944482;0.16689568804806745;0.16722349350182808;0.16369637750838184;0.16321883392717887;0.16804157208976458;0.1772646580824473;0.17188571953010884;0.16806454049618055;0.17268054605230115;0.1753739296319535;0.17457518880627806;0.16997513001314468;0.1753739296319535;0.1753739296319535;0.1753739296319535;0.1753739296319535;0.1753739296319535;0.1753739296319535;0.1753739296319535;0.1753739296319535;0.1753739296319535;0.1753739296319535;0.1753739296319535;0.1753739296319535;0.1753739296319535;0.1753739296319535;0.1753739296319535;0.1753739296319535;0.1753739296319535;0.1753739296319535;0.1753739296319535;0.1753739296319535;0.1753739296319535;0.1753739296319535;0.1753739296319535;0.1753739296319535;0.1753739296319535;0.1753739296319535;0.1753739296319535;0.1753739296319535;0.1753739296319535;0.1753739296319535;0.1753739296319535;0.1753739296319535;0.1753739296319535;0.1753739296319535;0.1753739296319535;0.1753739296319535;0.1753739296319535;0.1753739296319535;0.1753739296319535;0.1753739296319535;0.1753739296319535;0.1753739296319535;0.1753739296319535;0.1753739296319535;0.1753739296319535;0.1753739296319535;0.1753739296319535;0.1753739296319535;0.1753739296319535;0.1753739296319535;0.1753739296319535;0.1753739296319535;0.1753739296319535;0.1753739296319535;0.1753739296319535;0.1753739296319535;0.1753739296319535;0.1753739296319535;0.1753739296319535;0.1753739296319535;0.1753739296319535;0.1753739296319535;0.1753739296319535;0.1753739296319535;0.1753739296319535;0.1753739296319535;0.1753739296319535;0.1753739296319535;0.1753739296319535;0.1753739296319535;0.1753739296319535;0.1753739296319535;0.1753739296319535;0.1753739296319535;0.1753739296319535;0.1753739296319535;0.1753739296319535;0.1753739296319535
1;35;0.15272732260322175;0.15236025681810372;0.16056352925282197;0.15999983167425139;0.15524140909919532;0.1638801869330759;0.16600194207873673;0.16689781190735936;0.16722561736111996;0.16369850136767375;0.16322095778647075;0.16804369594905647;0.1772667819417392;0.17188784338940075;0.16806666435547246;0.17268266991159306;0.1753760534912454;0.17457731266556997;0.16997725387243662;0.1753760534912454;0.1753760534912454;0.1753760534912454;0.1753760534912454;0.1753760534912454;0.1753760534912454;0.1753760534912454;0.1753760534912454;0.1753760534912454;0.1753760534912454;0.1753760534912454;0.1753760534912454;0.1753760534912454;0.1753760534912454;0.1753760534912454;0.1753760534912454;0.1753760534912454;0.1753760534912454;0.1753760534912454;0.1753760534912454;0.1753760534912454;0.1753760534912454;0.1753760534912454;0.1753760534912454;0.1753760534912454;0.1753760534912454;0.1753760534912454;0.1753760534912454;0.1753760534912454;0.1753760534912454;0.1753760534912454;0.1753760534912454;0.1753760534912454;0.1753760534912454;0.1753760534912454;0.1753760534912454;0.1753760534912454;0.1753760534912454;0.1753760534912454;0.1753760534912454;0.1753760534912454;0.1753760534912454;0.1753760534912454;0.1753760534912454;0.1753760534912454;0.1753760534912454;0.1753760534912454;0.1753760534912454;0.1753760534912454;0.1753760534912454;0.1753760534912454;0.1753760534912454;0.1753760534912454;0.1753760534912454;0.1753760534912454;0.1753760534912454;0.1753760534912454;0.1753760534912454;0.1753760534912454;0.1753760534912454;0.1753760534912454;0.1753760534912454;0.1753760534912454;0.1753760534912454;0.1753760534912454;0.1753760534912454;0.1753760534912454;0.1753760534912454;0.1753760534912454;0.1753760534912454;0.1753760534912454;0.1753760534912454;0.1753760534912454;0.1753760534912454;0.1753760534912454;0.1753760534912454;0.1753760534912454;0.1753760534912454
1;36;0.1544176519253751;0.15405058614025707;0.16225385857497535;0.16169016099640476;0.15693173842134867;0.16557051625522928;0.1676922714008901;0.1685881412295127;0.16891594668327334;0.16538883068982713;0.16491128710862413;0.16973402527120984;0.17895711126389258;0.1735781727115541;0.1697569936776258;0.17437299923374644;0.17706638281339876;0.17626764198772332;0.17166758319458997;0.17706638281339876;0.17706638281339876;0.17706638281339876;0.17706638281339876;0.17706638281339876;0.17706638281339876;0.17706638281339876;0.17706638281339876;0.17706638281339876;0.17706638281339876;0.17706638281339876;0.17706638281339876;0.17706638281339876;0.17706638281339876;0.17706638281339876;0.17706638281339876;0.17706638281339876;0.17706638281339876;0.17706638281339876;0.17706638281339876;0.17706638281339876;0.17706638281339876;0.17706638281339876;0.17706638281339876;0.17706638281339876;0.17706638281339876;0.17706638281339876;0.17706638281339876;0.17706638281339876;0.17706638281339876;0.17706638281339876;0.17706638281339876;0.17706638281339876;0.17706638281339876;0.17706638281339876;0.17706638281339876;0.17706638281339876;0.17706638281339876;0.17706638281339876;0.17706638281339876;0.17706638281339876;0.17706638281339876;0.17706638281339876;0.17706638281339876;0.17706638281339876;0.17706638281339876;0.17706638281339876;0.17706638281339876;0.17706638281339876;0.17706638281339876;0.17706638281339876;0.17706638281339876;0.17706638281339876;0.17706638281339876;0.17706638281339876;0.17706638281339876;0.17706638281339876;0.17706638281339876;0.17706638281339876;0.17706638281339876;0.17706638281339876;0.17706638281339876;0.17706638281339876;0.17706638281339876;0.17706638281339876;0.17706638281339876;0.17706638281339876;0.17706638281339876;0.17706638281339876;0.17706638281339876;0.17706638281339876;0.17706638281339876;0.17706638281339876;0.17706638281339876;0.17706638281339876;0.17706638281339876;0.17706638281339876;0.17706638281339876
1;37;0.15829733002287727;0.15793026423775924;0.16613353667247752;0.1655698390939069;0.16081141651885084;0.16945019435273143;0.17157194949839225;0.17246781932701488;0.17279562478077548;0.16926850878732927;0.1687909652061263;0.173613703368712;0.18283678936139472;0.17745785080905627;0.17363667177512798;0.17825267733124858;0.18094606091090093;0.1801473200852255;0.17554726129209214;0.18094606091090093;0.18094606091090093;0.18094606091090093;0.18094606091090093;0.18094606091090093;0.18094606091090093;0.18094606091090093;0.18094606091090093;0.18094606091090093;0.18094606091090093;0.18094606091090093;0.18094606091090093;0.18094606091090093;0.18094606091090093;0.18094606091090093;0.18094606091090093;0.18094606091090093;0.18094606091090093;0.18094606091090093;0.18094606091090093;0.18094606091090093;0.18094606091090093;0.18094606091090093;0.18094606091090093;0.18094606091090093;0.18094606091090093;0.18094606091090093;0.18094606091090093;0.18094606091090093;0.18094606091090093;0.18094606091090093;0.18094606091090093;0.18094606091090093;0.18094606091090093;0.18094606091090093;0.18094606091090093;0.18094606091090093;0.18094606091090093;0.18094606091090093;0.18094606091090093;0.18094606091090093;0.18094606091090093;0.18094606091090093;0.18094606091090093;0.18094606091090093;0.18094606091090093;0.18094606091090093;0.18094606091090093;0.18094606091090093;0.18094606091090093;0.18094606091090093;0.18094606091090093;0.18094606091090093;0.18094606091090093;0.18094606091090093;0.18094606091090093;0.18094606091090093;0.18094606091090093;0.18094606091090093;0.18094606091090093;0.18094606091090093;0.18094606091090093;0.18094606091090093;0.18094606091090093;0.18094606091090093;0.18094606091090093;0.18094606091090093;0.18094606091090093;0.18094606091090093;0.18094606091090093;0.18094606091090093;0.18094606091090093;0.18094606091090093;0.18094606091090093;0.18094606091090093;0.18094606091090093;0.18094606091090093;0.18094606091090093
1;38;0.16395179026991297;0.16358472448479494;0.17178799691951321;0.17122429934094263;0.16646587676588653;0.17510465459976715;0.17722640974542797;0.17812227957405058;0.1784500850278112;0.17492296903436497;0.174445425453162;0.1792681636157477;0.18849124960843044;0.18311231105609196;0.17929113202216368;0.1839071375782843;0.18660052115793663;0.1858017803322612;0.18120172153912784;0.18660052115793663;0.18660052115793663;0.18660052115793663;0.18660052115793663;0.18660052115793663;0.18660052115793663;0.18660052115793663;0.18660052115793663;0.18660052115793663;0.18660052115793663;0.18660052115793663;0.18660052115793663;0.18660052115793663;0.18660052115793663;0.18660052115793663;0.18660052115793663;0.18660052115793663;0.18660052115793663;0.18660052115793663;0.18660052115793663;0.18660052115793663;0.18660052115793663;0.18660052115793663;0.18660052115793663;0.18660052115793663;0.18660052115793663;0.18660052115793663;0.18660052115793663;0.18660052115793663;0.18660052115793663;0.18660052115793663;0.18660052115793663;0.18660052115793663;0.18660052115793663;0.18660052115793663;0.18660052115793663;0.18660052115793663;0.18660052115793663;0.18660052115793663;0.18660052115793663;0.18660052115793663;0.18660052115793663;0.18660052115793663;0.18660052115793663;0.18660052115793663;0.18660052115793663;0.18660052115793663;0.18660052115793663;0.18660052115793663;0.18660052115793663;0.18660052115793663;0.18660052115793663;0.18660052115793663;0.18660052115793663;0.18660052115793663;0.18660052115793663;0.18660052115793663;0.18660052115793663;0.18660052115793663;0.18660052115793663;0.18660052115793663;0.18660052115793663;0.18660052115793663;0.18660052115793663;0.18660052115793663;0.18660052115793663;0.18660052115793663;0.18660052115793663;0.18660052115793663;0.18660052115793663;0.18660052115793663;0.18660052115793663;0.18660052115793663;0.18660052115793663;0.18660052115793663;0.18660052115793663;0.18660052115793663;0.18660052115793663
1;39;0.17073753855609136;0.17037047277097334;0.1785737452056916;0.178010047627121;0.17325162505206493;0.18189040288594555;0.18401215803160634;0.18490802786022897;0.18523583331398957;0.18170871732054336;0.1812311737393404;0.1860539119019261;0.19527699789460884;0.18989805934227036;0.18607688030834207;0.19069288586446267;0.19338626944411502;0.19258752861843959;0.18798746982530623;0.19338626944411502;0.19338626944411502;0.19338626944411502;0.19338626944411502;0.19338626944411502;0.19338626944411502;0.19338626944411502;0.19338626944411502;0.19338626944411502;0.19338626944411502;0.19338626944411502;0.19338626944411502;0.19338626944411502;0.19338626944411502;0.19338626944411502;0.19338626944411502;0.19338626944411502;0.19338626944411502;0.19338626944411502;0.19338626944411502;0.19338626944411502;0.19338626944411502;0.19338626944411502;0.19338626944411502;0.19338626944411502;0.19338626944411502;0.19338626944411502;0.19338626944411502;0.19338626944411502;0.19338626944411502;0.19338626944411502;0.19338626944411502;0.19338626944411502;0.19338626944411502;0.19338626944411502;0.19338626944411502;0.19338626944411502;0.19338626944411502;0.19338626944411502;0.19338626944411502;0.19338626944411502;0.19338626944411502;0.19338626944411502;0.19338626944411502;0.19338626944411502;0.19338626944411502;0.19338626944411502;0.19338626944411502;0.19338626944411502;0.19338626944411502;0.19338626944411502;0.19338626944411502;0.19338626944411502;0.19338626944411502;0.19338626944411502;0.19338626944411502;0.19338626944411502;0.19338626944411502;0.19338626944411502;0.19338626944411502;0.19338626944411502;0.19338626944411502;0.19338626944411502;0.19338626944411502;0.19338626944411502;0.19338626944411502;0.19338626944411502;0.19338626944411502;0.19338626944411502;0.19338626944411502;0.19338626944411502;0.19338626944411502;0.19338626944411502;0.19338626944411502;0.19338626944411502;0.19338626944411502;0.19338626944411502;0.19338626944411502
1;40;0.17801108077102154;0.17764401498590351;0.1858472874206218;0.18528358984205118;0.18052516726699513;0.18916394510087572;0.19128570024653652;0.19218157007515918;0.19250937552891978;0.18898225953547354;0.18850471595427057;0.19332745411685628;0.20255054010953902;0.19717160155720054;0.19335042252327228;0.19796642807939285;0.20065981165904523;0.1998610708333698;0.1952610120402364;0.20065981165904523;0.20065981165904523;0.20065981165904523;0.20065981165904523;0.20065981165904523;0.20065981165904523;0.20065981165904523;0.20065981165904523;0.20065981165904523;0.20065981165904523;0.20065981165904523;0.20065981165904523;0.20065981165904523;0.20065981165904523;0.20065981165904523;0.20065981165904523;0.20065981165904523;0.20065981165904523;0.20065981165904523;0.20065981165904523;0.20065981165904523;0.20065981165904523;0.20065981165904523;0.20065981165904523;0.20065981165904523;0.20065981165904523;0.20065981165904523;0.20065981165904523;0.20065981165904523;0.20065981165904523;0.20065981165904523;0.20065981165904523;0.20065981165904523;0.20065981165904523;0.20065981165904523;0.20065981165904523;0.20065981165904523;0.20065981165904523;0.20065981165904523;0.20065981165904523;0.20065981165904523;0.20065981165904523;0.20065981165904523;0.20065981165904523;0.20065981165904523;0.20065981165904523;0.20065981165904523;0.20065981165904523;0.20065981165904523;0.20065981165904523;0.20065981165904523;0.20065981165904523;0.20065981165904523;0.20065981165904523;0.20065981165904523;0.20065981165904523;0.20065981165904523;0.20065981165904523;0.20065981165904523;0.20065981165904523;0.20065981165904523;0.20065981165904523;0.20065981165904523;0.20065981165904523;0.20065981165904523;0.20065981165904523;0.20065981165904523;0.20065981165904523;0.20065981165904523;0.20065981165904523;0.20065981165904523;0.20065981165904523;0.20065981165904523;0.20065981165904523;0.20065981165904523;0.20065981165904523;0.20065981165904523;0.20065981165904523
1;41;0.18519658200570654;0.18482951622058852;0.19303278865530676;0.19246909107673618;0.1877106685016801;0.1963494463355607;0.19847120148122152;0.19936707130984416;0.19969487676360476;0.19616776077015854;0.19569021718895557;0.2005129553515413;0.209736041344224;0.20435710279188551;0.20053592375795726;0.20515192931407783;0.2078453128937302;0.20704657206805477;0.20244651327492139;0.2078453128937302;0.2078453128937302;0.2078453128937302;0.2078453128937302;0.2078453128937302;0.2078453128937302;0.2078453128937302;0.2078453128937302;0.2078453128937302;0.2078453128937302;0.2078453128937302;0.2078453128937302;0.2078453128937302;0.2078453128937302;0.2078453128937302;0.2078453128937302;0.2078453128937302;0.2078453128937302;0.2078453128937302;0.2078453128937302;0.2078453128937302;0.2078453128937302;0.2078453128937302;0.2078453128937302;0.2078453128937302;0.2078453128937302;0.2078453128937302;0.2078453128937302;0.2078453128937302;0.2078453128937302;0.2078453128937302;0.2078453128937302;0.2078453128937302;0.2078453128937302;0.2078453128937302;0.2078453128937302;0.2078453128937302;0.2078453128937302;0.2078453128937302;0.2078453128937302;0.2078453128937302;0.2078453128937302;0.2078453128937302;0.2078453128937302;0.2078453128937302;0.2078453128937302;0.2078453128937302;0.2078453128937302;0.2078453128937302;0.2078453128937302;0.2078453128937302;0.2078453128937302;0.2078453128937302;0.2078453128937302;0.2078453128937302;0.2078453128937302;0.2078453128937302;0.2078453128937302;0.2078453128937302;0.2078453128937302;0.2078453128937302;0.2078453128937302;0.2078453128937302;0.2078453128937302;0.2078453128937302;0.2078453128937302;0.2078453128937302;0.2078453128937302;0.2078453128937302;0.2078453128937302;0.2078453128937302;0.2078453128937302;0.2078453128937302;0.2078453128937302;0.2078453128937302;0.2078453128937302;0.2078453128937302;0.2078453128937302
1;42;0.19198884415672468;0.19162177837160665;0.19982505080632496;0.19926135322775435;0.19450293065269827;0.20314170848657886;0.20526346363223968;0.20615933346086232;0.20648713891462295;0.2029600229211767;0.2024824793399737;0.20730521750255942;0.21652830349524216;0.2111493649429037;0.20732818590897542;0.21194419146509602;0.21463757504474837;0.21383883421907293;0.20923877542593955;0.21463757504474837;0.21463757504474837;0.21463757504474837;0.21463757504474837;0.21463757504474837;0.21463757504474837;0.21463757504474837;0.21463757504474837;0.21463757504474837;0.21463757504474837;0.21463757504474837;0.21463757504474837;0.21463757504474837;0.21463757504474837;0.21463757504474837;0.21463757504474837;0.21463757504474837;0.21463757504474837;0.21463757504474837;0.21463757504474837;0.21463757504474837;0.21463757504474837;0.21463757504474837;0.21463757504474837;0.21463757504474837;0.21463757504474837;0.21463757504474837;0.21463757504474837;0.21463757504474837;0.21463757504474837;0.21463757504474837;0.21463757504474837;0.21463757504474837;0.21463757504474837;0.21463757504474837;0.21463757504474837;0.21463757504474837;0.21463757504474837;0.21463757504474837;0.21463757504474837;0.21463757504474837;0.21463757504474837;0.21463757504474837;0.21463757504474837;0.21463757504474837;0.21463757504474837;0.21463757504474837;0.21463757504474837;0.21463757504474837;0.21463757504474837;0.21463757504474837;0.21463757504474837;0.21463757504474837;0.21463757504474837;0.21463757504474837;0.21463757504474837;0.21463757504474837;0.21463757504474837;0.21463757504474837;0.21463757504474837;0.21463757504474837;0.21463757504474837;0.21463757504474837;0.21463757504474837;0.21463757504474837;0.21463757504474837;0.21463757504474837;0.21463757504474837;0.21463757504474837;0.21463757504474837;0.21463757504474837;0.21463757504474837;0.21463757504474837;0.21463757504474837;0.21463757504474837;0.21463757504474837;0.21463757504474837;0.21463757504474837
1;43;0.19815032832204837;0.19778326253693035;0.20598653497164862;0.20542283739307804;0.20066441481802194;0.20930319265190256;0.21142494779756338;0.212320817626186;0.21264862307994659;0.2091215070865004;0.2086439635052974;0.21346670166788312;0.22268978766056585;0.2173108491082274;0.2134896700742991;0.21810567563041972;0.22079905921007204;0.22000031838439663;0.21540025959126324;0.22079905921007204;0.22079905921007204;0.22079905921007204;0.22079905921007204;0.22079905921007204;0.22079905921007204;0.22079905921007204;0.22079905921007204;0.22079905921007204;0.22079905921007204;0.22079905921007204;0.22079905921007204;0.22079905921007204;0.22079905921007204;0.22079905921007204;0.22079905921007204;0.22079905921007204;0.22079905921007204;0.22079905921007204;0.22079905921007204;0.22079905921007204;0.22079905921007204;0.22079905921007204;0.22079905921007204;0.22079905921007204;0.22079905921007204;0.22079905921007204;0.22079905921007204;0.22079905921007204;0.22079905921007204;0.22079905921007204;0.22079905921007204;0.22079905921007204;0.22079905921007204;0.22079905921007204;0.22079905921007204;0.22079905921007204;0.22079905921007204;0.22079905921007204;0.22079905921007204;0.22079905921007204;0.22079905921007204;0.22079905921007204;0.22079905921007204;0.22079905921007204;0.22079905921007204;0.22079905921007204;0.22079905921007204;0.22079905921007204;0.22079905921007204;0.22079905921007204;0.22079905921007204;0.22079905921007204;0.22079905921007204;0.22079905921007204;0.22079905921007204;0.22079905921007204;0.22079905921007204;0.22079905921007204;0.22079905921007204;0.22079905921007204;0.22079905921007204;0.22079905921007204;0.22079905921007204;0.22079905921007204;0.22079905921007204;0.22079905921007204;0.22079905921007204;0.22079905921007204;0.22079905921007204;0.22079905921007204;0.22079905921007204;0.22079905921007204;0.22079905921007204;0.22079905921007204;0.22079905921007204;0.22079905921007204;0.22079905921007204
1;44;0.2034434955996498;0.20307642981453178;0.21127970224925005;0.21071600467067947;0.20595758209562337;0.214596359929504;0.2167181150751648;0.21761398490378742;0.21794179035754802;0.21441467436410183;0.21393713078289883;0.21875986894548455;0.22798295493816728;0.22260401638582883;0.21878283735190052;0.22339884290802114;0.22609222648767346;0.22529348566199806;0.22069342686886467;0.22609222648767346;0.22609222648767346;0.22609222648767346;0.22609222648767346;0.22609222648767346;0.22609222648767346;0.22609222648767346;0.22609222648767346;0.22609222648767346;0.22609222648767346;0.22609222648767346;0.22609222648767346;0.22609222648767346;0.22609222648767346;0.22609222648767346;0.22609222648767346;0.22609222648767346;0.22609222648767346;0.22609222648767346;0.22609222648767346;0.22609222648767346;0.22609222648767346;0.22609222648767346;0.22609222648767346;0.22609222648767346;0.22609222648767346;0.22609222648767346;0.22609222648767346;0.22609222648767346;0.22609222648767346;0.22609222648767346;0.22609222648767346;0.22609222648767346;0.22609222648767346;0.22609222648767346;0.22609222648767346;0.22609222648767346;0.22609222648767346;0.22609222648767346;0.22609222648767346;0.22609222648767346;0.22609222648767346;0.22609222648767346;0.22609222648767346;0.22609222648767346;0.22609222648767346;0.22609222648767346;0.22609222648767346;0.22609222648767346;0.22609222648767346;0.22609222648767346;0.22609222648767346;0.22609222648767346;0.22609222648767346;0.22609222648767346;0.22609222648767346;0.22609222648767346;0.22609222648767346;0.22609222648767346;0.22609222648767346;0.22609222648767346;0.22609222648767346;0.22609222648767346;0.22609222648767346;0.22609222648767346;0.22609222648767346;0.22609222648767346;0.22609222648767346;0.22609222648767346;0.22609222648767346;0.22609222648767346;0.22609222648767346;0.22609222648767346;0.22609222648767346;0.22609222648767346;0.22609222648767346;0.22609222648767346;0.22609222648767346
1;45;0.2077480851074332;0.20738101932231517;0.21558429175703342;0.21502059417846286;0.21026217160340677;0.21890094943728738;0.22102270458294818;0.2219185744115708;0.2222463798653314;0.2187192638718852;0.21824172029068223;0.22306445845326794;0.23228754444595068;0.2269086058936122;0.2230874268596839;0.2277034324158045;0.23039681599545686;0.22959807516978142;0.22499801637664807;0.23039681599545686;0.23039681599545686;0.23039681599545686;0.23039681599545686;0.23039681599545686;0.23039681599545686;0.23039681599545686;0.23039681599545686;0.23039681599545686;0.23039681599545686;0.23039681599545686;0.23039681599545686;0.23039681599545686;0.23039681599545686;0.23039681599545686;0.23039681599545686;0.23039681599545686;0.23039681599545686;0.23039681599545686;0.23039681599545686;0.23039681599545686;0.23039681599545686;0.23039681599545686;0.23039681599545686;0.23039681599545686;0.23039681599545686;0.23039681599545686;0.23039681599545686;0.23039681599545686;0.23039681599545686;0.23039681599545686;0.23039681599545686;0.23039681599545686;0.23039681599545686;0.23039681599545686;0.23039681599545686;0.23039681599545686;0.23039681599545686;0.23039681599545686;0.23039681599545686;0.23039681599545686;0.23039681599545686;0.23039681599545686;0.23039681599545686;0.23039681599545686;0.23039681599545686;0.23039681599545686;0.23039681599545686;0.23039681599545686;0.23039681599545686;0.23039681599545686;0.23039681599545686;0.23039681599545686;0.23039681599545686;0.23039681599545686;0.23039681599545686;0.23039681599545686;0.23039681599545686;0.23039681599545686;0.23039681599545686;0.23039681599545686;0.23039681599545686;0.23039681599545686;0.23039681599545686;0.23039681599545686;0.23039681599545686;0.23039681599545686;0.23039681599545686;0.23039681599545686;0.23039681599545686;0.23039681599545686;0.23039681599545686;0.23039681599545686;0.23039681599545686;0.23039681599545686;0.23039681599545686;0.23039681599545686;0.23039681599545686
1;46;0.21141294804303035;0.21104588225791232;0.21924915469263057;0.21868545711405998;0.2139270345390039;0.2225658123728845;0.22468756751854532;0.22558343734716796;0.22591124280092856;0.22238412680748235;0.22190658322627937;0.2267293213888651;0.23595240738154777;0.23057346882920932;0.22675228979528106;0.23136829535140166;0.234061678931054;0.23326293810537854;0.2286628793122452;0.234061678931054;0.234061678931054;0.234061678931054;0.234061678931054;0.234061678931054;0.234061678931054;0.234061678931054;0.234061678931054;0.234061678931054;0.234061678931054;0.234061678931054;0.234061678931054;0.234061678931054;0.234061678931054;0.234061678931054;0.234061678931054;0.234061678931054;0.234061678931054;0.234061678931054;0.234061678931054;0.234061678931054;0.234061678931054;0.234061678931054;0.234061678931054;0.234061678931054;0.234061678931054;0.234061678931054;0.234061678931054;0.234061678931054;0.234061678931054;0.234061678931054;0.234061678931054;0.234061678931054;0.234061678931054;0.234061678931054;0.234061678931054;0.234061678931054;0.234061678931054;0.234061678931054;0.234061678931054;0.234061678931054;0.234061678931054;0.234061678931054;0.234061678931054;0.234061678931054;0.234061678931054;0.234061678931054;0.234061678931054;0.234061678931054;0.234061678931054;0.234061678931054;0.234061678931054;0.234061678931054;0.234061678931054;0.234061678931054;0.234061678931054;0.234061678931054;0.234061678931054;0.234061678931054;0.234061678931054;0.234061678931054;0.234061678931054;0.234061678931054;0.234061678931054;0.234061678931054;0.234061678931054;0.234061678931054;0.234061678931054;0.234061678931054;0.234061678931054;0.234061678931054;0.234061678931054;0.234061678931054;0.234061678931054;0.234061678931054;0.234061678931054;0.234061678931054;0.234061678931054
1;47;0.21490421362400497;0.21453714783888694;0.22274042027360524;0.22217672269503463;0.21741830011997854;0.22605707795385915;0.22817883309951997;0.22907470292814258;0.22940250838190318;0.225875392388457;0.225397848807254;0.2302205869698397;0.23944367296252245;0.234064734410184;0.23024355537625568;0.2348595609323763;0.23755294451202863;0.23675420368635322;0.23215414489321984;0.23755294451202863;0.23755294451202863;0.23755294451202863;0.23755294451202863;0.23755294451202863;0.23755294451202863;0.23755294451202863;0.23755294451202863;0.23755294451202863;0.23755294451202863;0.23755294451202863;0.23755294451202863;0.23755294451202863;0.23755294451202863;0.23755294451202863;0.23755294451202863;0.23755294451202863;0.23755294451202863;0.23755294451202863;0.23755294451202863;0.23755294451202863;0.23755294451202863;0.23755294451202863;0.23755294451202863;0.23755294451202863;0.23755294451202863;0.23755294451202863;0.23755294451202863;0.23755294451202863;0.23755294451202863;0.23755294451202863;0.23755294451202863;0.23755294451202863;0.23755294451202863;0.23755294451202863;0.23755294451202863;0.23755294451202863;0.23755294451202863;0.23755294451202863;0.23755294451202863;0.23755294451202863;0.23755294451202863;0.23755294451202863;0.23755294451202863;0.23755294451202863;0.23755294451202863;0.23755294451202863;0.23755294451202863;0.23755294451202863;0.23755294451202863;0.23755294451202863;0.23755294451202863;0.23755294451202863;0.23755294451202863;0.23755294451202863;0.23755294451202863;0.23755294451202863;0.23755294451202863;0.23755294451202863;0.23755294451202863;0.23755294451202863;0.23755294451202863;0.23755294451202863;0.23755294451202863;0.23755294451202863;0.23755294451202863;0.23755294451202863;0.23755294451202863;0.23755294451202863;0.23755294451202863;0.23755294451202863;0.23755294451202863;0.23755294451202863;0.23755294451202863;0.23755294451202863;0.23755294451202863;0.23755294451202863;0.23755294451202863
1;48;0.21868801106792085;0.21832094528280283;0.22652421771752107;0.22596052013895046;0.22120209756389442;0.229840875397775;0.2319626305434358;0.23285850037205846;0.23318630582581906;0.22965918983237282;0.22918164625116988;0.2340043844137556;0.24322747040643833;0.23784853185409982;0.23402735282017156;0.23864335837629214;0.2413367419559445;0.24053800113026907;0.2359379423371357;0.2413367419559445;0.2413367419559445;0.2413367419559445;0.2413367419559445;0.2413367419559445;0.2413367419559445;0.2413367419559445;0.2413367419559445;0.2413367419559445;0.2413367419559445;0.2413367419559445;0.2413367419559445;0.2413367419559445;0.2413367419559445;0.2413367419559445;0.2413367419559445;0.2413367419559445;0.2413367419559445;0.2413367419559445;0.2413367419559445;0.2413367419559445;0.2413367419559445;0.2413367419559445;0.2413367419559445;0.2413367419559445;0.2413367419559445;0.2413367419559445;0.2413367419559445;0.2413367419559445;0.2413367419559445;0.2413367419559445;0.2413367419559445;0.2413367419559445;0.2413367419559445;0.2413367419559445;0.2413367419559445;0.2413367419559445;0.2413367419559445;0.2413367419559445;0.2413367419559445;0.2413367419559445;0.2413367419559445;0.2413367419559445;0.2413367419559445;0.2413367419559445;0.2413367419559445;0.2413367419559445;0.2413367419559445;0.2413367419559445;0.2413367419559445;0.2413367419559445;0.2413367419559445;0.2413367419559445;0.2413367419559445;0.2413367419559445;0.2413367419559445;0.2413367419559445;0.2413367419559445;0.2413367419559445;0.2413367419559445;0.2413367419559445;0.2413367419559445;0.2413367419559445;0.2413367419559445;0.2413367419559445;0.2413367419559445;0.2413367419559445;0.2413367419559445;0.2413367419559445;0.2413367419559445;0.2413367419559445;0.2413367419559445;0.2413367419559445;0.2413367419559445;0.2413367419559445;0.2413367419559445;0.2413367419559445;0.2413367419559445
1;49;0.2230702486696724;0.22270318288455437;0.23090645531927267;0.23034275774070206;0.225584335165646;0.23422311299952658;0.2363448681451874;0.23724073797381;0.23756854342757067;0.23404142743412443;0.23356388385292143;0.23838662201550714;0.24760970800818988;0.24223076945585142;0.2384095904219231;0.24302559597804374;0.24571897955769606;0.24492023873202065;0.24032017993888727;0.24571897955769606;0.24571897955769606;0.24571897955769606;0.24571897955769606;0.24571897955769606;0.24571897955769606;0.24571897955769606;0.24571897955769606;0.24571897955769606;0.24571897955769606;0.24571897955769606;0.24571897955769606;0.24571897955769606;0.24571897955769606;0.24571897955769606;0.24571897955769606;0.24571897955769606;0.24571897955769606;0.24571897955769606;0.24571897955769606;0.24571897955769606;0.24571897955769606;0.24571897955769606;0.24571897955769606;0.24571897955769606;0.24571897955769606;0.24571897955769606;0.24571897955769606;0.24571897955769606;0.24571897955769606;0.24571897955769606;0.24571897955769606;0.24571897955769606;0.24571897955769606;0.24571897955769606;0.24571897955769606;0.24571897955769606;0.24571897955769606;0.24571897955769606;0.24571897955769606;0.24571897955769606;0.24571897955769606;0.24571897955769606;0.24571897955769606;0.24571897955769606;0.24571897955769606;0.24571897955769606;0.24571897955769606;0.24571897955769606;0.24571897955769606;0.24571897955769606;0.24571897955769606;0.24571897955769606;0.24571897955769606;0.24571897955769606;0.24571897955769606;0.24571897955769606;0.24571897955769606;0.24571897955769606;0.24571897955769606;0.24571897955769606;0.24571897955769606;0.24571897955769606;0.24571897955769606;0.24571897955769606;0.24571897955769606;0.24571897955769606;0.24571897955769606;0.24571897955769606;0.24571897955769606;0.24571897955769606;0.24571897955769606;0.24571897955769606;0.24571897955769606;0.24571897955769606;0.24571897955769606;0.24571897955769606;0.24571897955769606
1;50;0.2277159510334772;0.22734888524835917;0.23555215768307747;0.23498846010450686;0.2302300375294508;0.23886881536333138;0.2409905705089922;0.2418864403376148;0.24221424579137546;0.23868712979792922;0.23820958621672622;0.24303232437931194;0.25225541037199467;0.24687647181965622;0.2430552927857279;0.24767129834184853;0.25036468192150085;0.24956594109582544;0.24496588230269206;0.25036468192150085;0.25036468192150085;0.25036468192150085;0.25036468192150085;0.25036468192150085;0.25036468192150085;0.25036468192150085;0.25036468192150085;0.25036468192150085;0.25036468192150085;0.25036468192150085;0.25036468192150085;0.25036468192150085;0.25036468192150085;0.25036468192150085;0.25036468192150085;0.25036468192150085;0.25036468192150085;0.25036468192150085;0.25036468192150085;0.25036468192150085;0.25036468192150085;0.25036468192150085;0.25036468192150085;0.25036468192150085;0.25036468192150085;0.25036468192150085;0.25036468192150085;0.25036468192150085;0.25036468192150085;0.25036468192150085;0.25036468192150085;0.25036468192150085;0.25036468192150085;0.25036468192150085;0.25036468192150085;0.25036468192150085;0.25036468192150085;0.25036468192150085;0.25036468192150085;0.25036468192150085;0.25036468192150085;0.25036468192150085;0.25036468192150085;0.25036468192150085;0.25036468192150085;0.25036468192150085;0.25036468192150085;0.25036468192150085;0.25036468192150085;0.25036468192150085;0.25036468192150085;0.25036468192150085;0.25036468192150085;0.25036468192150085;0.25036468192150085;0.25036468192150085;0.25036468192150085;0.25036468192150085;0.25036468192150085;0.25036468192150085;0.25036468192150085;0.25036468192150085;0.25036468192150085;0.25036468192150085;0.25036468192150085;0.25036468192150085;0.25036468192150085;0.25036468192150085;0.25036468192150085;0.25036468192150085;0.25036468192150085;0.25036468192150085;0.25036468192150085;0.25036468192150085;0.25036468192150085;0.25036468192150085;0.25036468192150085
1;51;0.23212992184088344;0.2317628560557654;0.2399661284904837;0.2394024309119131;0.23464400833685706;0.24328278617073762;0.24540454131639844;0.2463004111450211;0.2466282165987817;0.24310110060533546;0.24262355702413246;0.24744629518671818;0.2566693811794009;0.25129044262706246;0.24746926359313415;0.2520852691492548;0.2547786527289071;0.25397991190323166;0.2493798531100983;0.2547786527289071;0.2547786527289071;0.2547786527289071;0.2547786527289071;0.2547786527289071;0.2547786527289071;0.2547786527289071;0.2547786527289071;0.2547786527289071;0.2547786527289071;0.2547786527289071;0.2547786527289071;0.2547786527289071;0.2547786527289071;0.2547786527289071;0.2547786527289071;0.2547786527289071;0.2547786527289071;0.2547786527289071;0.2547786527289071;0.2547786527289071;0.2547786527289071;0.2547786527289071;0.2547786527289071;0.2547786527289071;0.2547786527289071;0.2547786527289071;0.2547786527289071;0.2547786527289071;0.2547786527289071;0.2547786527289071;0.2547786527289071;0.2547786527289071;0.2547786527289071;0.2547786527289071;0.2547786527289071;0.2547786527289071;0.2547786527289071;0.2547786527289071;0.2547786527289071;0.2547786527289071;0.2547786527289071;0.2547786527289071;0.2547786527289071;0.2547786527289071;0.2547786527289071;0.2547786527289071;0.2547786527289071;0.2547786527289071;0.2547786527289071;0.2547786527289071;0.2547786527289071;0.2547786527289071;0.2547786527289071;0.2547786527289071;0.2547786527289071;0.2547786527289071;0.2547786527289071;0.2547786527289071;0.2547786527289071;0.2547786527289071;0.2547786527289071;0.2547786527289071;0.2547786527289071;0.2547786527289071;0.2547786527289071;0.2547786527289071;0.2547786527289071;0.2547786527289071;0.2547786527289071;0.2547786527289071;0.2547786527289071;0.2547786527289071;0.2547786527289071;0.2547786527289071;0.2547786527289071;0.2547786527289071;0.2547786527289071
1;52;0.23581696477343944;0.23544989898832142;0.24365317142303972;0.2430894738444691;0.238331051269413;0.24696982910329363;0.24909158424895445;0.24998745407757705;0.25031525953133765;0.24678814353789147;0.24631059995668847;0.2511333381192742;0.2603564241119569;0.25497748555961847;0.25115630652569015;0.2557723120818108;0.2584656956614631;0.2576669548357877;0.2530668960426543;0.2584656956614631;0.2584656956614631;0.2584656956614631;0.2584656956614631;0.2584656956614631;0.2584656956614631;0.2584656956614631;0.2584656956614631;0.2584656956614631;0.2584656956614631;0.2584656956614631;0.2584656956614631;0.2584656956614631;0.2584656956614631;0.2584656956614631;0.2584656956614631;0.2584656956614631;0.2584656956614631;0.2584656956614631;0.2584656956614631;0.2584656956614631;0.2584656956614631;0.2584656956614631;0.2584656956614631;0.2584656956614631;0.2584656956614631;0.2584656956614631;0.2584656956614631;0.2584656956614631;0.2584656956614631;0.2584656956614631;0.2584656956614631;0.2584656956614631;0.2584656956614631;0.2584656956614631;0.2584656956614631;0.2584656956614631;0.2584656956614631;0.2584656956614631;0.2584656956614631;0.2584656956614631;0.2584656956614631;0.2584656956614631;0.2584656956614631;0.2584656956614631;0.2584656956614631;0.2584656956614631;0.2584656956614631;0.2584656956614631;0.2584656956614631;0.2584656956614631;0.2584656956614631;0.2584656956614631;0.2584656956614631;0.2584656956614631;0.2584656956614631;0.2584656956614631;0.2584656956614631;0.2584656956614631;0.2584656956614631;0.2584656956614631;0.2584656956614631;0.2584656956614631;0.2584656956614631;0.2584656956614631;0.2584656956614631;0.2584656956614631;0.2584656956614631;0.2584656956614631;0.2584656956614631;0.2584656956614631;0.2584656956614631;0.2584656956614631;0.2584656956614631;0.2584656956614631;0.2584656956614631;0.2584656956614631;0.2584656956614631
1;53;0.2383860325600825;0.23801896677496448;0.24622223920968278;0.24565854163111217;0.24090011905605607;0.2495388968899367;0.2516606520355975;0.2525565218642201;0.2528843273179807;0.24935721132453453;0.24887966774333153;0.25370240590591725;0.2629254918986;0.25754655334626153;0.2537253743123332;0.25834137986845385;0.26103476344810617;0.26023602262243073;0.2556359638292974;0.26103476344810617;0.26103476344810617;0.26103476344810617;0.26103476344810617;0.26103476344810617;0.26103476344810617;0.26103476344810617;0.26103476344810617;0.26103476344810617;0.26103476344810617;0.26103476344810617;0.26103476344810617;0.26103476344810617;0.26103476344810617;0.26103476344810617;0.26103476344810617;0.26103476344810617;0.26103476344810617;0.26103476344810617;0.26103476344810617;0.26103476344810617;0.26103476344810617;0.26103476344810617;0.26103476344810617;0.26103476344810617;0.26103476344810617;0.26103476344810617;0.26103476344810617;0.26103476344810617;0.26103476344810617;0.26103476344810617;0.26103476344810617;0.26103476344810617;0.26103476344810617;0.26103476344810617;0.26103476344810617;0.26103476344810617;0.26103476344810617;0.26103476344810617;0.26103476344810617;0.26103476344810617;0.26103476344810617;0.26103476344810617;0.26103476344810617;0.26103476344810617;0.26103476344810617;0.26103476344810617;0.26103476344810617;0.26103476344810617;0.26103476344810617;0.26103476344810617;0.26103476344810617;0.26103476344810617;0.26103476344810617;0.26103476344810617;0.26103476344810617;0.26103476344810617;0.26103476344810617;0.26103476344810617;0.26103476344810617;0.26103476344810617;0.26103476344810617;0.26103476344810617;0.26103476344810617;0.26103476344810617;0.26103476344810617;0.26103476344810617;0.26103476344810617;0.26103476344810617;0.26103476344810617;0.26103476344810617;0.26103476344810617;0.26103476344810617;0.26103476344810617;0.26103476344810617;0.26103476344810617;0.26103476344810617;0.26103476344810617
1;54;0.23986267411930645;0.23949560833418843;0.24769888076890673;0.24713518319033612;0.24237676061528007;0.25101553844916064;0.25313729359482146;0.2540331634234441;0.2543609688772047;0.2508338528837585;0.2503563093025555;0.2551790474651412;0.26440213345782393;0.2590231949054855;0.2552020158715572;0.2598180214276778;0.26251140500733017;0.26171266418165473;0.2571126053885213;0.26251140500733017;0.26251140500733017;0.26251140500733017;0.26251140500733017;0.26251140500733017;0.26251140500733017;0.26251140500733017;0.26251140500733017;0.26251140500733017;0.26251140500733017;0.26251140500733017;0.26251140500733017;0.26251140500733017;0.26251140500733017;0.26251140500733017;0.26251140500733017;0.26251140500733017;0.26251140500733017;0.26251140500733017;0.26251140500733017;0.26251140500733017;0.26251140500733017;0.26251140500733017;0.26251140500733017;0.26251140500733017;0.26251140500733017;0.26251140500733017;0.26251140500733017;0.26251140500733017;0.26251140500733017;0.26251140500733017;0.26251140500733017;0.26251140500733017;0.26251140500733017;0.26251140500733017;0.26251140500733017;0.26251140500733017;0.26251140500733017;0.26251140500733017;0.26251140500733017;0.26251140500733017;0.26251140500733017;0.26251140500733017;0.26251140500733017;0.26251140500733017;0.26251140500733017;0.26251140500733017;0.26251140500733017;0.26251140500733017;0.26251140500733017;0.26251140500733017;0.26251140500733017;0.26251140500733017;0.26251140500733017;0.26251140500733017;0.26251140500733017;0.26251140500733017;0.26251140500733017;0.26251140500733017;0.26251140500733017;0.26251140500733017;0.26251140500733017;0.26251140500733017;0.26251140500733017;0.26251140500733017;0.26251140500733017;0.26251140500733017;0.26251140500733017;0.26251140500733017;0.26251140500733017;0.26251140500733017;0.26251140500733017;0.26251140500733017;0.26251140500733017;0.26251140500733017;0.26251140500733017;0.26251140500733017;0.26251140500733017
1;55;0.24037658741699425;0.24000952163187622;0.24821279406659452;0.2476490964880239;0.2428906739129678;0.25152945174684843;0.25365120689250925;0.25454707672113186;0.25487488217489246;0.2513477661814463;0.2508702226002433;0.255692960762829;0.2649160467555117;0.2595371082031733;0.25571592916924496;0.2603319347253656;0.2630253183050179;0.2622265774793425;0.2576265186862091;0.2630253183050179;0.2630253183050179;0.2630253183050179;0.2630253183050179;0.2630253183050179;0.2630253183050179;0.2630253183050179;0.2630253183050179;0.2630253183050179;0.2630253183050179;0.2630253183050179;0.2630253183050179;0.2630253183050179;0.2630253183050179;0.2630253183050179;0.2630253183050179;0.2630253183050179;0.2630253183050179;0.2630253183050179;0.2630253183050179;0.2630253183050179;0.2630253183050179;0.2630253183050179;0.2630253183050179;0.2630253183050179;0.2630253183050179;0.2630253183050179;0.2630253183050179;0.2630253183050179;0.2630253183050179;0.2630253183050179;0.2630253183050179;0.2630253183050179;0.2630253183050179;0.2630253183050179;0.2630253183050179;0.2630253183050179;0.2630253183050179;0.2630253183050179;0.2630253183050179;0.2630253183050179;0.2630253183050179;0.2630253183050179;0.2630253183050179;0.2630253183050179;0.2630253183050179;0.2630253183050179;0.2630253183050179;0.2630253183050179;0.2630253183050179;0.2630253183050179;0.2630253183050179;0.2630253183050179;0.2630253183050179;0.2630253183050179;0.2630253183050179;0.2630253183050179;0.2630253183050179;0.2630253183050179;0.2630253183050179;0.2630253183050179;0.2630253183050179;0.2630253183050179;0.2630253183050179;0.2630253183050179;0.2630253183050179;0.2630253183050179;0.2630253183050179;0.2630253183050179;0.2630253183050179;0.2630253183050179;0.2630253183050179;0.2630253183050179;0.2630253183050179;0.2630253183050179;0.2630253183050179;0.2630253183050179;0.2630253183050179
1;56;0.24005747041902875;0.23969040463391073;0.24789367706862903;0.24732997949005842;0.24257155691500232;0.25121033474888294;0.25333208989454375;0.25422795972316636;0.25455576517692696;0.2510286491834808;0.2505511056022778;0.2553738437648635;0.26459692975754623;0.2592179912052078;0.25539681217127946;0.2600128177274001;0.2627062013070524;0.26190746048137703;0.2573074016882436;0.2627062013070524;0.2627062013070524;0.2627062013070524;0.2627062013070524;0.2627062013070524;0.2627062013070524;0.2627062013070524;0.2627062013070524;0.2627062013070524;0.2627062013070524;0.2627062013070524;0.2627062013070524;0.2627062013070524;0.2627062013070524;0.2627062013070524;0.2627062013070524;0.2627062013070524;0.2627062013070524;0.2627062013070524;0.2627062013070524;0.2627062013070524;0.2627062013070524;0.2627062013070524;0.2627062013070524;0.2627062013070524;0.2627062013070524;0.2627062013070524;0.2627062013070524;0.2627062013070524;0.2627062013070524;0.2627062013070524;0.2627062013070524;0.2627062013070524;0.2627062013070524;0.2627062013070524;0.2627062013070524;0.2627062013070524;0.2627062013070524;0.2627062013070524;0.2627062013070524;0.2627062013070524;0.2627062013070524;0.2627062013070524;0.2627062013070524;0.2627062013070524;0.2627062013070524;0.2627062013070524;0.2627062013070524;0.2627062013070524;0.2627062013070524;0.2627062013070524;0.2627062013070524;0.2627062013070524;0.2627062013070524;0.2627062013070524;0.2627062013070524;0.2627062013070524;0.2627062013070524;0.2627062013070524;0.2627062013070524;0.2627062013070524;0.2627062013070524;0.2627062013070524;0.2627062013070524;0.2627062013070524;0.2627062013070524;0.2627062013070524;0.2627062013070524;0.2627062013070524;0.2627062013070524;0.2627062013070524;0.2627062013070524;0.2627062013070524;0.2627062013070524;0.2627062013070524;0.2627062013070524;0.2627062013070524;0.2627062013070524
1;57;0.23909154511790337;0.23872447933278534;0.2469277517675036;0.24636405418893303;0.24160563161387694;0.25024440944775755;0.2523661645934184;0.253262034422041;0.2535898398758016;0.2500627238823554;0.2495851803011524;0.2544079184637381;0.26363100445642085;0.2582520659040824;0.2544308868701541;0.2590468924262747;0.26174027600592703;0.26094153518025165;0.25634147638711824;0.26174027600592703;0.26174027600592703;0.26174027600592703;0.26174027600592703;0.26174027600592703;0.26174027600592703;0.26174027600592703;0.26174027600592703;0.26174027600592703;0.26174027600592703;0.26174027600592703;0.26174027600592703;0.26174027600592703;0.26174027600592703;0.26174027600592703;0.26174027600592703;0.26174027600592703;0.26174027600592703;0.26174027600592703;0.26174027600592703;0.26174027600592703;0.26174027600592703;0.26174027600592703;0.26174027600592703;0.26174027600592703;0.26174027600592703;0.26174027600592703;0.26174027600592703;0.26174027600592703;0.26174027600592703;0.26174027600592703;0.26174027600592703;0.26174027600592703;0.26174027600592703;0.26174027600592703;0.26174027600592703;0.26174027600592703;0.26174027600592703;0.26174027600592703;0.26174027600592703;0.26174027600592703;0.26174027600592703;0.26174027600592703;0.26174027600592703;0.26174027600592703;0.26174027600592703;0.26174027600592703;0.26174027600592703;0.26174027600592703;0.26174027600592703;0.26174027600592703;0.26174027600592703;0.26174027600592703;0.26174027600592703;0.26174027600592703;0.26174027600592703;0.26174027600592703;0.26174027600592703;0.26174027600592703;0.26174027600592703;0.26174027600592703;0.26174027600592703;0.26174027600592703;0.26174027600592703;0.26174027600592703;0.26174027600592703;0.26174027600592703;0.26174027600592703;0.26174027600592703;0.26174027600592703;0.26174027600592703;0.26174027600592703;0.26174027600592703;0.26174027600592703;0.26174027600592703;0.26174027600592703;0.26174027600592703;0.26174027600592703
1;58;0.237891129612553;0.23752406382743496;0.2457273362621532;0.2451636386835826;0.24040521610852655;0.24904399394240717;0.25116574908806794;0.2520616189166906;0.2523894243704512;0.24886230837700496;0.24838476479580202;0.25320750295838773;0.26243058895107046;0.25705165039873196;0.2532304713648037;0.2578464769209243;0.26053986050057665;0.2597411196749012;0.2551410608817678;0.26053986050057665;0.26053986050057665;0.26053986050057665;0.26053986050057665;0.26053986050057665;0.26053986050057665;0.26053986050057665;0.26053986050057665;0.26053986050057665;0.26053986050057665;0.26053986050057665;0.26053986050057665;0.26053986050057665;0.26053986050057665;0.26053986050057665;0.26053986050057665;0.26053986050057665;0.26053986050057665;0.26053986050057665;0.26053986050057665;0.26053986050057665;0.26053986050057665;0.26053986050057665;0.26053986050057665;0.26053986050057665;0.26053986050057665;0.26053986050057665;0.26053986050057665;0.26053986050057665;0.26053986050057665;0.26053986050057665;0.26053986050057665;0.26053986050057665;0.26053986050057665;0.26053986050057665;0.26053986050057665;0.26053986050057665;0.26053986050057665;0.26053986050057665;0.26053986050057665;0.26053986050057665;0.26053986050057665;0.26053986050057665;0.26053986050057665;0.26053986050057665;0.26053986050057665;0.26053986050057665;0.26053986050057665;0.26053986050057665;0.26053986050057665;0.26053986050057665;0.26053986050057665;0.26053986050057665;0.26053986050057665;0.26053986050057665;0.26053986050057665;0.26053986050057665;0.26053986050057665;0.26053986050057665;0.26053986050057665;0.26053986050057665;0.26053986050057665;0.26053986050057665;0.26053986050057665;0.26053986050057665;0.26053986050057665;0.26053986050057665;0.26053986050057665;0.26053986050057665;0.26053986050057665;0.26053986050057665;0.26053986050057665;0.26053986050057665;0.26053986050057665;0.26053986050057665;0.26053986050057665;0.26053986050057665;0.26053986050057665
1;59;0.23692506602852298;0.23655800024340495;0.24476127267812325;0.24419757509955264;0.2394391525244966;0.24807793035837716;0.250199685504038;0.25109555533266065;0.25142336078642125;0.247896244792975;0.247418701211772;0.2522414393743577;0.26146452536704046;0.256085586814702;0.25226440778077375;0.2568804133368943;0.2595737969165467;0.25877505609087126;0.25417499729773785;0.2595737969165467;0.2595737969165467;0.2595737969165467;0.2595737969165467;0.2595737969165467;0.2595737969165467;0.2595737969165467;0.2595737969165467;0.2595737969165467;0.2595737969165467;0.2595737969165467;0.2595737969165467;0.2595737969165467;0.2595737969165467;0.2595737969165467;0.2595737969165467;0.2595737969165467;0.2595737969165467;0.2595737969165467;0.2595737969165467;0.2595737969165467;0.2595737969165467;0.2595737969165467;0.2595737969165467;0.2595737969165467;0.2595737969165467;0.2595737969165467;0.2595737969165467;0.2595737969165467;0.2595737969165467;0.2595737969165467;0.2595737969165467;0.2595737969165467;0.2595737969165467;0.2595737969165467;0.2595737969165467;0.2595737969165467;0.2595737969165467;0.2595737969165467;0.2595737969165467;0.2595737969165467;0.2595737969165467;0.2595737969165467;0.2595737969165467;0.2595737969165467;0.2595737969165467;0.2595737969165467;0.2595737969165467;0.2595737969165467;0.2595737969165467;0.2595737969165467;0.2595737969165467;0.2595737969165467;0.2595737969165467;0.2595737969165467;0.2595737969165467;0.2595737969165467;0.2595737969165467;0.2595737969165467;0.2595737969165467;0.2595737969165467;0.2595737969165467;0.2595737969165467;0.2595737969165467;0.2595737969165467;0.2595737969165467;0.2595737969165467;0.2595737969165467;0.2595737969165467;0.2595737969165467;0.2595737969165467;0.2595737969165467;0.2595737969165467;0.2595737969165467;0.2595737969165467;0.2595737969165467;0.2595737969165467;0.2595737969165467
1;60;0.23666219649135878;0.23629513070624075;0.24449840314095905;0.24393470556238844;0.23917628298733234;0.24781506082121296;0.24993681596687378;0.2508326857954964;0.251160491249257;0.2476333752558108;0.2471558316746078;0.2519785698371935;0.26120165582987626;0.2558227172775378;0.2520015382436095;0.2566175437997301;0.25931092737938244;0.258512186553707;0.25391212776057365;0.25931092737938244;0.25931092737938244;0.25931092737938244;0.25931092737938244;0.25931092737938244;0.25931092737938244;0.25931092737938244;0.25931092737938244;0.25931092737938244;0.25931092737938244;0.25931092737938244;0.25931092737938244;0.25931092737938244;0.25931092737938244;0.25931092737938244;0.25931092737938244;0.25931092737938244;0.25931092737938244;0.25931092737938244;0.25931092737938244;0.25931092737938244;0.25931092737938244;0.25931092737938244;0.25931092737938244;0.25931092737938244;0.25931092737938244;0.25931092737938244;0.25931092737938244;0.25931092737938244;0.25931092737938244;0.25931092737938244;0.25931092737938244;0.25931092737938244;0.25931092737938244;0.25931092737938244;0.25931092737938244;0.25931092737938244;0.25931092737938244;0.25931092737938244;0.25931092737938244;0.25931092737938244;0.25931092737938244;0.25931092737938244;0.25931092737938244;0.25931092737938244;0.25931092737938244;0.25931092737938244;0.25931092737938244;0.25931092737938244;0.25931092737938244;0.25931092737938244;0.25931092737938244;0.25931092737938244;0.25931092737938244;0.25931092737938244;0.25931092737938244;0.25931092737938244;0.25931092737938244;0.25931092737938244;0.25931092737938244;0.25931092737938244;0.25931092737938244;0.25931092737938244;0.25931092737938244;0.25931092737938244;0.25931092737938244;0.25931092737938244;0.25931092737938244;0.25931092737938244;0.25931092737938244;0.25931092737938244;0.25931092737938244;0.25931092737938244;0.25931092737938244;0.25931092737938244;0.25931092737938244;0.25931092737938244;0.25931092737938244
1;61;0.23736955596181425;0.23700249017669622;0.24520576261141452;0.24464206503284391;0.23988364245778782;0.24852242029166843;0.25064417543732925;0.25154004526595186;0.25186785071971246;0.24834073472626628;0.24786319114506328;0.252685929307649;0.2619090153003317;0.2565300767479933;0.25270889771406496;0.2573249032701856;0.2600182868498379;0.25921954602416253;0.2546194872310291;0.2600182868498379;0.2600182868498379;0.2600182868498379;0.2600182868498379;0.2600182868498379;0.2600182868498379;0.2600182868498379;0.2600182868498379;0.2600182868498379;0.2600182868498379;0.2600182868498379;0.2600182868498379;0.2600182868498379;0.2600182868498379;0.2600182868498379;0.2600182868498379;0.2600182868498379;0.2600182868498379;0.2600182868498379;0.2600182868498379;0.2600182868498379;0.2600182868498379;0.2600182868498379;0.2600182868498379;0.2600182868498379;0.2600182868498379;0.2600182868498379;0.2600182868498379;0.2600182868498379;0.2600182868498379;0.2600182868498379;0.2600182868498379;0.2600182868498379;0.2600182868498379;0.2600182868498379;0.2600182868498379;0.2600182868498379;0.2600182868498379;0.2600182868498379;0.2600182868498379;0.2600182868498379;0.2600182868498379;0.2600182868498379;0.2600182868498379;0.2600182868498379;0.2600182868498379;0.2600182868498379;0.2600182868498379;0.2600182868498379;0.2600182868498379;0.2600182868498379;0.2600182868498379;0.2600182868498379;0.2600182868498379;0.2600182868498379;0.2600182868498379;0.2600182868498379;0.2600182868498379;0.2600182868498379;0.2600182868498379;0.2600182868498379;0.2600182868498379;0.2600182868498379;0.2600182868498379;0.2600182868498379;0.2600182868498379;0.2600182868498379;0.2600182868498379;0.2600182868498379;0.2600182868498379;0.2600182868498379;0.2600182868498379;0.2600182868498379;0.2600182868498379;0.2600182868498379;0.2600182868498379;0.2600182868498379;0.2600182868498379
1;62;0.2385069507414777;0.23813988495635968;0.24634315739107798;0.24577945981250737;0.24102103723745133;0.2496598150713319;0.2517815702169927;0.2526774400456154;0.253005245499376;0.24947812950592974;0.24900058592472674;0.25382332408731245;0.2630464100799952;0.25766747152765673;0.2538462924937285;0.25846229804984905;0.2611556816295014;0.260356940803826;0.2557568820106926;0.2611556816295014;0.2611556816295014;0.2611556816295014;0.2611556816295014;0.2611556816295014;0.2611556816295014;0.2611556816295014;0.2611556816295014;0.2611556816295014;0.2611556816295014;0.2611556816295014;0.2611556816295014;0.2611556816295014;0.2611556816295014;0.2611556816295014;0.2611556816295014;0.2611556816295014;0.2611556816295014;0.2611556816295014;0.2611556816295014;0.2611556816295014;0.2611556816295014;0.2611556816295014;0.2611556816295014;0.2611556816295014;0.2611556816295014;0.2611556816295014;0.2611556816295014;0.2611556816295014;0.2611556816295014;0.2611556816295014;0.2611556816295014;0.2611556816295014;0.2611556816295014;0.2611556816295014;0.2611556816295014;0.2611556816295014;0.2611556816295014;0.2611556816295014;0.2611556816295014;0.2611556816295014;0.2611556816295014;0.2611556816295014;0.2611556816295014;0.2611556816295014;0.2611556816295014;0.2611556816295014;0.2611556816295014;0.2611556816295014;0.2611556816295014;0.2611556816295014;0.2611556816295014;0.2611556816295014;0.2611556816295014;0.2611556816295014;0.2611556816295014;0.2611556816295014;0.2611556816295014;0.2611556816295014;0.2611556816295014;0.2611556816295014;0.2611556816295014;0.2611556816295014;0.2611556816295014;0.2611556816295014;0.2611556816295014;0.2611556816295014;0.2611556816295014;0.2611556816295014;0.2611556816295014;0.2611556816295014;0.2611556816295014;0.2611556816295014;0.2611556816295014;0.2611556816295014;0.2611556816295014;0.2611556816295014;0.2611556816295014
1;63;0.23933237996714601;0.238965314182028;0.2471685866167463;0.24660488903817568;0.24184646646311958;0.2504852442970002;0.252606999442661;0.2535028692712836;0.2538306747250442;0.25030355873159804;0.24982601515039504;0.25464875331298076;0.2638718393056635;0.25849290075332504;0.2546717217193967;0.25928772727551735;0.2619811108551697;0.2611823700294943;0.2565823112363609;0.2619811108551697;0.2619811108551697;0.2619811108551697;0.2619811108551697;0.2619811108551697;0.2619811108551697;0.2619811108551697;0.2619811108551697;0.2619811108551697;0.2619811108551697;0.2619811108551697;0.2619811108551697;0.2619811108551697;0.2619811108551697;0.2619811108551697;0.2619811108551697;0.2619811108551697;0.2619811108551697;0.2619811108551697;0.2619811108551697;0.2619811108551697;0.2619811108551697;0.2619811108551697;0.2619811108551697;0.2619811108551697;0.2619811108551697;0.2619811108551697;0.2619811108551697;0.2619811108551697;0.2619811108551697;0.2619811108551697;0.2619811108551697;0.2619811108551697;0.2619811108551697;0.2619811108551697;0.2619811108551697;0.2619811108551697;0.2619811108551697;0.2619811108551697;0.2619811108551697;0.2619811108551697;0.2619811108551697;0.2619811108551697;0.2619811108551697;0.2619811108551697;0.2619811108551697;0.2619811108551697;0.2619811108551697;0.2619811108551697;0.2619811108551697;0.2619811108551697;0.2619811108551697;0.2619811108551697;0.2619811108551697;0.2619811108551697;0.2619811108551697;0.2619811108551697;0.2619811108551697;0.2619811108551697;0.2619811108551697;0.2619811108551697;0.2619811108551697;0.2619811108551697;0.2619811108551697;0.2619811108551697;0.2619811108551697;0.2619811108551697;0.2619811108551697;0.2619811108551697;0.2619811108551697;0.2619811108551697;0.2619811108551697;0.2619811108551697;0.2619811108551697;0.2619811108551697;0.2619811108551697;0.2619811108551697;0.2619811108551697
1;64;0.23910384277561597;0.23873677699049795;0.24694004942521625;0.24637635184664564;0.2416179292715896;0.25025670710547016;0.252378462251131;0.2532743320797536;0.25360213753351424;0.250075021540068;0.249597477958865;0.2544202161214507;0.26364330211413345;0.258264363561795;0.2544431845278667;0.2590591900839873;0.26175257366363963;0.26095383283796425;0.25635377404483084;0.26175257366363963;0.26175257366363963;0.26175257366363963;0.26175257366363963;0.26175257366363963;0.26175257366363963;0.26175257366363963;0.26175257366363963;0.26175257366363963;0.26175257366363963;0.26175257366363963;0.26175257366363963;0.26175257366363963;0.26175257366363963;0.26175257366363963;0.26175257366363963;0.26175257366363963;0.26175257366363963;0.26175257366363963;0.26175257366363963;0.26175257366363963;0.26175257366363963;0.26175257366363963;0.26175257366363963;0.26175257366363963;0.26175257366363963;0.26175257366363963;0.26175257366363963;0.26175257366363963;0.26175257366363963;0.26175257366363963;0.26175257366363963;0.26175257366363963;0.26175257366363963;0.26175257366363963;0.26175257366363963;0.26175257366363963;0.26175257366363963;0.26175257366363963;0.26175257366363963;0.26175257366363963;0.26175257366363963;0.26175257366363963;0.26175257366363963;0.26175257366363963;0.26175257366363963;0.26175257366363963;0.26175257366363963;0.26175257366363963;0.26175257366363963;0.26175257366363963;0.26175257366363963;0.26175257366363963;0.26175257366363963;0.26175257366363963;0.26175257366363963;0.26175257366363963;0.26175257366363963;0.26175257366363963;0.26175257366363963;0.26175257366363963;0.26175257366363963;0.26175257366363963;0.26175257366363963;0.26175257366363963;0.26175257366363963;0.26175257366363963;0.26175257366363963;0.26175257366363963;0.26175257366363963;0.26175257366363963;0.26175257366363963;0.26175257366363963;0.26175257366363963;0.26175257366363963;0.26175257366363963;0.26175257366363963;0.26175257366363963
1;65;0.2372747005728335;0.23690763478771548;0.24511090722243378;0.24454720964386317;0.23978878706880707;0.2484275649026877;0.2505493200483485;0.2514451898769711;0.2517729953307317;0.24824587933728554;0.24776833575608254;0.25259107391866825;0.261814159911351;0.25643522135901253;0.2526140423250842;0.25723004788120485;0.25992343146085717;0.25912469063518173;0.2545246318420484;0.25992343146085717;0.25992343146085717;0.25992343146085717;0.25992343146085717;0.25992343146085717;0.25992343146085717;0.25992343146085717;0.25992343146085717;0.25992343146085717;0.25992343146085717;0.25992343146085717;0.25992343146085717;0.25992343146085717;0.25992343146085717;0.25992343146085717;0.25992343146085717;0.25992343146085717;0.25992343146085717;0.25992343146085717;0.25992343146085717;0.25992343146085717;0.25992343146085717;0.25992343146085717;0.25992343146085717;0.25992343146085717;0.25992343146085717;0.25992343146085717;0.25992343146085717;0.25992343146085717;0.25992343146085717;0.25992343146085717;0.25992343146085717;0.25992343146085717;0.25992343146085717;0.25992343146085717;0.25992343146085717;0.25992343146085717;0.25992343146085717;0.25992343146085717;0.25992343146085717;0.25992343146085717;0.25992343146085717;0.25992343146085717;0.25992343146085717;0.25992343146085717;0.25992343146085717;0.25992343146085717;0.25992343146085717;0.25992343146085717;0.25992343146085717;0.25992343146085717;0.25992343146085717;0.25992343146085717;0.25992343146085717;0.25992343146085717;0.25992343146085717;0.25992343146085717;0.25992343146085717;0.25992343146085717;0.25992343146085717;0.25992343146085717;0.25992343146085717;0.25992343146085717;0.25992343146085717;0.25992343146085717;0.25992343146085717;0.25992343146085717;0.25992343146085717;0.25992343146085717;0.25992343146085717;0.25992343146085717;0.25992343146085717;0.25992343146085717;0.25992343146085717;0.25992343146085717;0.25992343146085717;0.25992343146085717;0.25992343146085717
1;66;0.23407976384134038;0.23371269805622236;0.2419159704909406;0.24135227291237005;0.23659385033731395;0.24523262817119457;0.24735438331685533;0.248250253145478;0.2485780585992386;0.24505094260579235;0.2445733990245894;0.24939613718717513;0.25861922317985786;0.25324028462751935;0.2494191055935911;0.25403511114971167;0.25672849472936404;0.2559297539036886;0.25132969511055525;0.25672849472936404;0.25672849472936404;0.25672849472936404;0.25672849472936404;0.25672849472936404;0.25672849472936404;0.25672849472936404;0.25672849472936404;0.25672849472936404;0.25672849472936404;0.25672849472936404;0.25672849472936404;0.25672849472936404;0.25672849472936404;0.25672849472936404;0.25672849472936404;0.25672849472936404;0.25672849472936404;0.25672849472936404;0.25672849472936404;0.25672849472936404;0.25672849472936404;0.25672849472936404;0.25672849472936404;0.25672849472936404;0.25672849472936404;0.25672849472936404;0.25672849472936404;0.25672849472936404;0.25672849472936404;0.25672849472936404;0.25672849472936404;0.25672849472936404;0.25672849472936404;0.25672849472936404;0.25672849472936404;0.25672849472936404;0.25672849472936404;0.25672849472936404;0.25672849472936404;0.25672849472936404;0.25672849472936404;0.25672849472936404;0.25672849472936404;0.25672849472936404;0.25672849472936404;0.25672849472936404;0.25672849472936404;0.25672849472936404;0.25672849472936404;0.25672849472936404;0.25672849472936404;0.25672849472936404;0.25672849472936404;0.25672849472936404;0.25672849472936404;0.25672849472936404;0.25672849472936404;0.25672849472936404;0.25672849472936404;0.25672849472936404;0.25672849472936404;0.25672849472936404;0.25672849472936404;0.25672849472936404;0.25672849472936404;0.25672849472936404;0.25672849472936404;0.25672849472936404;0.25672849472936404;0.25672849472936404;0.25672849472936404;0.25672849472936404;0.25672849472936404;0.25672849472936404;0.25672849472936404;0.25672849472936404;0.25672849472936404
1;67;0.22994920533282745;0.22958213954770942;0.2377854119824277;0.2372217144038571;0.23246329182880104;0.2411020696626816;0.24322382480834243;0.2441196946369651;0.2444475000907257;0.24092038409727945;0.24044284051607645;0.24526557867866217;0.2544886646713449;0.24910972611900645;0.2452885470850782;0.24990455264119876;0.25259793622085114;0.2517991953951757;0.24719913660204232;0.25259793622085114;0.25259793622085114;0.25259793622085114;0.25259793622085114;0.25259793622085114;0.25259793622085114;0.25259793622085114;0.25259793622085114;0.25259793622085114;0.25259793622085114;0.25259793622085114;0.25259793622085114;0.25259793622085114;0.25259793622085114;0.25259793622085114;0.25259793622085114;0.25259793622085114;0.25259793622085114;0.25259793622085114;0.25259793622085114;0.25259793622085114;0.25259793622085114;0.25259793622085114;0.25259793622085114;0.25259793622085114;0.25259793622085114;0.25259793622085114;0.25259793622085114;0.25259793622085114;0.25259793622085114;0.25259793622085114;0.25259793622085114;0.25259793622085114;0.25259793622085114;0.25259793622085114;0.25259793622085114;0.25259793622085114;0.25259793622085114;0.25259793622085114;0.25259793622085114;0.25259793622085114;0.25259793622085114;0.25259793622085114;0.25259793622085114;0.25259793622085114;0.25259793622085114;0.25259793622085114;0.25259793622085114;0.25259793622085114;0.25259793622085114;0.25259793622085114;0.25259793622085114;0.25259793622085114;0.25259793622085114;0.25259793622085114;0.25259793622085114;0.25259793622085114;0.25259793622085114;0.25259793622085114;0.25259793622085114;0.25259793622085114;0.25259793622085114;0.25259793622085114;0.25259793622085114;0.25259793622085114;0.25259793622085114;0.25259793622085114;0.25259793622085114;0.25259793622085114;0.25259793622085114;0.25259793622085114;0.25259793622085114;0.25259793622085114;0.25259793622085114;0.25259793622085114;0.25259793622085114;0.25259793622085114;0.25259793622085114
1;68;0.22531319779898556;0.22494613201386754;0.23314940444858578;0.23258570687001523;0.22782728429495913;0.23646606212883975;0.2385878172745005;0.23948368710312318;0.23981149255688378;0.23628437656343754;0.2358068329822346;0.2406295711448203;0.24985265713750304;0.24447371858516453;0.24065253955123628;0.24526854510735685;0.24796192868700923;0.2471631878613338;0.2425631290682004;0.24796192868700923;0.24796192868700923;0.24796192868700923;0.24796192868700923;0.24796192868700923;0.24796192868700923;0.24796192868700923;0.24796192868700923;0.24796192868700923;0.24796192868700923;0.24796192868700923;0.24796192868700923;0.24796192868700923;0.24796192868700923;0.24796192868700923;0.24796192868700923;0.24796192868700923;0.24796192868700923;0.24796192868700923;0.24796192868700923;0.24796192868700923;0.24796192868700923;0.24796192868700923;0.24796192868700923;0.24796192868700923;0.24796192868700923;0.24796192868700923;0.24796192868700923;0.24796192868700923;0.24796192868700923;0.24796192868700923;0.24796192868700923;0.24796192868700923;0.24796192868700923;0.24796192868700923;0.24796192868700923;0.24796192868700923;0.24796192868700923;0.24796192868700923;0.24796192868700923;0.24796192868700923;0.24796192868700923;0.24796192868700923;0.24796192868700923;0.24796192868700923;0.24796192868700923;0.24796192868700923;0.24796192868700923;0.24796192868700923;0.24796192868700923;0.24796192868700923;0.24796192868700923;0.24796192868700923;0.24796192868700923;0.24796192868700923;0.24796192868700923;0.24796192868700923;0.24796192868700923;0.24796192868700923;0.24796192868700923;0.24796192868700923;0.24796192868700923;0.24796192868700923;0.24796192868700923;0.24796192868700923;0.24796192868700923;0.24796192868700923;0.24796192868700923;0.24796192868700923;0.24796192868700923;0.24796192868700923;0.24796192868700923;0.24796192868700923;0.24796192868700923;0.24796192868700923;0.24796192868700923;0.24796192868700923;0.24796192868700923
1;69;0.22052959614779755;0.22016253036267952;0.22836580279739782;0.2278021052188272;0.2230436826437711;0.23168246047765173;0.23380421562331255;0.23470008545193521;0.2350278909056958;0.23150077491224957;0.23102323133104657;0.2358459694936323;0.24506905548631502;0.23969011693397657;0.23586893790004826;0.2404849434561689;0.2431783270358212;0.2423795862101458;0.23777952741701242;0.2431783270358212;0.2431783270358212;0.2431783270358212;0.2431783270358212;0.2431783270358212;0.2431783270358212;0.2431783270358212;0.2431783270358212;0.2431783270358212;0.2431783270358212;0.2431783270358212;0.2431783270358212;0.2431783270358212;0.2431783270358212;0.2431783270358212;0.2431783270358212;0.2431783270358212;0.2431783270358212;0.2431783270358212;0.2431783270358212;0.2431783270358212;0.2431783270358212;0.2431783270358212;0.2431783270358212;0.2431783270358212;0.2431783270358212;0.2431783270358212;0.2431783270358212;0.2431783270358212;0.2431783270358212;0.2431783270358212;0.2431783270358212;0.2431783270358212;0.2431783270358212;0.2431783270358212;0.2431783270358212;0.2431783270358212;0.2431783270358212;0.2431783270358212;0.2431783270358212;0.2431783270358212;0.2431783270358212;0.2431783270358212;0.2431783270358212;0.2431783270358212;0.2431783270358212;0.2431783270358212;0.2431783270358212;0.2431783270358212;0.2431783270358212;0.2431783270358212;0.2431783270358212;0.2431783270358212;0.2431783270358212;0.2431783270358212;0.2431783270358212;0.2431783270358212;0.2431783270358212;0.2431783270358212;0.2431783270358212;0.2431783270358212;0.2431783270358212;0.2431783270358212;0.2431783270358212;0.2431783270358212;0.2431783270358212;0.2431783270358212;0.2431783270358212;0.2431783270358212;0.2431783270358212;0.2431783270358212;0.2431783270358212;0.2431783270358212;0.2431783270358212;0.2431783270358212;0.2431783270358212;0.2431783270358212;0.2431783270358212
1;70;0.2156669839124148;0.21529991812729676;0.223503190562015;0.22293949298344443;0.21818107040838836;0.22681984824226895;0.22894160338792974;0.2298374732165524;0.230165278670313;0.22663816267686676;0.22616061909566382;0.23098335725824953;0.24020644325093227;0.23482750469859376;0.2310063256646655;0.23562233122078607;0.23831571480043845;0.237516973974763;0.23291691518162963;0.23831571480043845;0.23831571480043845;0.23831571480043845;0.23831571480043845;0.23831571480043845;0.23831571480043845;0.23831571480043845;0.23831571480043845;0.23831571480043845;0.23831571480043845;0.23831571480043845;0.23831571480043845;0.23831571480043845;0.23831571480043845;0.23831571480043845;0.23831571480043845;0.23831571480043845;0.23831571480043845;0.23831571480043845;0.23831571480043845;0.23831571480043845;0.23831571480043845;0.23831571480043845;0.23831571480043845;0.23831571480043845;0.23831571480043845;0.23831571480043845;0.23831571480043845;0.23831571480043845;0.23831571480043845;0.23831571480043845;0.23831571480043845;0.23831571480043845;0.23831571480043845;0.23831571480043845;0.23831571480043845;0.23831571480043845;0.23831571480043845;0.23831571480043845;0.23831571480043845;0.23831571480043845;0.23831571480043845;0.23831571480043845;0.23831571480043845;0.23831571480043845;0.23831571480043845;0.23831571480043845;0.23831571480043845;0.23831571480043845;0.23831571480043845;0.23831571480043845;0.23831571480043845;0.23831571480043845;0.23831571480043845;0.23831571480043845;0.23831571480043845;0.23831571480043845;0.23831571480043845;0.23831571480043845;0.23831571480043845;0.23831571480043845;0.23831571480043845;0.23831571480043845;0.23831571480043845;0.23831571480043845;0.23831571480043845;0.23831571480043845;0.23831571480043845;0.23831571480043845;0.23831571480043845;0.23831571480043845;0.23831571480043845;0.23831571480043845;0.23831571480043845;0.23831571480043845;0.23831571480043845;0.23831571480043845;0.23831571480043845
1;71;0.2107216267822805;0.2103545609971625;0.21855783343188073;0.21799413585331012;0.21323571327825408;0.22187449111213464;0.22399624625779546;0.22489211608641813;0.22521992154017872;0.22169280554673249;0.22121526196552954;0.22603800012811526;0.23526108612079794;0.22988214756845948;0.22606096853453123;0.2306769740906518;0.23337035767030417;0.2325716168446287;0.22797155805149535;0.23337035767030417;0.23337035767030417;0.23337035767030417;0.23337035767030417;0.23337035767030417;0.23337035767030417;0.23337035767030417;0.23337035767030417;0.23337035767030417;0.23337035767030417;0.23337035767030417;0.23337035767030417;0.23337035767030417;0.23337035767030417;0.23337035767030417;0.23337035767030417;0.23337035767030417;0.23337035767030417;0.23337035767030417;0.23337035767030417;0.23337035767030417;0.23337035767030417;0.23337035767030417;0.23337035767030417;0.23337035767030417;0.23337035767030417;0.23337035767030417;0.23337035767030417;0.23337035767030417;0.23337035767030417;0.23337035767030417;0.23337035767030417;0.23337035767030417;0.23337035767030417;0.23337035767030417;0.23337035767030417;0.23337035767030417;0.23337035767030417;0.23337035767030417;0.23337035767030417;0.23337035767030417;0.23337035767030417;0.23337035767030417;0.23337035767030417;0.23337035767030417;0.23337035767030417;0.23337035767030417;0.23337035767030417;0.23337035767030417;0.23337035767030417;0.23337035767030417;0.23337035767030417;0.23337035767030417;0.23337035767030417;0.23337035767030417;0.23337035767030417;0.23337035767030417;0.23337035767030417;0.23337035767030417;0.23337035767030417;0.23337035767030417;0.23337035767030417;0.23337035767030417;0.23337035767030417;0.23337035767030417;0.23337035767030417;0.23337035767030417;0.23337035767030417;0.23337035767030417;0.23337035767030417;0.23337035767030417;0.23337035767030417;0.23337035767030417;0.23337035767030417;0.23337035767030417;0.23337035767030417;0.23337035767030417;0.23337035767030417
1;72;0.2056897904468381;0.20532272466172008;0.21352599709643838;0.21296229951786777;0.2082038769428117;0.2168426547766923;0.2189644099223531;0.21986027975097575;0.22018808520473637;0.21666096921129013;0.21618342563008713;0.22100616379267285;0.23022924978535558;0.22485031123301713;0.22102913219908885;0.22564513775520945;0.22833852133486177;0.22753978050918636;0.22293972171605297;0.22833852133486177;0.22833852133486177;0.22833852133486177;0.22833852133486177;0.22833852133486177;0.22833852133486177;0.22833852133486177;0.22833852133486177;0.22833852133486177;0.22833852133486177;0.22833852133486177;0.22833852133486177;0.22833852133486177;0.22833852133486177;0.22833852133486177;0.22833852133486177;0.22833852133486177;0.22833852133486177;0.22833852133486177;0.22833852133486177;0.22833852133486177;0.22833852133486177;0.22833852133486177;0.22833852133486177;0.22833852133486177;0.22833852133486177;0.22833852133486177;0.22833852133486177;0.22833852133486177;0.22833852133486177;0.22833852133486177;0.22833852133486177;0.22833852133486177;0.22833852133486177;0.22833852133486177;0.22833852133486177;0.22833852133486177;0.22833852133486177;0.22833852133486177;0.22833852133486177;0.22833852133486177;0.22833852133486177;0.22833852133486177;0.22833852133486177;0.22833852133486177;0.22833852133486177;0.22833852133486177;0.22833852133486177;0.22833852133486177;0.22833852133486177;0.22833852133486177;0.22833852133486177;0.22833852133486177;0.22833852133486177;0.22833852133486177;0.22833852133486177;0.22833852133486177;0.22833852133486177;0.22833852133486177;0.22833852133486177;0.22833852133486177;0.22833852133486177;0.22833852133486177;0.22833852133486177;0.22833852133486177;0.22833852133486177;0.22833852133486177;0.22833852133486177;0.22833852133486177;0.22833852133486177;0.22833852133486177;0.22833852133486177;0.22833852133486177;0.22833852133486177;0.22833852133486177;0.22833852133486177;0.22833852133486177;0.22833852133486177
1;73;0.20053010641678382;0.2001630406316658;0.20836631306638403;0.20780261548781348;0.20304419291275738;0.211682970746638;0.21380472589229882;0.21470059572092143;0.21502840117468203;0.21150128518123584;0.21102374160003284;0.21584647976261856;0.2250695657553013;0.2196906272029628;0.21586944816903453;0.22048545372515516;0.22317883730480748;0.22238009647913204;0.21778003768599868;0.22317883730480748;0.22317883730480748;0.22317883730480748;0.22317883730480748;0.22317883730480748;0.22317883730480748;0.22317883730480748;0.22317883730480748;0.22317883730480748;0.22317883730480748;0.22317883730480748;0.22317883730480748;0.22317883730480748;0.22317883730480748;0.22317883730480748;0.22317883730480748;0.22317883730480748;0.22317883730480748;0.22317883730480748;0.22317883730480748;0.22317883730480748;0.22317883730480748;0.22317883730480748;0.22317883730480748;0.22317883730480748;0.22317883730480748;0.22317883730480748;0.22317883730480748;0.22317883730480748;0.22317883730480748;0.22317883730480748;0.22317883730480748;0.22317883730480748;0.22317883730480748;0.22317883730480748;0.22317883730480748;0.22317883730480748;0.22317883730480748;0.22317883730480748;0.22317883730480748;0.22317883730480748;0.22317883730480748;0.22317883730480748;0.22317883730480748;0.22317883730480748;0.22317883730480748;0.22317883730480748;0.22317883730480748;0.22317883730480748;0.22317883730480748;0.22317883730480748;0.22317883730480748;0.22317883730480748;0.22317883730480748;0.22317883730480748;0.22317883730480748;0.22317883730480748;0.22317883730480748;0.22317883730480748;0.22317883730480748;0.22317883730480748;0.22317883730480748;0.22317883730480748;0.22317883730480748;0.22317883730480748;0.22317883730480748;0.22317883730480748;0.22317883730480748;0.22317883730480748;0.22317883730480748;0.22317883730480748;0.22317883730480748;0.22317883730480748;0.22317883730480748;0.22317883730480748;0.22317883730480748;0.22317883730480748;0.22317883730480748
1;74;0.19505066948782535;0.19468360370270732;0.20288687613742562;0.202323178558855;0.1975647559837989;0.20620353381767953;0.20832528896334035;0.20922115879196296;0.20954896424572358;0.20602184825227737;0.20554430467107437;0.2103670428336601;0.21959012882634282;0.21421119027400437;0.21039001124007606;0.2150060167961967;0.217699400375849;0.2169006595501736;0.21230060075704021;0.217699400375849;0.217699400375849;0.217699400375849;0.217699400375849;0.217699400375849;0.217699400375849;0.217699400375849;0.217699400375849;0.217699400375849;0.217699400375849;0.217699400375849;0.217699400375849;0.217699400375849;0.217699400375849;0.217699400375849;0.217699400375849;0.217699400375849;0.217699400375849;0.217699400375849;0.217699400375849;0.217699400375849;0.217699400375849;0.217699400375849;0.217699400375849;0.217699400375849;0.217699400375849;0.217699400375849;0.217699400375849;0.217699400375849;0.217699400375849;0.217699400375849;0.217699400375849;0.217699400375849;0.217699400375849;0.217699400375849;0.217699400375849;0.217699400375849;0.217699400375849;0.217699400375849;0.217699400375849;0.217699400375849;0.217699400375849;0.217699400375849;0.217699400375849;0.217699400375849;0.217699400375849;0.217699400375849;0.217699400375849;0.217699400375849;0.217699400375849;0.217699400375849;0.217699400375849;0.217699400375849;0.217699400375849;0.217699400375849;0.217699400375849;0.217699400375849;0.217699400375849;0.217699400375849;0.217699400375849;0.217699400375849;0.217699400375849;0.217699400375849;0.217699400375849;0.217699400375849;0.217699400375849;0.217699400375849;0.217699400375849;0.217699400375849;0.217699400375849;0.217699400375849;0.217699400375849;0.217699400375849;0.217699400375849;0.217699400375849;0.217699400375849;0.217699400375849;0.217699400375849
1;75;0.18902194027692326;0.18865487449180524;0.1968581469265235;0.19629444934795293;0.19153602677289683;0.20017480460677745;0.20229655975243827;0.20319242958106087;0.20352023503482147;0.19999311904137526;0.1995155754601723;0.204338313622758;0.21356139961544074;0.20818246106310226;0.20436128202917397;0.2089772875852946;0.21167067116494692;0.21087193033927148;0.20627187154613813;0.21167067116494692;0.21167067116494692;0.21167067116494692;0.21167067116494692;0.21167067116494692;0.21167067116494692;0.21167067116494692;0.21167067116494692;0.21167067116494692;0.21167067116494692;0.21167067116494692;0.21167067116494692;0.21167067116494692;0.21167067116494692;0.21167067116494692;0.21167067116494692;0.21167067116494692;0.21167067116494692;0.21167067116494692;0.21167067116494692;0.21167067116494692;0.21167067116494692;0.21167067116494692;0.21167067116494692;0.21167067116494692;0.21167067116494692;0.21167067116494692;0.21167067116494692;0.21167067116494692;0.21167067116494692;0.21167067116494692;0.21167067116494692;0.21167067116494692;0.21167067116494692;0.21167067116494692;0.21167067116494692;0.21167067116494692;0.21167067116494692;0.21167067116494692;0.21167067116494692;0.21167067116494692;0.21167067116494692;0.21167067116494692;0.21167067116494692;0.21167067116494692;0.21167067116494692;0.21167067116494692;0.21167067116494692;0.21167067116494692;0.21167067116494692;0.21167067116494692;0.21167067116494692;0.21167067116494692;0.21167067116494692;0.21167067116494692;0.21167067116494692;0.21167067116494692;0.21167067116494692;0.21167067116494692;0.21167067116494692;0.21167067116494692;0.21167067116494692;0.21167067116494692;0.21167067116494692;0.21167067116494692;0.21167067116494692;0.21167067116494692;0.21167067116494692;0.21167067116494692;0.21167067116494692;0.21167067116494692;0.21167067116494692;0.21167067116494692;0.21167067116494692;0.21167067116494692;0.21167067116494692;0.21167067116494692;0.21167067116494692
1;76;0.1822143794010382;0.1818473136159202;0.19005058605063846;0.18948688847206785;0.1847284658970118;0.19336724373089237;0.1954889988765532;0.19638486870517585;0.19671267415893645;0.1931855581654902;0.19270801458428724;0.19753075274687296;0.2067538387395557;0.2013749001872172;0.19755372115328895;0.20216972670940953;0.2048631102890619;0.20406436946338646;0.19946431067025308;0.2048631102890619;0.2048631102890619;0.2048631102890619;0.2048631102890619;0.2048631102890619;0.2048631102890619;0.2048631102890619;0.2048631102890619;0.2048631102890619;0.2048631102890619;0.2048631102890619;0.2048631102890619;0.2048631102890619;0.2048631102890619;0.2048631102890619;0.2048631102890619;0.2048631102890619;0.2048631102890619;0.2048631102890619;0.2048631102890619;0.2048631102890619;0.2048631102890619;0.2048631102890619;0.2048631102890619;0.2048631102890619;0.2048631102890619;0.2048631102890619;0.2048631102890619;0.2048631102890619;0.2048631102890619;0.2048631102890619;0.2048631102890619;0.2048631102890619;0.2048631102890619;0.2048631102890619;0.2048631102890619;0.2048631102890619;0.2048631102890619;0.2048631102890619;0.2048631102890619;0.2048631102890619;0.2048631102890619;0.2048631102890619;0.2048631102890619;0.2048631102890619;0.2048631102890619;0.2048631102890619;0.2048631102890619;0.2048631102890619;0.2048631102890619;0.2048631102890619;0.2048631102890619;0.2048631102890619;0.2048631102890619;0.2048631102890619;0.2048631102890619;0.2048631102890619;0.2048631102890619;0.2048631102890619;0.2048631102890619;0.2048631102890619;0.2048631102890619;0.2048631102890619;0.2048631102890619;0.2048631102890619;0.2048631102890619;0.2048631102890619;0.2048631102890619;0.2048631102890619;0.2048631102890619;0.2048631102890619;0.2048631102890619;0.2048631102890619;0.2048631102890619;0.2048631102890619;0.2048631102890619;0.2048631102890619;0.2048631102890619
1;77;0.1745223508757398;0.17415528509062178;0.18235855752534008;0.18179485994676947;0.1770364373717134;0.185675215205594;0.1877969703512548;0.18869284017987742;0.18902064563363805;0.18549352964019183;0.18501598605898883;0.18983872422157455;0.19906181021425728;0.19368287166191883;0.18986169262799052;0.19447769818411115;0.19717108176376347;0.19637234093808806;0.19177228214495468;0.19717108176376347;0.19717108176376347;0.19717108176376347;0.19717108176376347;0.19717108176376347;0.19717108176376347;0.19717108176376347;0.19717108176376347;0.19717108176376347;0.19717108176376347;0.19717108176376347;0.19717108176376347;0.19717108176376347;0.19717108176376347;0.19717108176376347;0.19717108176376347;0.19717108176376347;0.19717108176376347;0.19717108176376347;0.19717108176376347;0.19717108176376347;0.19717108176376347;0.19717108176376347;0.19717108176376347;0.19717108176376347;0.19717108176376347;0.19717108176376347;0.19717108176376347;0.19717108176376347;0.19717108176376347;0.19717108176376347;0.19717108176376347;0.19717108176376347;0.19717108176376347;0.19717108176376347;0.19717108176376347;0.19717108176376347;0.19717108176376347;0.19717108176376347;0.19717108176376347;0.19717108176376347;0.19717108176376347;0.19717108176376347;0.19717108176376347;0.19717108176376347;0.19717108176376347;0.19717108176376347;0.19717108176376347;0.19717108176376347;0.19717108176376347;0.19717108176376347;0.19717108176376347;0.19717108176376347;0.19717108176376347;0.19717108176376347;0.19717108176376347;0.19717108176376347;0.19717108176376347;0.19717108176376347;0.19717108176376347;0.19717108176376347;0.19717108176376347;0.19717108176376347;0.19717108176376347;0.19717108176376347;0.19717108176376347;0.19717108176376347;0.19717108176376347;0.19717108176376347;0.19717108176376347;0.19717108176376347;0.19717108176376347;0.19717108176376347;0.19717108176376347;0.19717108176376347;0.19717108176376347;0.19717108176376347;0.19717108176376347
1;78;0.16633583231103427;0.16596876652591624;0.1741720389606345;0.1736083413820639;0.16884991880700784;0.17748869664088843;0.17961045178654925;0.18050632161517188;0.18083412706893248;0.17730701107548627;0.17682946749428327;0.18165220565686901;0.19087529164955172;0.18549635309721324;0.18167517406328498;0.18629117961940558;0.18898456319905793;0.1881858223733825;0.1835857635802491;0.18898456319905793;0.18898456319905793;0.18898456319905793;0.18898456319905793;0.18898456319905793;0.18898456319905793;0.18898456319905793;0.18898456319905793;0.18898456319905793;0.18898456319905793;0.18898456319905793;0.18898456319905793;0.18898456319905793;0.18898456319905793;0.18898456319905793;0.18898456319905793;0.18898456319905793;0.18898456319905793;0.18898456319905793;0.18898456319905793;0.18898456319905793;0.18898456319905793;0.18898456319905793;0.18898456319905793;0.18898456319905793;0.18898456319905793;0.18898456319905793;0.18898456319905793;0.18898456319905793;0.18898456319905793;0.18898456319905793;0.18898456319905793;0.18898456319905793;0.18898456319905793;0.18898456319905793;0.18898456319905793;0.18898456319905793;0.18898456319905793;0.18898456319905793;0.18898456319905793;0.18898456319905793;0.18898456319905793;0.18898456319905793;0.18898456319905793;0.18898456319905793;0.18898456319905793;0.18898456319905793;0.18898456319905793;0.18898456319905793;0.18898456319905793;0.18898456319905793;0.18898456319905793;0.18898456319905793;0.18898456319905793;0.18898456319905793;0.18898456319905793;0.18898456319905793;0.18898456319905793;0.18898456319905793;0.18898456319905793;0.18898456319905793;0.18898456319905793;0.18898456319905793;0.18898456319905793;0.18898456319905793;0.18898456319905793;0.18898456319905793;0.18898456319905793;0.18898456319905793;0.18898456319905793;0.18898456319905793;0.18898456319905793;0.18898456319905793;0.18898456319905793;0.18898456319905793;0.18898456319905793;0.18898456319905793;0.18898456319905793
1;79;0.15816870471553657;0.15780163893041854;0.16600491136513684;0.16544121378656623;0.16068279121151016;0.16932156904539075;0.17144332419105157;0.1723391940196742;0.17266699947343483;0.1691398834799886;0.1686623398987856;0.1734850780613713;0.18270816405405405;0.1773292255017156;0.1735080464677873;0.1781240520239079;0.18081743560356026;0.18001869477788482;0.17541863598475144;0.18081743560356026;0.18081743560356026;0.18081743560356026;0.18081743560356026;0.18081743560356026;0.18081743560356026;0.18081743560356026;0.18081743560356026;0.18081743560356026;0.18081743560356026;0.18081743560356026;0.18081743560356026;0.18081743560356026;0.18081743560356026;0.18081743560356026;0.18081743560356026;0.18081743560356026;0.18081743560356026;0.18081743560356026;0.18081743560356026;0.18081743560356026;0.18081743560356026;0.18081743560356026;0.18081743560356026;0.18081743560356026;0.18081743560356026;0.18081743560356026;0.18081743560356026;0.18081743560356026;0.18081743560356026;0.18081743560356026;0.18081743560356026;0.18081743560356026;0.18081743560356026;0.18081743560356026;0.18081743560356026;0.18081743560356026;0.18081743560356026;0.18081743560356026;0.18081743560356026;0.18081743560356026;0.18081743560356026;0.18081743560356026;0.18081743560356026;0.18081743560356026;0.18081743560356026;0.18081743560356026;0.18081743560356026;0.18081743560356026;0.18081743560356026;0.18081743560356026;0.18081743560356026;0.18081743560356026;0.18081743560356026;0.18081743560356026;0.18081743560356026;0.18081743560356026;0.18081743560356026;0.18081743560356026;0.18081743560356026;0.18081743560356026;0.18081743560356026;0.18081743560356026;0.18081743560356026;0.18081743560356026;0.18081743560356026;0.18081743560356026;0.18081743560356026;0.18081743560356026;0.18081743560356026;0.18081743560356026;0.18081743560356026;0.18081743560356026;0.18081743560356026;0.18081743560356026;0.18081743560356026;0.18081743560356026;0.18081743560356026
1;80;0.1505348490978621;0.15016778331274408;0.15837105574746235;0.15780735816889177;0.1530489355938357;0.1616877134277163;0.1638094685733771;0.16470533840199975;0.16503314385576034;0.16150602786231413;0.16102848428111113;0.16585122244369685;0.17507430843637958;0.1696953698840411;0.16587419085011285;0.17049019640623345;0.1731835799858858;0.17238483916021036;0.16778478036707697;0.1731835799858858;0.1731835799858858;0.1731835799858858;0.1731835799858858;0.1731835799858858;0.1731835799858858;0.1731835799858858;0.1731835799858858;0.1731835799858858;0.1731835799858858;0.1731835799858858;0.1731835799858858;0.1731835799858858;0.1731835799858858;0.1731835799858858;0.1731835799858858;0.1731835799858858;0.1731835799858858;0.1731835799858858;0.1731835799858858;0.1731835799858858;0.1731835799858858;0.1731835799858858;0.1731835799858858;0.1731835799858858;0.1731835799858858;0.1731835799858858;0.1731835799858858;0.1731835799858858;0.1731835799858858;0.1731835799858858;0.1731835799858858;0.1731835799858858;0.1731835799858858;0.1731835799858858;0.1731835799858858;0.1731835799858858;0.1731835799858858;0.1731835799858858;0.1731835799858858;0.1731835799858858;0.1731835799858858;0.1731835799858858;0.1731835799858858;0.1731835799858858;0.1731835799858858;0.1731835799858858;0.1731835799858858;0.1731835799858858;0.1731835799858858;0.1731835799858858;0.1731835799858858;0.1731835799858858;0.1731835799858858;0.1731835799858858;0.1731835799858858;0.1731835799858858;0.1731835799858858;0.1731835799858858;0.1731835799858858;0.1731835799858858;0.1731835799858858;0.1731835799858858;0.1731835799858858;0.1731835799858858;0.1731835799858858;0.1731835799858858;0.1731835799858858;0.1731835799858858;0.1731835799858858;0.1731835799858858;0.1731835799858858;0.1731835799858858;0.1731835799858858;0.1731835799858858;0.1731835799858858;0.1731835799858858;0.1731835799858858
1;81;0.14377954783239022;0.1434124820472722;0.15161575448199047;0.15105205690341988;0.1462936343283638;0.1549324121622444;0.15705416730790522;0.15795003713652783;0.15827784259028846;0.15475072659684222;0.15427318301563925;0.15909592117822496;0.1683190071709077;0.16294006861856922;0.15911888958464093;0.16373489514076156;0.16642827872041388;0.16562953789473844;0.1610294791016051;0.16642827872041388;0.16642827872041388;0.16642827872041388;0.16642827872041388;0.16642827872041388;0.16642827872041388;0.16642827872041388;0.16642827872041388;0.16642827872041388;0.16642827872041388;0.16642827872041388;0.16642827872041388;0.16642827872041388;0.16642827872041388;0.16642827872041388;0.16642827872041388;0.16642827872041388;0.16642827872041388;0.16642827872041388;0.16642827872041388;0.16642827872041388;0.16642827872041388;0.16642827872041388;0.16642827872041388;0.16642827872041388;0.16642827872041388;0.16642827872041388;0.16642827872041388;0.16642827872041388;0.16642827872041388;0.16642827872041388;0.16642827872041388;0.16642827872041388;0.16642827872041388;0.16642827872041388;0.16642827872041388;0.16642827872041388;0.16642827872041388;0.16642827872041388;0.16642827872041388;0.16642827872041388;0.16642827872041388;0.16642827872041388;0.16642827872041388;0.16642827872041388;0.16642827872041388;0.16642827872041388;0.16642827872041388;0.16642827872041388;0.16642827872041388;0.16642827872041388;0.16642827872041388;0.16642827872041388;0.16642827872041388;0.16642827872041388;0.16642827872041388;0.16642827872041388;0.16642827872041388;0.16642827872041388;0.16642827872041388;0.16642827872041388;0.16642827872041388;0.16642827872041388;0.16642827872041388;0.16642827872041388;0.16642827872041388;0.16642827872041388;0.16642827872041388;0.16642827872041388;0.16642827872041388;0.16642827872041388;0.16642827872041388;0.16642827872041388;0.16642827872041388;0.16642827872041388;0.16642827872041388;0.16642827872041388;0.16642827872041388
1;82;0.1375736887565578;0.13720662297143976;0.14540989540615804;0.14484619782758745;0.14008777525253138;0.14872655308641197;0.1508483082320728;0.1517441780606954;0.15207198351445603;0.14854486752100982;0.14806732393980682;0.15289006210239253;0.16211314809507527;0.1567342095427368;0.1529130305088085;0.15752903606492913;0.16022241964458145;0.15942367881890604;0.15482362002577266;0.16022241964458145;0.16022241964458145;0.16022241964458145;0.16022241964458145;0.16022241964458145;0.16022241964458145;0.16022241964458145;0.16022241964458145;0.16022241964458145;0.16022241964458145;0.16022241964458145;0.16022241964458145;0.16022241964458145;0.16022241964458145;0.16022241964458145;0.16022241964458145;0.16022241964458145;0.16022241964458145;0.16022241964458145;0.16022241964458145;0.16022241964458145;0.16022241964458145;0.16022241964458145;0.16022241964458145;0.16022241964458145;0.16022241964458145;0.16022241964458145;0.16022241964458145;0.16022241964458145;0.16022241964458145;0.16022241964458145;0.16022241964458145;0.16022241964458145;0.16022241964458145;0.16022241964458145;0.16022241964458145;0.16022241964458145;0.16022241964458145;0.16022241964458145;0.16022241964458145;0.16022241964458145;0.16022241964458145;0.16022241964458145;0.16022241964458145;0.16022241964458145;0.16022241964458145;0.16022241964458145;0.16022241964458145;0.16022241964458145;0.16022241964458145;0.16022241964458145;0.16022241964458145;0.16022241964458145;0.16022241964458145;0.16022241964458145;0.16022241964458145;0.16022241964458145;0.16022241964458145;0.16022241964458145;0.16022241964458145;0.16022241964458145;0.16022241964458145;0.16022241964458145;0.16022241964458145;0.16022241964458145;0.16022241964458145;0.16022241964458145;0.16022241964458145;0.16022241964458145;0.16022241964458145;0.16022241964458145;0.16022241964458145;0.16022241964458145;0.16022241964458145;0.16022241964458145;0.16022241964458145;0.16022241964458145;0.16022241964458145
1;83;0.13141956107356584;0.1310524952884478;0.13925576772316609;0.1386920701445955;0.13393364756953943;0.14257242540342002;0.14469418054908084;0.14559005037770345;0.14591785583146408;0.14239073983801787;0.14191319625681487;0.14673593441940058;0.15595902041208332;0.15058008185974486;0.14675890282581655;0.15137490838193718;0.1540682919615895;0.1532695511359141;0.1486694923427807;0.1540682919615895;0.1540682919615895;0.1540682919615895;0.1540682919615895;0.1540682919615895;0.1540682919615895;0.1540682919615895;0.1540682919615895;0.1540682919615895;0.1540682919615895;0.1540682919615895;0.1540682919615895;0.1540682919615895;0.1540682919615895;0.1540682919615895;0.1540682919615895;0.1540682919615895;0.1540682919615895;0.1540682919615895;0.1540682919615895;0.1540682919615895;0.1540682919615895;0.1540682919615895;0.1540682919615895;0.1540682919615895;0.1540682919615895;0.1540682919615895;0.1540682919615895;0.1540682919615895;0.1540682919615895;0.1540682919615895;0.1540682919615895;0.1540682919615895;0.1540682919615895;0.1540682919615895;0.1540682919615895;0.1540682919615895;0.1540682919615895;0.1540682919615895;0.1540682919615895;0.1540682919615895;0.1540682919615895;0.1540682919615895;0.1540682919615895;0.1540682919615895;0.1540682919615895;0.1540682919615895;0.1540682919615895;0.1540682919615895;0.1540682919615895;0.1540682919615895;0.1540682919615895;0.1540682919615895;0.1540682919615895;0.1540682919615895;0.1540682919615895;0.1540682919615895;0.1540682919615895;0.1540682919615895;0.1540682919615895;0.1540682919615895;0.1540682919615895;0.1540682919615895;0.1540682919615895;0.1540682919615895;0.1540682919615895;0.1540682919615895;0.1540682919615895;0.1540682919615895;0.1540682919615895;0.1540682919615895;0.1540682919615895;0.1540682919615895;0.1540682919615895;0.1540682919615895;0.1540682919615895;0.1540682919615895;0.1540682919615895
1;84;0.12481945398661559;0.12445238820149757;0.13265566063621584;0.13209196305764523;0.12733354048258916;0.13597231831646975;0.13809407346213057;0.1389899432907532;0.1393177487445138;0.1357906327510676;0.13531308916986462;0.14013582733245034;0.14935891332513304;0.1439799747727946;0.1401587957388663;0.1447748012949869;0.14746818487463925;0.14666944404896382;0.14206938525583046;0.14746818487463925;0.14746818487463925;0.14746818487463925;0.14746818487463925;0.14746818487463925;0.14746818487463925;0.14746818487463925;0.14746818487463925;0.14746818487463925;0.14746818487463925;0.14746818487463925;0.14746818487463925;0.14746818487463925;0.14746818487463925;0.14746818487463925;0.14746818487463925;0.14746818487463925;0.14746818487463925;0.14746818487463925;0.14746818487463925;0.14746818487463925;0.14746818487463925;0.14746818487463925;0.14746818487463925;0.14746818487463925;0.14746818487463925;0.14746818487463925;0.14746818487463925;0.14746818487463925;0.14746818487463925;0.14746818487463925;0.14746818487463925;0.14746818487463925;0.14746818487463925;0.14746818487463925;0.14746818487463925;0.14746818487463925;0.14746818487463925;0.14746818487463925;0.14746818487463925;0.14746818487463925;0.14746818487463925;0.14746818487463925;0.14746818487463925;0.14746818487463925;0.14746818487463925;0.14746818487463925;0.14746818487463925;0.14746818487463925;0.14746818487463925;0.14746818487463925;0.14746818487463925;0.14746818487463925;0.14746818487463925;0.14746818487463925;0.14746818487463925;0.14746818487463925;0.14746818487463925;0.14746818487463925;0.14746818487463925;0.14746818487463925;0.14746818487463925;0.14746818487463925;0.14746818487463925;0.14746818487463925;0.14746818487463925;0.14746818487463925;0.14746818487463925;0.14746818487463925;0.14746818487463925;0.14746818487463925;0.14746818487463925;0.14746818487463925;0.14746818487463925;0.14746818487463925;0.14746818487463925;0.14746818487463925;0.14746818487463925
1;85;0.11783045359875316;0.11746338781363513;0.12566666024835343;0.12510296266978282;0.12034454009472675;0.12898331792860734;0.13110507307426816;0.1320009429028908;0.1323287483566514;0.1288016323632052;0.1283240887820022;0.1331468269445879;0.14236991293727064;0.13699097438493218;0.1331697953510039;0.1377858009071245;0.14047918448677685;0.1396804436611014;0.13508038486796803;0.14047918448677685;0.14047918448677685;0.14047918448677685;0.14047918448677685;0.14047918448677685;0.14047918448677685;0.14047918448677685;0.14047918448677685;0.14047918448677685;0.14047918448677685;0.14047918448677685;0.14047918448677685;0.14047918448677685;0.14047918448677685;0.14047918448677685;0.14047918448677685;0.14047918448677685;0.14047918448677685;0.14047918448677685;0.14047918448677685;0.14047918448677685;0.14047918448677685;0.14047918448677685;0.14047918448677685;0.14047918448677685;0.14047918448677685;0.14047918448677685;0.14047918448677685;0.14047918448677685;0.14047918448677685;0.14047918448677685;0.14047918448677685;0.14047918448677685;0.14047918448677685;0.14047918448677685;0.14047918448677685;0.14047918448677685;0.14047918448677685;0.14047918448677685;0.14047918448677685;0.14047918448677685;0.14047918448677685;0.14047918448677685;0.14047918448677685;0.14047918448677685;0.14047918448677685;0.14047918448677685;0.14047918448677685;0.14047918448677685;0.14047918448677685;0.14047918448677685;0.14047918448677685;0.14047918448677685;0.14047918448677685;0.14047918448677685;0.14047918448677685;0.14047918448677685;0.14047918448677685;0.14047918448677685;0.14047918448677685;0.14047918448677685;0.14047918448677685;0.14047918448677685;0.14047918448677685;0.14047918448677685;0.14047918448677685;0.14047918448677685;0.14047918448677685;0.14047918448677685;0.14047918448677685;0.14047918448677685;0.14047918448677685;0.14047918448677685;0.14047918448677685;0.14047918448677685;0.14047918448677685;0.14047918448677685;0.14047918448677685
1;86;0.11084145321089076;0.11047438742577273;0.118677659860491;0.11811396228192042;0.11335553970686435;0.12199431754074494;0.12411607268640575;0.1250119425150284;0.125339747968789;0.12181263197534276;0.12133508839413978;0.1261578265567255;0.13538091254940823;0.13000197399706975;0.1261807949631415;0.13079680051926207;0.13349018409891442;0.132691443273239;0.12809138448010562;0.13349018409891442;0.13349018409891442;0.13349018409891442;0.13349018409891442;0.13349018409891442;0.13349018409891442;0.13349018409891442;0.13349018409891442;0.13349018409891442;0.13349018409891442;0.13349018409891442;0.13349018409891442;0.13349018409891442;0.13349018409891442;0.13349018409891442;0.13349018409891442;0.13349018409891442;0.13349018409891442;0.13349018409891442;0.13349018409891442;0.13349018409891442;0.13349018409891442;0.13349018409891442;0.13349018409891442;0.13349018409891442;0.13349018409891442;0.13349018409891442;0.13349018409891442;0.13349018409891442;0.13349018409891442;0.13349018409891442;0.13349018409891442;0.13349018409891442;0.13349018409891442;0.13349018409891442;0.13349018409891442;0.13349018409891442;0.13349018409891442;0.13349018409891442;0.13349018409891442;0.13349018409891442;0.13349018409891442;0.13349018409891442;0.13349018409891442;0.13349018409891442;0.13349018409891442;0.13349018409891442;0.13349018409891442;0.13349018409891442;0.13349018409891442;0.13349018409891442;0.13349018409891442;0.13349018409891442;0.13349018409891442;0.13349018409891442;0.13349018409891442;0.13349018409891442;0.13349018409891442;0.13349018409891442;0.13349018409891442;0.13349018409891442;0.13349018409891442;0.13349018409891442;0.13349018409891442;0.13349018409891442;0.13349018409891442;0.13349018409891442;0.13349018409891442;0.13349018409891442;0.13349018409891442;0.13349018409891442;0.13349018409891442;0.13349018409891442;0.13349018409891442;0.13349018409891442;0.13349018409891442;0.13349018409891442;0.13349018409891442
1;87;0.10385245282302824;0.10348538703791021;0.11168865947262849;0.1111249618940579;0.10636653931900183;0.11500531715288242;0.11712707229854323;0.11802294212716587;0.11835074758092648;0.11482363158748025;0.11434608800627727;0.11916882616886298;0.12839191216154572;0.12301297360920724;0.11919179457527897;0.12380780013139958;0.1265011837110519;0.12570244288537646;0.12110238409224311;0.1265011837110519;0.1265011837110519;0.1265011837110519;0.1265011837110519;0.1265011837110519;0.1265011837110519;0.1265011837110519;0.1265011837110519;0.1265011837110519;0.1265011837110519;0.1265011837110519;0.1265011837110519;0.1265011837110519;0.1265011837110519;0.1265011837110519;0.1265011837110519;0.1265011837110519;0.1265011837110519;0.1265011837110519;0.1265011837110519;0.1265011837110519;0.1265011837110519;0.1265011837110519;0.1265011837110519;0.1265011837110519;0.1265011837110519;0.1265011837110519;0.1265011837110519;0.1265011837110519;0.1265011837110519;0.1265011837110519;0.1265011837110519;0.1265011837110519;0.1265011837110519;0.1265011837110519;0.1265011837110519;0.1265011837110519;0.1265011837110519;0.1265011837110519;0.1265011837110519;0.1265011837110519;0.1265011837110519;0.1265011837110519;0.1265011837110519;0.1265011837110519;0.1265011837110519;0.1265011837110519;0.1265011837110519;0.1265011837110519;0.1265011837110519;0.1265011837110519;0.1265011837110519;0.1265011837110519;0.1265011837110519;0.1265011837110519;0.1265011837110519;0.1265011837110519;0.1265011837110519;0.1265011837110519;0.1265011837110519;0.1265011837110519;0.1265011837110519;0.1265011837110519;0.1265011837110519;0.1265011837110519;0.1265011837110519;0.1265011837110519;0.1265011837110519;0.1265011837110519;0.1265011837110519;0.1265011837110519;0.1265011837110519;0.1265011837110519;0.1265011837110519;0.1265011837110519;0.1265011837110519;0.1265011837110519;0.1265011837110519
1;88;0.09686345243516584;0.09649638665004781;0.10469965908476608;0.1041359615061955;0.09937753893113943;0.10801631676502002;0.11013807191068083;0.11103394173930345;0.11136174719306408;0.10783463119961784;0.10735708761841486;0.11217982578100058;0.12140291177368331;0.11602397322134483;0.11220279418741655;0.11681879974353716;0.1195121833231895;0.11871344249751407;0.11411338370438069;0.1195121833231895;0.1195121833231895;0.1195121833231895;0.1195121833231895;0.1195121833231895;0.1195121833231895;0.1195121833231895;0.1195121833231895;0.1195121833231895;0.1195121833231895;0.1195121833231895;0.1195121833231895;0.1195121833231895;0.1195121833231895;0.1195121833231895;0.1195121833231895;0.1195121833231895;0.1195121833231895;0.1195121833231895;0.1195121833231895;0.1195121833231895;0.1195121833231895;0.1195121833231895;0.1195121833231895;0.1195121833231895;0.1195121833231895;0.1195121833231895;0.1195121833231895;0.1195121833231895;0.1195121833231895;0.1195121833231895;0.1195121833231895;0.1195121833231895;0.1195121833231895;0.1195121833231895;0.1195121833231895;0.1195121833231895;0.1195121833231895;0.1195121833231895;0.1195121833231895;0.1195121833231895;0.1195121833231895;0.1195121833231895;0.1195121833231895;0.1195121833231895;0.1195121833231895;0.1195121833231895;0.1195121833231895;0.1195121833231895;0.1195121833231895;0.1195121833231895;0.1195121833231895;0.1195121833231895;0.1195121833231895;0.1195121833231895;0.1195121833231895;0.1195121833231895;0.1195121833231895;0.1195121833231895;0.1195121833231895;0.1195121833231895;0.1195121833231895;0.1195121833231895;0.1195121833231895;0.1195121833231895;0.1195121833231895;0.1195121833231895;0.1195121833231895;0.1195121833231895;0.1195121833231895;0.1195121833231895;0.1195121833231895;0.1195121833231895;0.1195121833231895;0.1195121833231895;0.1195121833231895;0.1195121833231895;0.1195121833231895
1;89;0.08987445204730343;0.0895073862621854;0.09771065869690368;0.09714696111833307;0.092388538543277;0.10102731637715759;0.10314907152281841;0.10404494135144104;0.10437274680520164;0.10084563081175543;0.10036808723055246;0.10519082539313818;0.11441391138582088;0.10903497283348243;0.10521379379955415;0.10982979935567475;0.11252318293532709;0.11172444210965166;0.10712438331651829;0.11252318293532709;0.11252318293532709;0.11252318293532709;0.11252318293532709;0.11252318293532709;0.11252318293532709;0.11252318293532709;0.11252318293532709;0.11252318293532709;0.11252318293532709;0.11252318293532709;0.11252318293532709;0.11252318293532709;0.11252318293532709;0.11252318293532709;0.11252318293532709;0.11252318293532709;0.11252318293532709;0.11252318293532709;0.11252318293532709;0.11252318293532709;0.11252318293532709;0.11252318293532709;0.11252318293532709;0.11252318293532709;0.11252318293532709;0.11252318293532709;0.11252318293532709;0.11252318293532709;0.11252318293532709;0.11252318293532709;0.11252318293532709;0.11252318293532709;0.11252318293532709;0.11252318293532709;0.11252318293532709;0.11252318293532709;0.11252318293532709;0.11252318293532709;0.11252318293532709;0.11252318293532709;0.11252318293532709;0.11252318293532709;0.11252318293532709;0.11252318293532709;0.11252318293532709;0.11252318293532709;0.11252318293532709;0.11252318293532709;0.11252318293532709;0.11252318293532709;0.11252318293532709;0.11252318293532709;0.11252318293532709;0.11252318293532709;0.11252318293532709;0.11252318293532709;0.11252318293532709;0.11252318293532709;0.11252318293532709;0.11252318293532709;0.11252318293532709;0.11252318293532709;0.11252318293532709;0.11252318293532709;0.11252318293532709;0.11252318293532709;0.11252318293532709;0.11252318293532709;0.11252318293532709;0.11252318293532709;0.11252318293532709;0.11252318293532709;0.11252318293532709;0.11252318293532709;0.11252318293532709;0.11252318293532709;0.11252318293532709
1;90;0.08288545165944103;0.082518385874323;0.09072165830904128;0.09015796073047067;0.0853995381554146;0.09403831598929518;0.096160071134956;0.09705594096357864;0.09738374641733924;0.09385663042389303;0.09337908684269003;0.09820182500527577;0.10742491099795848;0.10204597244562003;0.09822479341169174;0.10284079896781234;0.10553418254746469;0.10473544172178925;0.10013538292865588;0.10553418254746469;0.10553418254746469;0.10553418254746469;0.10553418254746469;0.10553418254746469;0.10553418254746469;0.10553418254746469;0.10553418254746469;0.10553418254746469;0.10553418254746469;0.10553418254746469;0.10553418254746469;0.10553418254746469;0.10553418254746469;0.10553418254746469;0.10553418254746469;0.10553418254746469;0.10553418254746469;0.10553418254746469;0.10553418254746469;0.10553418254746469;0.10553418254746469;0.10553418254746469;0.10553418254746469;0.10553418254746469;0.10553418254746469;0.10553418254746469;0.10553418254746469;0.10553418254746469;0.10553418254746469;0.10553418254746469;0.10553418254746469;0.10553418254746469;0.10553418254746469;0.10553418254746469;0.10553418254746469;0.10553418254746469;0.10553418254746469;0.10553418254746469;0.10553418254746469;0.10553418254746469;0.10553418254746469;0.10553418254746469;0.10553418254746469;0.10553418254746469;0.10553418254746469;0.10553418254746469;0.10553418254746469;0.10553418254746469;0.10553418254746469;0.10553418254746469;0.10553418254746469;0.10553418254746469;0.10553418254746469;0.10553418254746469;0.10553418254746469;0.10553418254746469;0.10553418254746469;0.10553418254746469;0.10553418254746469;0.10553418254746469;0.10553418254746469;0.10553418254746469;0.10553418254746469;0.10553418254746469;0.10553418254746469;0.10553418254746469;0.10553418254746469;0.10553418254746469;0.10553418254746469;0.10553418254746469;0.10553418254746469;0.10553418254746469;0.10553418254746469;0.10553418254746469;0.10553418254746469;0.10553418254746469;0.10553418254746469
1;91;0.07589645127157849;0.07552938548646046;0.08373265792117876;0.08316896034260815;0.07841053776755208;0.08704931560143267;0.08917107074709349;0.09006694057571613;0.09039474602947672;0.08686763003603051;0.08639008645482751;0.09121282461741323;0.10043591061009596;0.09505697205775751;0.09123579302382923;0.09585179857994983;0.09854518215960217;0.09774644133392674;0.09314638254079337;0.09854518215960217;0.09854518215960217;0.09854518215960217;0.09854518215960217;0.09854518215960217;0.09854518215960217;0.09854518215960217;0.09854518215960217;0.09854518215960217;0.09854518215960217;0.09854518215960217;0.09854518215960217;0.09854518215960217;0.09854518215960217;0.09854518215960217;0.09854518215960217;0.09854518215960217;0.09854518215960217;0.09854518215960217;0.09854518215960217;0.09854518215960217;0.09854518215960217;0.09854518215960217;0.09854518215960217;0.09854518215960217;0.09854518215960217;0.09854518215960217;0.09854518215960217;0.09854518215960217;0.09854518215960217;0.09854518215960217;0.09854518215960217;0.09854518215960217;0.09854518215960217;0.09854518215960217;0.09854518215960217;0.09854518215960217;0.09854518215960217;0.09854518215960217;0.09854518215960217;0.09854518215960217;0.09854518215960217;0.09854518215960217;0.09854518215960217;0.09854518215960217;0.09854518215960217;0.09854518215960217;0.09854518215960217;0.09854518215960217;0.09854518215960217;0.09854518215960217;0.09854518215960217;0.09854518215960217;0.09854518215960217;0.09854518215960217;0.09854518215960217;0.09854518215960217;0.09854518215960217;0.09854518215960217;0.09854518215960217;0.09854518215960217;0.09854518215960217;0.09854518215960217;0.09854518215960217;0.09854518215960217;0.09854518215960217;0.09854518215960217;0.09854518215960217;0.09854518215960217;0.09854518215960217;0.09854518215960217;0.09854518215960217;0.09854518215960217;0.09854518215960217;0.09854518215960217;0.09854518215960217;0.09854518215960217;0.09854518215960217
1;92;0.06890745088371608;0.06854038509859806;0.07674365753331633;0.07617995995474572;0.07142153737968965;0.08006031521357027;0.08218207035923106;0.0830779401878537;0.08340574564161432;0.07987862964816808;0.07940108606696511;0.08422382422955083;0.09344691022223356;0.08806797166989508;0.0842467926359668;0.0888627981920874;0.09155618177173974;0.09075744094606432;0.08615738215293094;0.09155618177173974;0.09155618177173974;0.09155618177173974;0.09155618177173974;0.09155618177173974;0.09155618177173974;0.09155618177173974;0.09155618177173974;0.09155618177173974;0.09155618177173974;0.09155618177173974;0.09155618177173974;0.09155618177173974;0.09155618177173974;0.09155618177173974;0.09155618177173974;0.09155618177173974;0.09155618177173974;0.09155618177173974;0.09155618177173974;0.09155618177173974;0.09155618177173974;0.09155618177173974;0.09155618177173974;0.09155618177173974;0.09155618177173974;0.09155618177173974;0.09155618177173974;0.09155618177173974;0.09155618177173974;0.09155618177173974;0.09155618177173974;0.09155618177173974;0.09155618177173974;0.09155618177173974;0.09155618177173974;0.09155618177173974;0.09155618177173974;0.09155618177173974;0.09155618177173974;0.09155618177173974;0.09155618177173974;0.09155618177173974;0.09155618177173974;0.09155618177173974;0.09155618177173974;0.09155618177173974;0.09155618177173974;0.09155618177173974;0.09155618177173974;0.09155618177173974;0.09155618177173974;0.09155618177173974;0.09155618177173974;0.09155618177173974;0.09155618177173974;0.09155618177173974;0.09155618177173974;0.09155618177173974;0.09155618177173974;0.09155618177173974;0.09155618177173974;0.09155618177173974;0.09155618177173974;0.09155618177173974;0.09155618177173974;0.09155618177173974;0.09155618177173974;0.09155618177173974;0.09155618177173974;0.09155618177173974;0.09155618177173974;0.09155618177173974;0.09155618177173974;0.09155618177173974;0.09155618177173974;0.09155618177173974;0.09155618177173974
1;93;0.06191845049585367;0.061551384710735645;0.06975465714545392;0.06919095956688331;0.06443253699182724;0.07307131482570783;0.07519306997136865;0.07608893979999129;0.07641674525375192;0.07288962926030568;0.0724120856791027;0.07723482384168842;0.08645790983437115;0.08107897128203267;0.07725779224810439;0.08187379780422499;0.08456718138387734;0.08376844055820191;0.07916838176506853;0.08456718138387734;0.08456718138387734;0.08456718138387734;0.08456718138387734;0.08456718138387734;0.08456718138387734;0.08456718138387734;0.08456718138387734;0.08456718138387734;0.08456718138387734;0.08456718138387734;0.08456718138387734;0.08456718138387734;0.08456718138387734;0.08456718138387734;0.08456718138387734;0.08456718138387734;0.08456718138387734;0.08456718138387734;0.08456718138387734;0.08456718138387734;0.08456718138387734;0.08456718138387734;0.08456718138387734;0.08456718138387734;0.08456718138387734;0.08456718138387734;0.08456718138387734;0.08456718138387734;0.08456718138387734;0.08456718138387734;0.08456718138387734;0.08456718138387734;0.08456718138387734;0.08456718138387734;0.08456718138387734;0.08456718138387734;0.08456718138387734;0.08456718138387734;0.08456718138387734;0.08456718138387734;0.08456718138387734;0.08456718138387734;0.08456718138387734;0.08456718138387734;0.08456718138387734;0.08456718138387734;0.08456718138387734;0.08456718138387734;0.08456718138387734;0.08456718138387734;0.08456718138387734;0.08456718138387734;0.08456718138387734;0.08456718138387734;0.08456718138387734;0.08456718138387734;0.08456718138387734;0.08456718138387734;0.08456718138387734;0.08456718138387734;0.08456718138387734;0.08456718138387734;0.08456718138387734;0.08456718138387734;0.08456718138387734;0.08456718138387734;0.08456718138387734;0.08456718138387734;0.08456718138387734;0.08456718138387734;0.08456718138387734;0.08456718138387734;0.08456718138387734;0.08456718138387734;0.08456718138387734;0.08456718138387734;0.08456718138387734
1;94;0.05492945010799126;0.054562384322873234;0.06276565675759152;0.06220195917902092;0.05744353660396485;0.06608231443784543;0.06820406958350625;0.06909993941212889;0.06942774486588948;0.06590062887244327;0.0654230852912403;0.07024582345382602;0.07946890944650872;0.07408997089417027;0.07026879186024199;0.07488479741636259;0.07757818099601493;0.0767794401703395;0.07217938137720613;0.07757818099601493;0.07757818099601493;0.07757818099601493;0.07757818099601493;0.07757818099601493;0.07757818099601493;0.07757818099601493;0.07757818099601493;0.07757818099601493;0.07757818099601493;0.07757818099601493;0.07757818099601493;0.07757818099601493;0.07757818099601493;0.07757818099601493;0.07757818099601493;0.07757818099601493;0.07757818099601493;0.07757818099601493;0.07757818099601493;0.07757818099601493;0.07757818099601493;0.07757818099601493;0.07757818099601493;0.07757818099601493;0.07757818099601493;0.07757818099601493;0.07757818099601493;0.07757818099601493;0.07757818099601493;0.07757818099601493;0.07757818099601493;0.07757818099601493;0.07757818099601493;0.07757818099601493;0.07757818099601493;0.07757818099601493;0.07757818099601493;0.07757818099601493;0.07757818099601493;0.07757818099601493;0.07757818099601493;0.07757818099601493;0.07757818099601493;0.07757818099601493;0.07757818099601493;0.07757818099601493;0.07757818099601493;0.07757818099601493;0.07757818099601493;0.07757818099601493;0.07757818099601493;0.07757818099601493;0.07757818099601493;0.07757818099601493;0.07757818099601493;0.07757818099601493;0.07757818099601493;0.07757818099601493;0.07757818099601493;0.07757818099601493;0.07757818099601493;0.07757818099601493;0.07757818099601493;0.07757818099601493;0.07757818099601493;0.07757818099601493;0.07757818099601493;0.07757818099601493;0.07757818099601493;0.07757818099601493;0.07757818099601493;0.07757818099601493;0.07757818099601493;0.07757818099601493;0.07757818099601493;0.07757818099601493;0.07757818099601493
1;95;0.047940449720128744;0.04757338393501072;0.05577665636972899;0.05521295879115838;0.05045453621610231;0.05909331404998292;0.06121506919564373;0.062110939024266364;0.062438744478026977;0.05891162848458075;0.058434084903377766;0.06325682306596347;0.07247990905864621;0.06710097050630776;0.06327979147237947;0.06789579702850007;0.07058918060815242;0.06979043978247698;0.06519038098934361;0.07058918060815242;0.07058918060815242;0.07058918060815242;0.07058918060815242;0.07058918060815242;0.07058918060815242;0.07058918060815242;0.07058918060815242;0.07058918060815242;0.07058918060815242;0.07058918060815242;0.07058918060815242;0.07058918060815242;0.07058918060815242;0.07058918060815242;0.07058918060815242;0.07058918060815242;0.07058918060815242;0.07058918060815242;0.07058918060815242;0.07058918060815242;0.07058918060815242;0.07058918060815242;0.07058918060815242;0.07058918060815242;0.07058918060815242;0.07058918060815242;0.07058918060815242;0.07058918060815242;0.07058918060815242;0.07058918060815242;0.07058918060815242;0.07058918060815242;0.07058918060815242;0.07058918060815242;0.07058918060815242;0.07058918060815242;0.07058918060815242;0.07058918060815242;0.07058918060815242;0.07058918060815242;0.07058918060815242;0.07058918060815242;0.07058918060815242;0.07058918060815242;0.07058918060815242;0.07058918060815242;0.07058918060815242;0.07058918060815242;0.07058918060815242;0.07058918060815242;0.07058918060815242;0.07058918060815242;0.07058918060815242;0.07058918060815242;0.07058918060815242;0.07058918060815242;0.07058918060815242;0.07058918060815242;0.07058918060815242;0.07058918060815242;0.07058918060815242;0.07058918060815242;0.07058918060815242;0.07058918060815242;0.07058918060815242;0.07058918060815242;0.07058918060815242;0.07058918060815242;0.07058918060815242;0.07058918060815242;0.07058918060815242;0.07058918060815242;0.07058918060815242;0.07058918060815242;0.07058918060815242;0.07058918060815242;0.07058918060815242
1;96;0.04095144933226631;0.04058438354714829;0.04878765598186659;0.04822395840329598;0.04346553582823991;0.0521043136621205;0.054226068807781316;0.05512193863640395;0.05544974409016455;0.05192262809671834;0.05144508451551537;0.056267822678101084;0.0654909086707838;0.060111970118445344;0.05629079108451705;0.06090679664063766;0.06360018022029001;0.06280143939461458;0.058201380601481195;0.06360018022029001;0.06360018022029001;0.06360018022029001;0.06360018022029001;0.06360018022029001;0.06360018022029001;0.06360018022029001;0.06360018022029001;0.06360018022029001;0.06360018022029001;0.06360018022029001;0.06360018022029001;0.06360018022029001;0.06360018022029001;0.06360018022029001;0.06360018022029001;0.06360018022029001;0.06360018022029001;0.06360018022029001;0.06360018022029001;0.06360018022029001;0.06360018022029001;0.06360018022029001;0.06360018022029001;0.06360018022029001;0.06360018022029001;0.06360018022029001;0.06360018022029001;0.06360018022029001;0.06360018022029001;0.06360018022029001;0.06360018022029001;0.06360018022029001;0.06360018022029001;0.06360018022029001;0.06360018022029001;0.06360018022029001;0.06360018022029001;0.06360018022029001;0.06360018022029001;0.06360018022029001;0.06360018022029001;0.06360018022029001;0.06360018022029001;0.06360018022029001;0.06360018022029001;0.06360018022029001;0.06360018022029001;0.06360018022029001;0.06360018022029001;0.06360018022029001;0.06360018022029001;0.06360018022029001;0.06360018022029001;0.06360018022029001;0.06360018022029001;0.06360018022029001;0.06360018022029001;0.06360018022029001;0.06360018022029001;0.06360018022029001;0.06360018022029001;0.06360018022029001;0.06360018022029001;0.06360018022029001;0.06360018022029001;0.06360018022029001;0.06360018022029001;0.06360018022029001;0.06360018022029001;0.06360018022029001;0.06360018022029001;0.06360018022029001;0.06360018022029001;0.06360018022029001;0.06360018022029001;0.06360018022029001;0.06360018022029001
1;97;0.03396244894440391;0.03359538315928588;0.041798655594004155;0.04123495801543357;0.0364765354403775;0.04511531327425809;0.04723706841991891;0.04813293824854155;0.04846074370230215;0.04493362770885591;0.04445608412765294;0.04927882229023865;0.05850190828292139;0.053122969730582906;0.04930179069665465;0.05391779625277525;0.056611179832427576;0.055812439006752146;0.05121238021361878;0.056611179832427576;0.056611179832427576;0.056611179832427576;0.056611179832427576;0.056611179832427576;0.056611179832427576;0.056611179832427576;0.056611179832427576;0.056611179832427576;0.056611179832427576;0.056611179832427576;0.056611179832427576;0.056611179832427576;0.056611179832427576;0.056611179832427576;0.056611179832427576;0.056611179832427576;0.056611179832427576;0.056611179832427576;0.056611179832427576;0.056611179832427576;0.056611179832427576;0.056611179832427576;0.056611179832427576;0.056611179832427576;0.056611179832427576;0.056611179832427576;0.056611179832427576;0.056611179832427576;0.056611179832427576;0.056611179832427576;0.056611179832427576;0.056611179832427576;0.056611179832427576;0.056611179832427576;0.056611179832427576;0.056611179832427576;0.056611179832427576;0.056611179832427576;0.056611179832427576;0.056611179832427576;0.056611179832427576;0.056611179832427576;0.056611179832427576;0.056611179832427576;0.056611179832427576;0.056611179832427576;0.056611179832427576;0.056611179832427576;0.056611179832427576;0.056611179832427576;0.056611179832427576;0.056611179832427576;0.056611179832427576;0.056611179832427576;0.056611179832427576;0.056611179832427576;0.056611179832427576;0.056611179832427576;0.056611179832427576;0.056611179832427576;0.056611179832427576;0.056611179832427576;0.056611179832427576;0.056611179832427576;0.056611179832427576;0.056611179832427576;0.056611179832427576;0.056611179832427576;0.056611179832427576;0.056611179832427576;0.056611179832427576;0.056611179832427576;0.056611179832427576;0.056611179832427576;0.056611179832427576;0.056611179832427576;0.056611179832427576
1;98;0.026973448556541504;0.02660638277142348;0.03480965520614178;0.03424595762757117;0.0294875350525151;0.03812631288639569;0.04024806803205651;0.041143937860679144;0.041471743314439743;0.03794462732099353;0.03746708373979053;0.04228982190237625;0.05151290789505898;0.04613396934272053;0.042312790308792245;0.046928795864912845;0.04962217944456519;0.048823438618889756;0.04422337982575639;0.04962217944456519;0.04962217944456519;0.04962217944456519;0.04962217944456519;0.04962217944456519;0.04962217944456519;0.04962217944456519;0.04962217944456519;0.04962217944456519;0.04962217944456519;0.04962217944456519;0.04962217944456519;0.04962217944456519;0.04962217944456519;0.04962217944456519;0.04962217944456519;0.04962217944456519;0.04962217944456519;0.04962217944456519;0.04962217944456519;0.04962217944456519;0.04962217944456519;0.04962217944456519;0.04962217944456519;0.04962217944456519;0.04962217944456519;0.04962217944456519;0.04962217944456519;0.04962217944456519;0.04962217944456519;0.04962217944456519;0.04962217944456519;0.04962217944456519;0.04962217944456519;0.04962217944456519;0.04962217944456519;0.04962217944456519;0.04962217944456519;0.04962217944456519;0.04962217944456519;0.04962217944456519;0.04962217944456519;0.04962217944456519;0.04962217944456519;0.04962217944456519;0.04962217944456519;0.04962217944456519;0.04962217944456519;0.04962217944456519;0.04962217944456519;0.04962217944456519;0.04962217944456519;0.04962217944456519;0.04962217944456519;0.04962217944456519;0.04962217944456519;0.04962217944456519;0.04962217944456519;0.04962217944456519;0.04962217944456519;0.04962217944456519;0.04962217944456519;0.04962217944456519;0.04962217944456519;0.04962217944456519;0.04962217944456519;0.04962217944456519;0.04962217944456519;0.04962217944456519;0.04962217944456519;0.04962217944456519;0.04962217944456519;0.04962217944456519;0.04962217944456519;0.04962217944456519;0.04962217944456519;0.04962217944456519;0.04962217944456519
1;99;0.019984448168679017;0.01961738238356099;0.027820654818279264;0.027256957239708654;0.022498534664652584;0.0311373124985332;0.03325906764419399;0.03415493747281663;0.03448274292657723;0.030955626933131017;0.030478083351928045;0.03530082151451376;0.044523907507196495;0.039144968954858014;0.03532378992092973;0.03993979547705033;0.04263317905670268;0.041834438231027254;0.03723437943789387;0.04263317905670268;0.04263317905670268;0.04263317905670268;0.04263317905670268;0.04263317905670268;0.04263317905670268;0.04263317905670268;0.04263317905670268;0.04263317905670268;0.04263317905670268;0.04263317905670268;0.04263317905670268;0.04263317905670268;0.04263317905670268;0.04263317905670268;0.04263317905670268;0.04263317905670268;0.04263317905670268;0.04263317905670268;0.04263317905670268;0.04263317905670268;0.04263317905670268;0.04263317905670268;0.04263317905670268;0.04263317905670268;0.04263317905670268;0.04263317905670268;0.04263317905670268;0.04263317905670268;0.04263317905670268;0.04263317905670268;0.04263317905670268;0.04263317905670268;0.04263317905670268;0.04263317905670268;0.04263317905670268;0.04263317905670268;0.04263317905670268;0.04263317905670268;0.04263317905670268;0.04263317905670268;0.04263317905670268;0.04263317905670268;0.04263317905670268;0.04263317905670268;0.04263317905670268;0.04263317905670268;0.04263317905670268;0.04263317905670268;0.04263317905670268;0.04263317905670268;0.04263317905670268;0.04263317905670268;0.04263317905670268;0.04263317905670268;0.04263317905670268;0.04263317905670268;0.04263317905670268;0.04263317905670268;0.04263317905670268;0.04263317905670268;0.04263317905670268;0.04263317905670268;0.04263317905670268;0.04263317905670268;0.04263317905670268;0.04263317905670268;0.04263317905670268;0.04263317905670268;0.04263317905670268;0.04263317905670268;0.04263317905670268;0.04263317905670268;0.04263317905670268;0.04263317905670268;0.04263317905670268;0.04263317905670268;0.04263317905670268
1;100;0.012995447780816585;0.01262838199569856;0.020831654430416832;0.02026795685184625;0.01550953427679018;0.02414831211067077;0.02627006725633159;0.027165937084954198;0.027493742538714824;0.023966626545268613;0.023489082964065613;0.02831182112665133;0.03753490711933406;0.03215596856699561;0.028334789533067298;0.032950795089187926;0.035644178668840246;0.034845437843164836;0.030245379050031454;0.035644178668840246;0.035644178668840246;0.035644178668840246;0.035644178668840246;0.035644178668840246;0.035644178668840246;0.035644178668840246;0.035644178668840246;0.035644178668840246;0.035644178668840246;0.035644178668840246;0.035644178668840246;0.035644178668840246;0.035644178668840246;0.035644178668840246;0.035644178668840246;0.035644178668840246;0.035644178668840246;0.035644178668840246;0.035644178668840246;0.035644178668840246;0.035644178668840246;0.035644178668840246;0.035644178668840246;0.035644178668840246;0.035644178668840246;0.035644178668840246;0.035644178668840246;0.035644178668840246;0.035644178668840246;0.035644178668840246;0.035644178668840246;0.035644178668840246;0.035644178668840246;0.035644178668840246;0.035644178668840246;0.035644178668840246;0.035644178668840246;0.035644178668840246;0.035644178668840246;0.035644178668840246;0.035644178668840246;0.035644178668840246;0.035644178668840246;0.035644178668840246;0.035644178668840246;0.035644178668840246;0.035644178668840246;0.035644178668840246;0.035644178668840246;0.035644178668840246;0.035644178668840246;0.035644178668840246;0.035644178668840246;0.035644178668840246;0.035644178668840246;0.035644178668840246;0.035644178668840246;0.035644178668840246;0.035644178668840246;0.035644178668840246;0.035644178668840246;0.035644178668840246;0.035644178668840246;0.035644178668840246;0.035644178668840246;0.035644178668840246;0.035644178668840246;0.035644178668840246;0.035644178668840246;0.035644178668840246;0.035644178668840246;0.035644178668840246;0.035644178668840246;0.035644178668840246;0.035644178668840246;0.035644178668840246;0.035644178668840246
2;0;0.0;0.0;0.0;0.0;0.0;0.0;0.0;0.0;0.0;0.0;0.0;0.0;0.0;0.0;0.0;0.0;0.0;0.0;0.0;0.0;0.0;0.0;0.0;0.0;0.0;0.0;0.0;0.0;0.0;0.0;0.0;0.0;0.0;0.0;0.0;0.0;0.0;0.0;0.0;0.0;0.0;0.0;0.0;0.0;0.0;0.0;0.0;0.0;0.0;0.0;0.0;0.0;0.0;0.0;0.0;0.0;0.0;0.0;0.0;0.0;0.0;0.0;0.0;0.0;0.0;0.0;0.0;0.0;0.0;0.0;0.0;0.0;0.0;0.0;0.0;0.0;0.0;0.0;0.0;0.0;0.0;0.0;0.0;0.0;0.0;0.0;0.0;0.0;0.0;0.0;0.0;0.0;0.0;0.0;0.0;0.0;0.0
2;1;0.0;0.0;0.0;0.0;0.0;0.0;0.0;0.0;0.0;0.0;0.0;0.0;0.0;0.0;0.0;0.0;0.0;0.0;0.0;0.0;0.0;0.0;0.0;0.0;0.0;0.0;0.0;0.0;0.0;0.0;0.0;0.0;0.0;0.0;0.0;0.0;0.0;0.0;0.0;0.0;0.0;0.0;0.0;0.0;0.0;0.0;0.0;0.0;0.0;0.0;0.0;0.0;0.0;0.0;0.0;0.0;0.0;0.0;0.0;0.0;0.0;0.0;0.0;0.0;0.0;0.0;0.0;0.0;0.0;0.0;0.0;0.0;0.0;0.0;0.0;0.0;0.0;0.0;0.0;0.0;0.0;0.0;0.0;0.0;0.0;0.0;0.0;0.0;0.0;0.0;0.0;0.0;0.0;0.0;0.0;0.0;0.0
2;2;0.0;0.0;0.0;0.0;0.0;0.0;0.0;0.0;0.0;0.0;0.0;0.0;0.0;0.0;0.0;0.0;0.0;0.0;0.0;0.0;0.0;0.0;0.0;0.0;0.0;0.0;0.0;0.0;0.0;0.0;0.0;0.0;0.0;0.0;0.0;0.0;0.0;0.0;0.0;0.0;0.0;0.0;0.0;0.0;0.0;0.0;0.0;0.0;0.0;0.0;0.0;0.0;0.0;0.0;0.0;0.0;0.0;0.0;0.0;0.0;0.0;0.0;0.0;0.0;0.0;0.0;0.0;0.0;0.0;0.0;0.0;0.0;0.0;0.0;0.0;0.0;0.0;0.0;0.0;0.0;0.0;0.0;0.0;0.0;0.0;0.0;0.0;0.0;0.0;0.0;0.0;0.0;0.0;0.0;0.0;0.0;0.0
2;3;0.0;0.0;0.0;0.0;0.0;0.0;0.0;0.0;0.0;0.0;0.0;0.0;0.0;0.0;0.0;0.0;0.0;0.0;0.0;0.0;0.0;0.0;0.0;0.0;0.0;0.0;0.0;0.0;0.0;0.0;0.0;0.0;0.0;0.0;0.0;0.0;0.0;0.0;0.0;0.0;0.0;0.0;0.0;0.0;0.0;0.0;0.0;0.0;0.0;0.0;0.0;0.0;0.0;0.0;0.0;0.0;0.0;0.0;0.0;0.0;0.0;0.0;0.0;0.0;0.0;0.0;0.0;0.0;0.0;0.0;0.0;0.0;0.0;0.0;0.0;0.0;0.0;0.0;0.0;0.0;0.0;0.0;0.0;0.0;0.0;0.0;0.0;0.0;0.0;0.0;0.0;0.0;0.0;0.0;0.0;0.0;0.0
2;4;0.0;0.0;0.0;0.0;0.0;0.0;0.0;0.0;0.0;0.0;0.0;0.0;0.0;0.0;0.0;0.0;0.0;0.0;0.0;0.0;0.0;0.0;0.0;0.0;0.0;0.0;0.0;0.0;0.0;0.0;0.0;0.0;0.0;0.0;0.0;0.0;0.0;0.0;0.0;0.0;0.0;0.0;0.0;0.0;0.0;0.0;0.0;0.0;0.0;0.0;0.0;0.0;0.0;0.0;0.0;0.0;0.0;0.0;0.0;0.0;0.0;0.0;0.0;0.0;0.0;0.0;0.0;0.0;0.0;0.0;0.0;0.0;0.0;0.0;0.0;0.0;0.0;0.0;0.0;0.0;0.0;0.0;0.0;0.0;0.0;0.0;0.0;0.0;0.0;0.0;0.0;0.0;0.0;0.0;0.0;0.0;0.0
2;5;0.0;0.0;0.0;0.0;0.0;0.0;0.0;0.0;0.0;0.0;0.0;0.0;0.0;0.0;0.0;0.0;0.0;0.0;0.0;0.0;0.0;0.0;0.0;0.0;0.0;0.0;0.0;0.0;0.0;0.0;0.0;0.0;0.0;0.0;0.0;0.0;0.0;0.0;0.0;0.0;0.0;0.0;0.0;0.0;0.0;0.0;0.0;0.0;0.0;0.0;0.0;0.0;0.0;0.0;0.0;0.0;0.0;0.0;0.0;0.0;0.0;0.0;0.0;0.0;0.0;0.0;0.0;0.0;0.0;0.0;0.0;0.0;0.0;0.0;0.0;0.0;0.0;0.0;0.0;0.0;0.0;0.0;0.0;0.0;0.0;0.0;0.0;0.0;0.0;0.0;0.0;0.0;0.0;0.0;0.0;0.0;0.0
2;6;0.0;0.0;0.0;0.0;0.0;0.0;0.0;0.0;0.0;0.0;0.0;0.0;0.0;0.0;0.0;0.0;0.0;0.0;0.0;0.0;0.0;0.0;0.0;0.0;0.0;0.0;0.0;0.0;0.0;0.0;0.0;0.0;0.0;0.0;0.0;0.0;0.0;0.0;0.0;0.0;0.0;0.0;0.0;0.0;0.0;0.0;0.0;0.0;0.0;0.0;0.0;0.0;0.0;0.0;0.0;0.0;0.0;0.0;0.0;0.0;0.0;0.0;0.0;0.0;0.0;0.0;0.0;0.0;0.0;0.0;0.0;0.0;0.0;0.0;0.0;0.0;0.0;0.0;0.0;0.0;0.0;0.0;0.0;0.0;0.0;0.0;0.0;0.0;0.0;0.0;0.0;0.0;0.0;0.0;0.0;0.0;0.0
2;7;0.0;0.0;0.0;0.0;0.0;0.0;0.0;0.0;0.0;0.0;0.0;0.0;0.0;0.0;0.0;0.0;0.0;0.0;0.0;0.0;0.0;0.0;0.0;0.0;0.0;0.0;0.0;0.0;0.0;0.0;0.0;0.0;0.0;0.0;0.0;0.0;0.0;0.0;0.0;0.0;0.0;0.0;0.0;0.0;0.0;0.0;0.0;0.0;0.0;0.0;0.0;0.0;0.0;0.0;0.0;0.0;0.0;0.0;0.0;0.0;0.0;0.0;0.0;0.0;0.0;0.0;0.0;0.0;0.0;0.0;0.0;0.0;0.0;0.0;0.0;0.0;0.0;0.0;0.0;0.0;0.0;0.0;0.0;0.0;0.0;0.0;0.0;0.0;0.0;0.0;0.0;0.0;0.0;0.0;0.0;0.0;0.0
2;8;0.0;0.0;0.0;0.0;0.0;0.0;0.0;0.0;0.0;0.0;0.0;0.0;0.0;0.0;0.0;0.0;0.0;0.0;0.0;0.0;0.0;0.0;0.0;0.0;0.0;0.0;0.0;0.0;0.0;0.0;0.0;0.0;0.0;0.0;0.0;0.0;0.0;0.0;0.0;0.0;0.0;0.0;0.0;0.0;0.0;0.0;0.0;0.0;0.0;0.0;0.0;0.0;0.0;0.0;0.0;0.0;0.0;0.0;0.0;0.0;0.0;0.0;0.0;0.0;0.0;0.0;0.0;0.0;0.0;0.0;0.0;0.0;0.0;0.0;0.0;0.0;0.0;0.0;0.0;0.0;0.0;0.0;0.0;0.0;0.0;0.0;0.0;0.0;0.0;0.0;0.0;0.0;0.0;0.0;0.0;0.0;0.0
2;9;0.0;0.0;0.0;0.0;0.0;0.0;0.0;0.0;0.0;0.0;0.0;0.0;0.0;0.0;0.0;0.0;0.0;0.0;0.0;0.0;0.0;0.0;0.0;0.0;0.0;0.0;0.0;0.0;0.0;0.0;0.0;0.0;0.0;0.0;0.0;0.0;0.0;0.0;0.0;0.0;0.0;0.0;0.0;0.0;0.0;0.0;0.0;0.0;0.0;0.0;0.0;0.0;0.0;0.0;0.0;0.0;0.0;0.0;0.0;0.0;0.0;0.0;0.0;0.0;0.0;0.0;0.0;0.0;0.0;0.0;0.0;0.0;0.0;0.0;0.0;0.0;0.0;0.0;0.0;0.0;0.0;0.0;0.0;0.0;0.0;0.0;0.0;0.0;0.0;0.0;0.0;0.0;0.0;0.0;0.0;0.0;0.0
2;10;0.0;0.0;0.0;0.0;0.0;0.0;0.0;0.0;0.0;0.0;0.0;0.0;0.0;0.0;0.0;0.0;0.0;0.0;0.0;0.0;0.0;0.0;0.0;0.0;0.0;0.0;0.0;0.0;0.0;0.0;0.0;0.0;0.0;0.0;0.0;0.0;0.0;0.0;0.0;0.0;0.0;0.0;0.0;0.0;0.0;0.0;0.0;0.0;0.0;0.0;0.0;0.0;0.0;0.0;0.0;0.0;0.0;0.0;0.0;0.0;0.0;0.0;0.0;0.0;0.0;0.0;0.0;0.0;0.0;0.0;0.0;0.0;0.0;0.0;0.0;0.0;0.0;0.0;0.0;0.0;0.0;0.0;0.0;0.0;0.0;0.0;0.0;0.0;0.0;0.0;0.0;0.0;0.0;0.0;0.0;0.0;0.0
2;11;0.0;0.0;0.0;0.0;0.0;0.0;0.0;0.0;0.0;0.0;0.0;0.0;0.0;0.0;0.0;0.0;0.0;0.0;0.0;0.0;0.0;0.0;0.0;0.0;0.0;0.0;0.0;0.0;0.0;0.0;0.0;0.0;0.0;0.0;0.0;0.0;0.0;0.0;0.0;0.0;0.0;0.0;0.0;0.0;0.0;0.0;0.0;0.0;0.0;0.0;0.0;0.0;0.0;0.0;0.0;0.0;0.0;0.0;0.0;0.0;0.0;0.0;0.0;0.0;0.0;0.0;0.0;0.0;0.0;0.0;0.0;0.0;0.0;0.0;0.0;0.0;0.0;0.0;0.0;0.0;0.0;0.0;0.0;0.0;0.0;0.0;0.0;0.0;0.0;0.0;0.0;0.0;0.0;0.0;0.0;0.0;0.0
2;12;0.0;0.0;0.0;0.0;0.0;0.0;0.0;0.0;0.0;0.0;0.0;0.0;0.0;0.0;0.0;0.0;0.0;0.0;0.0;0.0;0.0;0.0;0.0;0.0;0.0;0.0;0.0;0.0;0.0;0.0;0.0;0.0;0.0;0.0;0.0;0.0;0.0;0.0;0.0;0.0;0.0;0.0;0.0;0.0;0.0;0.0;0.0;0.0;0.0;0.0;0.0;0.0;0.0;0.0;0.0;0.0;0.0;0.0;0.0;0.0;0.0;0.0;0.0;0.0;0.0;0.0;0.0;0.0;0.0;0.0;0.0;0.0;0.0;0.0;0.0;0.0;0.0;0.0;0.0;0.0;0.0;0.0;0.0;0.0;0.0;0.0;0.0;0.0;0.0;0.0;0.0;0.0;0.0;0.0;0.0;0.0;0.0
2;13;0.0;0.0;0.0;0.0;0.0;0.0;0.0;0.0;0.0;0.0;0.0;0.0;0.0;0.0;0.0;0.0;0.0;0.0;0.0;0.0;0.0;0.0;0.0;0.0;0.0;0.0;0.0;0.0;0.0;0.0;0.0;0.0;0.0;0.0;0.0;0.0;0.0;0.0;0.0;0.0;0.0;0.0;0.0;0.0;0.0;0.0;0.0;0.0;0.0;0.0;0.0;0.0;0.0;0.0;0.0;0.0;0.0;0.0;0.0;0.0;0.0;0.0;0.0;0.0;0.0;0.0;0.0;0.0;0.0;0.0;0.0;0.0;0.0;0.0;0.0;0.0;0.0;0.0;0.0;0.0;0.0;0.0;0.0;0.0;0.0;0.0;0.0;0.0;0.0;0.0;0.0;0.0;0.0;0.0;0.0;0.0;0.0
2;14;0.0;0.0;0.0;0.0;0.0;0.0;0.0;0.0;0.0;0.0;0.0;0.0;0.0;0.0;0.0;0.0;0.0;0.0;0.0;0.0;0.0;0.0;0.0;0.0;0.0;0.0;0.0;0.0;0.0;0.0;0.0;0.0;0.0;0.0;0.0;0.0;0.0;0.0;0.0;0.0;0.0;0.0;0.0;0.0;0.0;0.0;0.0;0.0;0.0;0.0;0.0;0.0;0.0;0.0;0.0;0.0;0.0;0.0;0.0;0.0;0.0;0.0;0.0;0.0;0.0;0.0;0.0;0.0;0.0;0.0;0.0;0.0;0.0;0.0;0.0;0.0;0.0;0.0;0.0;0.0;0.0;0.0;0.0;0.0;0.0;0.0;0.0;0.0;0.0;0.0;0.0;0.0;0.0;0.0;0.0;0.0;0.0
2;15;0.0;0.0;0.0;0.0;0.0;0.0;0.0;0.0;0.0;0.0;0.0;0.0;0.0;0.0;0.0;0.0;0.0;0.0;0.0;0.0;0.0;0.0;0.0;0.0;0.0;0.0;0.0;0.0;0.0;0.0;0.0;0.0;0.0;0.0;0.0;0.0;0.0;0.0;0.0;0.0;0.0;0.0;0.0;0.0;0.0;0.0;0.0;0.0;0.0;0.0;0.0;0.0;0.0;0.0;0.0;0.0;0.0;0.0;0.0;0.0;0.0;0.0;0.0;0.0;0.0;0.0;0.0;0.0;0.0;0.0;0.0;0.0;0.0;0.0;0.0;0.0;0.0;0.0;0.0;0.0;0.0;0.0;0.0;0.0;0.0;0.0;0.0;0.0;0.0;0.0;0.0;0.0;0.0;0.0;0.0;0.0;0.0
2;16;0.0;0.0;0.0;0.0;0.0;0.0;0.0;0.0;0.0;0.0;0.0;0.0;0.0;0.0;0.0;0.0;0.0;0.0;0.0;0.0;0.0;0.0;0.0;0.0;0.0;0.0;0.0;0.0;0.0;0.0;0.0;0.0;0.0;0.0;0.0;0.0;0.0;0.0;0.0;0.0;0.0;0.0;0.0;0.0;0.0;0.0;0.0;0.0;0.0;0.0;0.0;0.0;0.0;0.0;0.0;0.0;0.0;0.0;0.0;0.0;0.0;0.0;0.0;0.0;0.0;0.0;0.0;0.0;0.0;0.0;0.0;0.0;0.0;0.0;0.0;0.0;0.0;0.0;0.0;0.0;0.0;0.0;0.0;0.0;0.0;0.0;0.0;0.0;0.0;0.0;0.0;0.0;0.0;0.0;0.0;0.0;0.0
2;17;0.0;0.0;0.0;0.0;0.0;0.0;0.0;0.0;0.0;0.0;0.0;0.0;0.0;0.0;0.0;0.0;0.0;0.0;0.0;0.0;0.0;0.0;0.0;0.0;0.0;0.0;0.0;0.0;0.0;0.0;0.0;0.0;0.0;0.0;0.0;0.0;0.0;0.0;0.0;0.0;0.0;0.0;0.0;0.0;0.0;0.0;0.0;0.0;0.0;0.0;0.0;0.0;0.0;0.0;0.0;0.0;0.0;0.0;0.0;0.0;0.0;0.0;0.0;0.0;0.0;0.0;0.0;0.0;0.0;0.0;0.0;0.0;0.0;0.0;0.0;0.0;0.0;0.0;0.0;0.0;0.0;0.0;0.0;0.0;0.0;0.0;0.0;0.0;0.0;0.0;0.0;0.0;0.0;0.0;0.0;0.0;0.0
2;18;0.002963559701727514;0.002596493916609488;0.010799766351327775;0.010236068772757165;0.005477646197701094;0.014116424031581698;0.016238179177242504;0.01713404900586514;0.017461854459625753;0.013934738466179528;0.013457194884976556;0.018279933047562272;0.02750301904024499;0.022124080487906525;0.01830290145397824;0.02291890701009884;0.025612290589751188;0.024813549764075758;0.020213490970942383;0.025612290589751188;0.025612290589751188;0.025612290589751188;0.025612290589751188;0.025612290589751188;0.025612290589751188;0.025612290589751188;0.025612290589751188;0.025612290589751188;0.025612290589751188;0.025612290589751188;0.025612290589751188;0.025612290589751188;0.025612290589751188;0.025612290589751188;0.025612290589751188;0.025612290589751188;0.025612290589751188;0.025612290589751188;0.025612290589751188;0.025612290589751188;0.025612290589751188;0.025612290589751188;0.025612290589751188;0.025612290589751188;0.025612290589751188;0.025612290589751188;0.025612290589751188;0.025612290589751188;0.025612290589751188;0.025612290589751188;0.025612290589751188;0.025612290589751188;0.025612290589751188;0.025612290589751188;0.025612290589751188;0.025612290589751188;0.025612290589751188;0.025612290589751188;0.025612290589751188;0.025612290589751188;0.025612290589751188;0.025612290589751188;0.025612290589751188;0.025612290589751188;0.025612290589751188;0.025612290589751188;0.025612290589751188;0.025612290589751188;0.025612290589751188;0.025612290589751188;0.025612290589751188;0.025612290589751188;0.025612290589751188;0.025612290589751188;0.025612290589751188;0.025612290589751188;0.025612290589751188;0.025612290589751188;0.025612290589751188;0.025612290589751188;0.025612290589751188;0.025612290589751188;0.025612290589751188;0.025612290589751188;0.025612290589751188;0.025612290589751188;0.025612290589751188;0.025612290589751188;0.025612290589751188;0.025612290589751188;0.025612290589751188;0.025612290589751188;0.025612290589751188;0.025612290589751188;0.025612290589751188;0.025612290589751188;0.025612290589751188
2;19;0.030276294163866804;0.02990922837874878;0.03811250081346705;0.03754880323489647;0.0327903806598404;0.04142915849372099;0.043550913639381794;0.04444678346800443;0.04477458892176504;0.04124747292831882;0.04076992934711583;0.04559266750970155;0.05481575350238428;0.0494368149500458;0.04561563591611753;0.05023164147223813;0.052925025051890465;0.05212628422621504;0.047526225433081666;0.052925025051890465;0.052925025051890465;0.052925025051890465;0.052925025051890465;0.052925025051890465;0.052925025051890465;0.052925025051890465;0.052925025051890465;0.052925025051890465;0.052925025051890465;0.052925025051890465;0.052925025051890465;0.052925025051890465;0.052925025051890465;0.052925025051890465;0.052925025051890465;0.052925025051890465;0.052925025051890465;0.052925025051890465;0.052925025051890465;0.052925025051890465;0.052925025051890465;0.052925025051890465;0.052925025051890465;0.052925025051890465;0.052925025051890465;0.052925025051890465;0.052925025051890465;0.052925025051890465;0.052925025051890465;0.052925025051890465;0.052925025051890465;0.052925025051890465;0.052925025051890465;0.052925025051890465;0.052925025051890465;0.052925025051890465;0.052925025051890465;0.052925025051890465;0.052925025051890465;0.052925025051890465;0.052925025051890465;0.052925025051890465;0.052925025051890465;0.052925025051890465;0.052925025051890465;0.052925025051890465;0.052925025051890465;0.052925025051890465;0.052925025051890465;0.052925025051890465;0.052925025051890465;0.052925025051890465;0.052925025051890465;0.052925025051890465;0.052925025051890465;0.052925025051890465;0.052925025051890465;0.052925025051890465;0.052925025051890465;0.052925025051890465;0.052925025051890465;0.052925025051890465;0.052925025051890465;0.052925025051890465;0.052925025051890465;0.052925025051890465;0.052925025051890465;0.052925025051890465;0.052925025051890465;0.052925025051890465;0.052925025051890465;0.052925025051890465;0.052925025051890465;0.052925025051890465;0.052925025051890465;0.052925025051890465;0.052925025051890465
2;20;0.05348051667301497;0.05311345088789694;0.06131672332261522;0.06075302574404463;0.05599460316898855;0.06463338100286914;0.06675513614852996;0.0676510059771526;0.0679788114309132;0.06445169543746698;0.063974151856264;0.06879689001884971;0.07801997601153243;0.07264103745919398;0.0688198584252657;0.0734358639813863;0.07612924756103864;0.0753305067353632;0.07073044794222984;0.07612924756103864;0.07612924756103864;0.07612924756103864;0.07612924756103864;0.07612924756103864;0.07612924756103864;0.07612924756103864;0.07612924756103864;0.07612924756103864;0.07612924756103864;0.07612924756103864;0.07612924756103864;0.07612924756103864;0.07612924756103864;0.07612924756103864;0.07612924756103864;0.07612924756103864;0.07612924756103864;0.07612924756103864;0.07612924756103864;0.07612924756103864;0.07612924756103864;0.07612924756103864;0.07612924756103864;0.07612924756103864;0.07612924756103864;0.07612924756103864;0.07612924756103864;0.07612924756103864;0.07612924756103864;0.07612924756103864;0.07612924756103864;0.07612924756103864;0.07612924756103864;0.07612924756103864;0.07612924756103864;0.07612924756103864;0.07612924756103864;0.07612924756103864;0.07612924756103864;0.07612924756103864;0.07612924756103864;0.07612924756103864;0.07612924756103864;0.07612924756103864;0.07612924756103864;0.07612924756103864;0.07612924756103864;0.07612924756103864;0.07612924756103864;0.07612924756103864;0.07612924756103864;0.07612924756103864;0.07612924756103864;0.07612924756103864;0.07612924756103864;0.07612924756103864;0.07612924756103864;0.07612924756103864;0.07612924756103864;0.07612924756103864;0.07612924756103864;0.07612924756103864;0.07612924756103864;0.07612924756103864;0.07612924756103864;0.07612924756103864;0.07612924756103864;0.07612924756103864;0.07612924756103864;0.07612924756103864;0.07612924756103864;0.07612924756103864;0.07612924756103864;0.07612924756103864;0.07612924756103864;0.07612924756103864;0.07612924756103864
2;21;0.07063463461089123;0.0702675688257732;0.07847084126049148;0.07790714368192087;0.0731487211068648;0.0817874989407454;0.0839092540864062;0.08480512391502884;0.08513292936878945;0.08160581337534323;0.08112826979414024;0.08595100795672596;0.09517409394940869;0.08979515539707023;0.08597397636314194;0.09058998191926254;0.09328336549891489;0.09248462467323945;0.08788456588010608;0.09328336549891489;0.09328336549891489;0.09328336549891489;0.09328336549891489;0.09328336549891489;0.09328336549891489;0.09328336549891489;0.09328336549891489;0.09328336549891489;0.09328336549891489;0.09328336549891489;0.09328336549891489;0.09328336549891489;0.09328336549891489;0.09328336549891489;0.09328336549891489;0.09328336549891489;0.09328336549891489;0.09328336549891489;0.09328336549891489;0.09328336549891489;0.09328336549891489;0.09328336549891489;0.09328336549891489;0.09328336549891489;0.09328336549891489;0.09328336549891489;0.09328336549891489;0.09328336549891489;0.09328336549891489;0.09328336549891489;0.09328336549891489;0.09328336549891489;0.09328336549891489;0.09328336549891489;0.09328336549891489;0.09328336549891489;0.09328336549891489;0.09328336549891489;0.09328336549891489;0.09328336549891489;0.09328336549891489;0.09328336549891489;0.09328336549891489;0.09328336549891489;0.09328336549891489;0.09328336549891489;0.09328336549891489;0.09328336549891489;0.09328336549891489;0.09328336549891489;0.09328336549891489;0.09328336549891489;0.09328336549891489;0.09328336549891489;0.09328336549891489;0.09328336549891489;0.09328336549891489;0.09328336549891489;0.09328336549891489;0.09328336549891489;0.09328336549891489;0.09328336549891489;0.09328336549891489;0.09328336549891489;0.09328336549891489;0.09328336549891489;0.09328336549891489;0.09328336549891489;0.09328336549891489;0.09328336549891489;0.09328336549891489;0.09328336549891489;0.09328336549891489;0.09328336549891489;0.09328336549891489;0.09328336549891489;0.09328336549891489
2;22;0.08171466702319877;0.08134760123808074;0.08955087367279903;0.08898717609422843;0.08422875351917236;0.09286753135305295;0.09498928649871377;0.0958851563273364;0.096212961781097;0.09268584578765078;0.0922083022064478;0.09703104036903351;0.10625412636171624;0.10087518780937778;0.0970540087754495;0.10167001433157011;0.10436339791122243;0.10356465708554702;0.09896459829241364;0.10436339791122243;0.10436339791122243;0.10436339791122243;0.10436339791122243;0.10436339791122243;0.10436339791122243;0.10436339791122243;0.10436339791122243;0.10436339791122243;0.10436339791122243;0.10436339791122243;0.10436339791122243;0.10436339791122243;0.10436339791122243;0.10436339791122243;0.10436339791122243;0.10436339791122243;0.10436339791122243;0.10436339791122243;0.10436339791122243;0.10436339791122243;0.10436339791122243;0.10436339791122243;0.10436339791122243;0.10436339791122243;0.10436339791122243;0.10436339791122243;0.10436339791122243;0.10436339791122243;0.10436339791122243;0.10436339791122243;0.10436339791122243;0.10436339791122243;0.10436339791122243;0.10436339791122243;0.10436339791122243;0.10436339791122243;0.10436339791122243;0.10436339791122243;0.10436339791122243;0.10436339791122243;0.10436339791122243;0.10436339791122243;0.10436339791122243;0.10436339791122243;0.10436339791122243;0.10436339791122243;0.10436339791122243;0.10436339791122243;0.10436339791122243;0.10436339791122243;0.10436339791122243;0.10436339791122243;0.10436339791122243;0.10436339791122243;0.10436339791122243;0.10436339791122243;0.10436339791122243;0.10436339791122243;0.10436339791122243;0.10436339791122243;0.10436339791122243;0.10436339791122243;0.10436339791122243;0.10436339791122243;0.10436339791122243;0.10436339791122243;0.10436339791122243;0.10436339791122243;0.10436339791122243;0.10436339791122243;0.10436339791122243;0.10436339791122243;0.10436339791122243;0.10436339791122243;0.10436339791122243;0.10436339791122243;0.10436339791122243
2;23;0.08717603587163689;0.08680897008651886;0.09501224252123713;0.09444854494266652;0.08969012236761045;0.09832890020149106;0.10045065534715186;0.1013465251757745;0.10167433062953511;0.09814721463608889;0.0976696710548859;0.10249240921747163;0.11171549521015435;0.10633655665781588;0.1025153776238876;0.1071313831800082;0.10982476675966055;0.10902602593398511;0.10442596714085174;0.10982476675966055;0.10982476675966055;0.10982476675966055;0.10982476675966055;0.10982476675966055;0.10982476675966055;0.10982476675966055;0.10982476675966055;0.10982476675966055;0.10982476675966055;0.10982476675966055;0.10982476675966055;0.10982476675966055;0.10982476675966055;0.10982476675966055;0.10982476675966055;0.10982476675966055;0.10982476675966055;0.10982476675966055;0.10982476675966055;0.10982476675966055;0.10982476675966055;0.10982476675966055;0.10982476675966055;0.10982476675966055;0.10982476675966055;0.10982476675966055;0.10982476675966055;0.10982476675966055;0.10982476675966055;0.10982476675966055;0.10982476675966055;0.10982476675966055;0.10982476675966055;0.10982476675966055;0.10982476675966055;0.10982476675966055;0.10982476675966055;0.10982476675966055;0.10982476675966055;0.10982476675966055;0.10982476675966055;0.10982476675966055;0.10982476675966055;0.10982476675966055;0.10982476675966055;0.10982476675966055;0.10982476675966055;0.10982476675966055;0.10982476675966055;0.10982476675966055;0.10982476675966055;0.10982476675966055;0.10982476675966055;0.10982476675966055;0.10982476675966055;0.10982476675966055;0.10982476675966055;0.10982476675966055;0.10982476675966055;0.10982476675966055;0.10982476675966055;0.10982476675966055;0.10982476675966055;0.10982476675966055;0.10982476675966055;0.10982476675966055;0.10982476675966055;0.10982476675966055;0.10982476675966055;0.10982476675966055;0.10982476675966055;0.10982476675966055;0.10982476675966055;0.10982476675966055;0.10982476675966055;0.10982476675966055;0.10982476675966055
2;24;0.08747416311790479;0.08710709733278676;0.09531036976750504;0.09474667218893444;0.08998824961387836;0.09862702744775896;0.10074878259341977;0.1016446524220424;0.10197245787580303;0.09844534188235679;0.0979677983011538;0.10279053646373953;0.11201362245642227;0.10663468390408379;0.1028135048701555;0.1074295104262761;0.11012289400592845;0.10932415318025303;0.10472409438711965;0.11012289400592845;0.11012289400592845;0.11012289400592845;0.11012289400592845;0.11012289400592845;0.11012289400592845;0.11012289400592845;0.11012289400592845;0.11012289400592845;0.11012289400592845;0.11012289400592845;0.11012289400592845;0.11012289400592845;0.11012289400592845;0.11012289400592845;0.11012289400592845;0.11012289400592845;0.11012289400592845;0.11012289400592845;0.11012289400592845;0.11012289400592845;0.11012289400592845;0.11012289400592845;0.11012289400592845;0.11012289400592845;0.11012289400592845;0.11012289400592845;0.11012289400592845;0.11012289400592845;0.11012289400592845;0.11012289400592845;0.11012289400592845;0.11012289400592845;0.11012289400592845;0.11012289400592845;0.11012289400592845;0.11012289400592845;0.11012289400592845;0.11012289400592845;0.11012289400592845;0.11012289400592845;0.11012289400592845;0.11012289400592845;0.11012289400592845;0.11012289400592845;0.11012289400592845;0.11012289400592845;0.11012289400592845;0.11012289400592845;0.11012289400592845;0.11012289400592845;0.11012289400592845;0.11012289400592845;0.11012289400592845;0.11012289400592845;0.11012289400592845;0.11012289400592845;0.11012289400592845;0.11012289400592845;0.11012289400592845;0.11012289400592845;0.11012289400592845;0.11012289400592845;0.11012289400592845;0.11012289400592845;0.11012289400592845;0.11012289400592845;0.11012289400592845;0.11012289400592845;0.11012289400592845;0.11012289400592845;0.11012289400592845;0.11012289400592845;0.11012289400592845;0.11012289400592845;0.11012289400592845;0.11012289400592845;0.11012289400592845
2;25;0.08330448235775682;0.0829374165726388;0.09114068900735707;0.09057699142878647;0.0858185688537304;0.094457346687611;0.09657910183327181;0.09747497166189445;0.09780277711565505;0.09427566112220884;0.09379811754100585;0.09862085570359157;0.10784394169627429;0.10246500314393582;0.09864382411000755;0.10325982966612815;0.10595321324578048;0.10515447242010506;0.10055441362697168;0.10595321324578048;0.10595321324578048;0.10595321324578048;0.10595321324578048;0.10595321324578048;0.10595321324578048;0.10595321324578048;0.10595321324578048;0.10595321324578048;0.10595321324578048;0.10595321324578048;0.10595321324578048;0.10595321324578048;0.10595321324578048;0.10595321324578048;0.10595321324578048;0.10595321324578048;0.10595321324578048;0.10595321324578048;0.10595321324578048;0.10595321324578048;0.10595321324578048;0.10595321324578048;0.10595321324578048;0.10595321324578048;0.10595321324578048;0.10595321324578048;0.10595321324578048;0.10595321324578048;0.10595321324578048;0.10595321324578048;0.10595321324578048;0.10595321324578048;0.10595321324578048;0.10595321324578048;0.10595321324578048;0.10595321324578048;0.10595321324578048;0.10595321324578048;0.10595321324578048;0.10595321324578048;0.10595321324578048;0.10595321324578048;0.10595321324578048;0.10595321324578048;0.10595321324578048;0.10595321324578048;0.10595321324578048;0.10595321324578048;0.10595321324578048;0.10595321324578048;0.10595321324578048;0.10595321324578048;0.10595321324578048;0.10595321324578048;0.10595321324578048;0.10595321324578048;0.10595321324578048;0.10595321324578048;0.10595321324578048;0.10595321324578048;0.10595321324578048;0.10595321324578048;0.10595321324578048;0.10595321324578048;0.10595321324578048;0.10595321324578048;0.10595321324578048;0.10595321324578048;0.10595321324578048;0.10595321324578048;0.10595321324578048;0.10595321324578048;0.10595321324578048;0.10595321324578048;0.10595321324578048;0.10595321324578048;0.10595321324578048
2;26;0.07632247372316762;0.0759554079380496;0.08415868037276789;0.08359498279419728;0.0788365602191412;0.0874753380530218;0.08959709319868261;0.09049296302730525;0.09082076848106585;0.08729365248761964;0.08681610890641665;0.09163884706900237;0.10086193306168509;0.09548299450934664;0.09166181547541835;0.09627782103153895;0.0989712046111913;0.09817246378551586;0.0935724049923825;0.0989712046111913;0.0989712046111913;0.0989712046111913;0.0989712046111913;0.0989712046111913;0.0989712046111913;0.0989712046111913;0.0989712046111913;0.0989712046111913;0.0989712046111913;0.0989712046111913;0.0989712046111913;0.0989712046111913;0.0989712046111913;0.0989712046111913;0.0989712046111913;0.0989712046111913;0.0989712046111913;0.0989712046111913;0.0989712046111913;0.0989712046111913;0.0989712046111913;0.0989712046111913;0.0989712046111913;0.0989712046111913;0.0989712046111913;0.0989712046111913;0.0989712046111913;0.0989712046111913;0.0989712046111913;0.0989712046111913;0.0989712046111913;0.0989712046111913;0.0989712046111913;0.0989712046111913;0.0989712046111913;0.0989712046111913;0.0989712046111913;0.0989712046111913;0.0989712046111913;0.0989712046111913;0.0989712046111913;0.0989712046111913;0.0989712046111913;0.0989712046111913;0.0989712046111913;0.0989712046111913;0.0989712046111913;0.0989712046111913;0.0989712046111913;0.0989712046111913;0.0989712046111913;0.0989712046111913;0.0989712046111913;0.0989712046111913;0.0989712046111913;0.0989712046111913;0.0989712046111913;0.0989712046111913;0.0989712046111913;0.0989712046111913;0.0989712046111913;0.0989712046111913;0.0989712046111913;0.0989712046111913;0.0989712046111913;0.0989712046111913;0.0989712046111913;0.0989712046111913;0.0989712046111913;0.0989712046111913;0.0989712046111913;0.0989712046111913;0.0989712046111913;0.0989712046111913;0.0989712046111913;0.0989712046111913;0.0989712046111913
2;27;0.06842362898016695;0.06805656319504892;0.0762598356297672;0.0756961380511966;0.07093771547614053;0.07957649331002112;0.08169824845568194;0.08259411828430457;0.08292192373806517;0.07939480774461896;0.07891726416341598;0.08374000232600169;0.09296308831868441;0.08758414976634596;0.08376297073241767;0.08837897628853827;0.09107235986819061;0.09027361904251519;0.08567356024938182;0.09107235986819061;0.09107235986819061;0.09107235986819061;0.09107235986819061;0.09107235986819061;0.09107235986819061;0.09107235986819061;0.09107235986819061;0.09107235986819061;0.09107235986819061;0.09107235986819061;0.09107235986819061;0.09107235986819061;0.09107235986819061;0.09107235986819061;0.09107235986819061;0.09107235986819061;0.09107235986819061;0.09107235986819061;0.09107235986819061;0.09107235986819061;0.09107235986819061;0.09107235986819061;0.09107235986819061;0.09107235986819061;0.09107235986819061;0.09107235986819061;0.09107235986819061;0.09107235986819061;0.09107235986819061;0.09107235986819061;0.09107235986819061;0.09107235986819061;0.09107235986819061;0.09107235986819061;0.09107235986819061;0.09107235986819061;0.09107235986819061;0.09107235986819061;0.09107235986819061;0.09107235986819061;0.09107235986819061;0.09107235986819061;0.09107235986819061;0.09107235986819061;0.09107235986819061;0.09107235986819061;0.09107235986819061;0.09107235986819061;0.09107235986819061;0.09107235986819061;0.09107235986819061;0.09107235986819061;0.09107235986819061;0.09107235986819061;0.09107235986819061;0.09107235986819061;0.09107235986819061;0.09107235986819061;0.09107235986819061;0.09107235986819061;0.09107235986819061;0.09107235986819061;0.09107235986819061;0.09107235986819061;0.09107235986819061;0.09107235986819061;0.09107235986819061;0.09107235986819061;0.09107235986819061;0.09107235986819061;0.09107235986819061;0.09107235986819061;0.09107235986819061;0.09107235986819061;0.09107235986819061;0.09107235986819061;0.09107235986819061
2;28;0.06150343989478449;0.061136374109666464;0.06933964654438474;0.06877594896581415;0.06401752639075808;0.07265630422463867;0.07477805937029948;0.07567392919892212;0.07600173465268273;0.0724746186592365;0.07199707507803352;0.07681981324061923;0.08604289923330197;0.0806639606809635;0.07684278164703522;0.08145878720315582;0.08415217078280815;0.08335342995713274;0.07875337116399936;0.08415217078280815;0.08415217078280815;0.08415217078280815;0.08415217078280815;0.08415217078280815;0.08415217078280815;0.08415217078280815;0.08415217078280815;0.08415217078280815;0.08415217078280815;0.08415217078280815;0.08415217078280815;0.08415217078280815;0.08415217078280815;0.08415217078280815;0.08415217078280815;0.08415217078280815;0.08415217078280815;0.08415217078280815;0.08415217078280815;0.08415217078280815;0.08415217078280815;0.08415217078280815;0.08415217078280815;0.08415217078280815;0.08415217078280815;0.08415217078280815;0.08415217078280815;0.08415217078280815;0.08415217078280815;0.08415217078280815;0.08415217078280815;0.08415217078280815;0.08415217078280815;0.08415217078280815;0.08415217078280815;0.08415217078280815;0.08415217078280815;0.08415217078280815;0.08415217078280815;0.08415217078280815;0.08415217078280815;0.08415217078280815;0.08415217078280815;0.08415217078280815;0.08415217078280815;0.08415217078280815;0.08415217078280815;0.08415217078280815;0.08415217078280815;0.08415217078280815;0.08415217078280815;0.08415217078280815;0.08415217078280815;0.08415217078280815;0.08415217078280815;0.08415217078280815;0.08415217078280815;0.08415217078280815;0.08415217078280815;0.08415217078280815;0.08415217078280815;0.08415217078280815;0.08415217078280815;0.08415217078280815;0.08415217078280815;0.08415217078280815;0.08415217078280815;0.08415217078280815;0.08415217078280815;0.08415217078280815;0.08415217078280815;0.08415217078280815;0.08415217078280815;0.08415217078280815;0.08415217078280815;0.08415217078280815;0.08415217078280815
2;29;0.05700080984071275;0.05663374405559472;0.064837016490313;0.0642733189117424;0.05951489633668633;0.06815367417056692;0.07027542931622774;0.07117129914485038;0.07149910459861097;0.06797198860516476;0.06749444502396176;0.07231718318654749;0.08154026917923021;0.07616133062689176;0.07234015159296348;0.07695615714908408;0.07964954072873641;0.07885079990306099;0.07425074110992762;0.07964954072873641;0.07964954072873641;0.07964954072873641;0.07964954072873641;0.07964954072873641;0.07964954072873641;0.07964954072873641;0.07964954072873641;0.07964954072873641;0.07964954072873641;0.07964954072873641;0.07964954072873641;0.07964954072873641;0.07964954072873641;0.07964954072873641;0.07964954072873641;0.07964954072873641;0.07964954072873641;0.07964954072873641;0.07964954072873641;0.07964954072873641;0.07964954072873641;0.07964954072873641;0.07964954072873641;0.07964954072873641;0.07964954072873641;0.07964954072873641;0.07964954072873641;0.07964954072873641;0.07964954072873641;0.07964954072873641;0.07964954072873641;0.07964954072873641;0.07964954072873641;0.07964954072873641;0.07964954072873641;0.07964954072873641;0.07964954072873641;0.07964954072873641;0.07964954072873641;0.07964954072873641;0.07964954072873641;0.07964954072873641;0.07964954072873641;0.07964954072873641;0.07964954072873641;0.07964954072873641;0.07964954072873641;0.07964954072873641;0.07964954072873641;0.07964954072873641;0.07964954072873641;0.07964954072873641;0.07964954072873641;0.07964954072873641;0.07964954072873641;0.07964954072873641;0.07964954072873641;0.07964954072873641;0.07964954072873641;0.07964954072873641;0.07964954072873641;0.07964954072873641;0.07964954072873641;0.07964954072873641;0.07964954072873641;0.07964954072873641;0.07964954072873641;0.07964954072873641;0.07964954072873641;0.07964954072873641;0.07964954072873641;0.07964954072873641;0.07964954072873641;0.07964954072873641;0.07964954072873641;0.07964954072873641;0.07964954072873641
2;30;0.05452828862229511;0.054161222837177087;0.06236449527189536;0.06180079769332476;0.05704237511826869;0.06568115295214928;0.06780290809781009;0.06869877792643272;0.06902658338019334;0.06549946738674711;0.06502192380554414;0.06984466196812986;0.07906774796081258;0.07368880940847411;0.06986763037454582;0.07448363593066643;0.07717701951031877;0.07637827868464334;0.07177821989150997;0.07717701951031877;0.07717701951031877;0.07717701951031877;0.07717701951031877;0.07717701951031877;0.07717701951031877;0.07717701951031877;0.07717701951031877;0.07717701951031877;0.07717701951031877;0.07717701951031877;0.07717701951031877;0.07717701951031877;0.07717701951031877;0.07717701951031877;0.07717701951031877;0.07717701951031877;0.07717701951031877;0.07717701951031877;0.07717701951031877;0.07717701951031877;0.07717701951031877;0.07717701951031877;0.07717701951031877;0.07717701951031877;0.07717701951031877;0.07717701951031877;0.07717701951031877;0.07717701951031877;0.07717701951031877;0.07717701951031877;0.07717701951031877;0.07717701951031877;0.07717701951031877;0.07717701951031877;0.07717701951031877;0.07717701951031877;0.07717701951031877;0.07717701951031877;0.07717701951031877;0.07717701951031877;0.07717701951031877;0.07717701951031877;0.07717701951031877;0.07717701951031877;0.07717701951031877;0.07717701951031877;0.07717701951031877;0.07717701951031877;0.07717701951031877;0.07717701951031877;0.07717701951031877;0.07717701951031877;0.07717701951031877;0.07717701951031877;0.07717701951031877;0.07717701951031877;0.07717701951031877;0.07717701951031877;0.07717701951031877;0.07717701951031877;0.07717701951031877;0.07717701951031877;0.07717701951031877;0.07717701951031877;0.07717701951031877;0.07717701951031877;0.07717701951031877;0.07717701951031877;0.07717701951031877;0.07717701951031877;0.07717701951031877;0.07717701951031877;0.07717701951031877;0.07717701951031877;0.07717701951031877;0.07717701951031877;0.07717701951031877
2;31;0.053241837651537754;0.05287477186641973;0.061078044301138;0.060514346722567405;0.055755924147511335;0.06439470198139192;0.06651645712705273;0.06741232695567537;0.067740132409436;0.06421301641598975;0.06373547283478678;0.0685582109973725;0.07778129699005522;0.07240235843771675;0.06858117940378847;0.07319718495990907;0.07589056853956141;0.07509182771388598;0.07049176892075261;0.07589056853956141;0.07589056853956141;0.07589056853956141;0.07589056853956141;0.07589056853956141;0.07589056853956141;0.07589056853956141;0.07589056853956141;0.07589056853956141;0.07589056853956141;0.07589056853956141;0.07589056853956141;0.07589056853956141;0.07589056853956141;0.07589056853956141;0.07589056853956141;0.07589056853956141;0.07589056853956141;0.07589056853956141;0.07589056853956141;0.07589056853956141;0.07589056853956141;0.07589056853956141;0.07589056853956141;0.07589056853956141;0.07589056853956141;0.07589056853956141;0.07589056853956141;0.07589056853956141;0.07589056853956141;0.07589056853956141;0.07589056853956141;0.07589056853956141;0.07589056853956141;0.07589056853956141;0.07589056853956141;0.07589056853956141;0.07589056853956141;0.07589056853956141;0.07589056853956141;0.07589056853956141;0.07589056853956141;0.07589056853956141;0.07589056853956141;0.07589056853956141;0.07589056853956141;0.07589056853956141;0.07589056853956141;0.07589056853956141;0.07589056853956141;0.07589056853956141;0.07589056853956141;0.07589056853956141;0.07589056853956141;0.07589056853956141;0.07589056853956141;0.07589056853956141;0.07589056853956141;0.07589056853956141;0.07589056853956141;0.07589056853956141;0.07589056853956141;0.07589056853956141;0.07589056853956141;0.07589056853956141;0.07589056853956141;0.07589056853956141;0.07589056853956141;0.07589056853956141;0.07589056853956141;0.07589056853956141;0.07589056853956141;0.07589056853956141;0.07589056853956141;0.07589056853956141;0.07589056853956141;0.07589056853956141;0.07589056853956141
2;32;0.052297418340446836;0.05193035255532881;0.06013362499004709;0.059569927411476487;0.054811504836420416;0.063450282670301;0.06557203781596183;0.06646790764458446;0.06679571309834506;0.06326859710489885;0.06279105352369586;0.06761379168628158;0.0768368776789643;0.07145793912662585;0.06763676009269756;0.07225276564881816;0.07494614922847051;0.07414740840279507;0.0695473496096617;0.07494614922847051;0.07494614922847051;0.07494614922847051;0.07494614922847051;0.07494614922847051;0.07494614922847051;0.07494614922847051;0.07494614922847051;0.07494614922847051;0.07494614922847051;0.07494614922847051;0.07494614922847051;0.07494614922847051;0.07494614922847051;0.07494614922847051;0.07494614922847051;0.07494614922847051;0.07494614922847051;0.07494614922847051;0.07494614922847051;0.07494614922847051;0.07494614922847051;0.07494614922847051;0.07494614922847051;0.07494614922847051;0.07494614922847051;0.07494614922847051;0.07494614922847051;0.07494614922847051;0.07494614922847051;0.07494614922847051;0.07494614922847051;0.07494614922847051;0.07494614922847051;0.07494614922847051;0.07494614922847051;0.07494614922847051;0.07494614922847051;0.07494614922847051;0.07494614922847051;0.07494614922847051;0.07494614922847051;0.07494614922847051;0.07494614922847051;0.07494614922847051;0.07494614922847051;0.07494614922847051;0.07494614922847051;0.07494614922847051;0.07494614922847051;0.07494614922847051;0.07494614922847051;0.07494614922847051;0.07494614922847051;0.07494614922847051;0.07494614922847051;0.07494614922847051;0.07494614922847051;0.07494614922847051;0.07494614922847051;0.07494614922847051;0.07494614922847051;0.07494614922847051;0.07494614922847051;0.07494614922847051;0.07494614922847051;0.07494614922847051;0.07494614922847051;0.07494614922847051;0.07494614922847051;0.07494614922847051;0.07494614922847051;0.07494614922847051;0.07494614922847051;0.07494614922847051;0.07494614922847051;0.07494614922847051;0.07494614922847051
2;33;0.05111334366520466;0.050746277880086635;0.05894955031480491;0.05838585273623431;0.05362743016117824;0.06226620799505883;0.06438796314071965;0.06528383296934229;0.06561163842310289;0.06208452242965667;0.06160697884845368;0.06642971701103939;0.07565280300372212;0.07027386445138367;0.06645268541745539;0.07106869097357599;0.07376207455322832;0.0729633337275529;0.06836327493441953;0.07376207455322832;0.07376207455322832;0.07376207455322832;0.07376207455322832;0.07376207455322832;0.07376207455322832;0.07376207455322832;0.07376207455322832;0.07376207455322832;0.07376207455322832;0.07376207455322832;0.07376207455322832;0.07376207455322832;0.07376207455322832;0.07376207455322832;0.07376207455322832;0.07376207455322832;0.07376207455322832;0.07376207455322832;0.07376207455322832;0.07376207455322832;0.07376207455322832;0.07376207455322832;0.07376207455322832;0.07376207455322832;0.07376207455322832;0.07376207455322832;0.07376207455322832;0.07376207455322832;0.07376207455322832;0.07376207455322832;0.07376207455322832;0.07376207455322832;0.07376207455322832;0.07376207455322832;0.07376207455322832;0.07376207455322832;0.07376207455322832;0.07376207455322832;0.07376207455322832;0.07376207455322832;0.07376207455322832;0.07376207455322832;0.07376207455322832;0.07376207455322832;0.07376207455322832;0.07376207455322832;0.07376207455322832;0.07376207455322832;0.07376207455322832;0.07376207455322832;0.07376207455322832;0.07376207455322832;0.07376207455322832;0.07376207455322832;0.07376207455322832;0.07376207455322832;0.07376207455322832;0.07376207455322832;0.07376207455322832;0.07376207455322832;0.07376207455322832;0.07376207455322832;0.07376207455322832;0.07376207455322832;0.07376207455322832;0.07376207455322832;0.07376207455322832;0.07376207455322832;0.07376207455322832;0.07376207455322832;0.07376207455322832;0.07376207455322832;0.07376207455322832;0.07376207455322832;0.07376207455322832;0.07376207455322832;0.07376207455322832
2;34;0.05015733285869804;0.049790267073580016;0.057993539508298296;0.05742984192972769;0.05267141935467162;0.06131019718855222;0.06343195233421303;0.06432782216283567;0.06465562761659627;0.061128511623150056;0.06065096804194707;0.06547370620453279;0.0746967921972155;0.06931785364487705;0.06549667461094877;0.07011268016706937;0.0728060637467217;0.07200732292104628;0.06740726412791291;0.0728060637467217;0.0728060637467217;0.0728060637467217;0.0728060637467217;0.0728060637467217;0.0728060637467217;0.0728060637467217;0.0728060637467217;0.0728060637467217;0.0728060637467217;0.0728060637467217;0.0728060637467217;0.0728060637467217;0.0728060637467217;0.0728060637467217;0.0728060637467217;0.0728060637467217;0.0728060637467217;0.0728060637467217;0.0728060637467217;0.0728060637467217;0.0728060637467217;0.0728060637467217;0.0728060637467217;0.0728060637467217;0.0728060637467217;0.0728060637467217;0.0728060637467217;0.0728060637467217;0.0728060637467217;0.0728060637467217;0.0728060637467217;0.0728060637467217;0.0728060637467217;0.0728060637467217;0.0728060637467217;0.0728060637467217;0.0728060637467217;0.0728060637467217;0.0728060637467217;0.0728060637467217;0.0728060637467217;0.0728060637467217;0.0728060637467217;0.0728060637467217;0.0728060637467217;0.0728060637467217;0.0728060637467217;0.0728060637467217;0.0728060637467217;0.0728060637467217;0.0728060637467217;0.0728060637467217;0.0728060637467217;0.0728060637467217;0.0728060637467217;0.0728060637467217;0.0728060637467217;0.0728060637467217;0.0728060637467217;0.0728060637467217;0.0728060637467217;0.0728060637467217;0.0728060637467217;0.0728060637467217;0.0728060637467217;0.0728060637467217;0.0728060637467217;0.0728060637467217;0.0728060637467217;0.0728060637467217;0.0728060637467217;0.0728060637467217;0.0728060637467217;0.0728060637467217;0.0728060637467217;0.0728060637467217;0.0728060637467217
2;35;0.050159456717989936;0.04979239093287191;0.05799566336759019;0.057431965789019594;0.05267354321396352;0.06131232104784412;0.06343407619350493;0.06432994602212756;0.06465775147588818;0.06113063548244195;0.060653091901238965;0.06547583006382468;0.07469891605650741;0.06931997750416895;0.06549879847024066;0.07011480402636126;0.0728081876060136;0.07200944678033819;0.0674093879872048;0.0728081876060136;0.0728081876060136;0.0728081876060136;0.0728081876060136;0.0728081876060136;0.0728081876060136;0.0728081876060136;0.0728081876060136;0.0728081876060136;0.0728081876060136;0.0728081876060136;0.0728081876060136;0.0728081876060136;0.0728081876060136;0.0728081876060136;0.0728081876060136;0.0728081876060136;0.0728081876060136;0.0728081876060136;0.0728081876060136;0.0728081876060136;0.0728081876060136;0.0728081876060136;0.0728081876060136;0.0728081876060136;0.0728081876060136;0.0728081876060136;0.0728081876060136;0.0728081876060136;0.0728081876060136;0.0728081876060136;0.0728081876060136;0.0728081876060136;0.0728081876060136;0.0728081876060136;0.0728081876060136;0.0728081876060136;0.0728081876060136;0.0728081876060136;0.0728081876060136;0.0728081876060136;0.0728081876060136;0.0728081876060136;0.0728081876060136;0.0728081876060136;0.0728081876060136;0.0728081876060136;0.0728081876060136;0.0728081876060136;0.0728081876060136;0.0728081876060136;0.0728081876060136;0.0728081876060136;0.0728081876060136;0.0728081876060136;0.0728081876060136;0.0728081876060136;0.0728081876060136;0.0728081876060136;0.0728081876060136;0.0728081876060136;0.0728081876060136;0.0728081876060136;0.0728081876060136;0.0728081876060136;0.0728081876060136;0.0728081876060136;0.0728081876060136;0.0728081876060136;0.0728081876060136;0.0728081876060136;0.0728081876060136;0.0728081876060136;0.0728081876060136;0.0728081876060136;0.0728081876060136;0.0728081876060136;0.0728081876060136
2;36;0.051849786040143314;0.05148272025502529;0.05968599268974356;0.059122295111172965;0.054363872536116895;0.06300265036999748;0.06512440551565829;0.06602027534428093;0.06634808079804154;0.06282096480459531;0.062343421223392335;0.06716615938597806;0.07638924537866078;0.07101030682632231;0.06718912779239403;0.07180513334851463;0.07449851692816697;0.07369977610249154;0.06909971730935817;0.07449851692816697;0.07449851692816697;0.07449851692816697;0.07449851692816697;0.07449851692816697;0.07449851692816697;0.07449851692816697;0.07449851692816697;0.07449851692816697;0.07449851692816697;0.07449851692816697;0.07449851692816697;0.07449851692816697;0.07449851692816697;0.07449851692816697;0.07449851692816697;0.07449851692816697;0.07449851692816697;0.07449851692816697;0.07449851692816697;0.07449851692816697;0.07449851692816697;0.07449851692816697;0.07449851692816697;0.07449851692816697;0.07449851692816697;0.07449851692816697;0.07449851692816697;0.07449851692816697;0.07449851692816697;0.07449851692816697;0.07449851692816697;0.07449851692816697;0.07449851692816697;0.07449851692816697;0.07449851692816697;0.07449851692816697;0.07449851692816697;0.07449851692816697;0.07449851692816697;0.07449851692816697;0.07449851692816697;0.07449851692816697;0.07449851692816697;0.07449851692816697;0.07449851692816697;0.07449851692816697;0.07449851692816697;0.07449851692816697;0.07449851692816697;0.07449851692816697;0.07449851692816697;0.07449851692816697;0.07449851692816697;0.07449851692816697;0.07449851692816697;0.07449851692816697;0.07449851692816697;0.07449851692816697;0.07449851692816697;0.07449851692816697;0.07449851692816697;0.07449851692816697;0.07449851692816697;0.07449851692816697;0.07449851692816697;0.07449851692816697;0.07449851692816697;0.07449851692816697;0.07449851692816697;0.07449851692816697;0.07449851692816697;0.07449851692816697;0.07449851692816697;0.07449851692816697;0.07449851692816697;0.07449851692816697;0.07449851692816697
2;37;0.05572946413764547;0.055362398352527445;0.06356567078724572;0.06300197320867512;0.058243550633619044;0.06688232846749964;0.06900408361316046;0.0698999534417831;0.0702277588955437;0.06670064290209748;0.06622309932089449;0.0710458374834802;0.08026892347616293;0.07488998492382447;0.07106880588989618;0.0756848114460168;0.07837819502566913;0.07757945419999371;0.07297939540686033;0.07837819502566913;0.07837819502566913;0.07837819502566913;0.07837819502566913;0.07837819502566913;0.07837819502566913;0.07837819502566913;0.07837819502566913;0.07837819502566913;0.07837819502566913;0.07837819502566913;0.07837819502566913;0.07837819502566913;0.07837819502566913;0.07837819502566913;0.07837819502566913;0.07837819502566913;0.07837819502566913;0.07837819502566913;0.07837819502566913;0.07837819502566913;0.07837819502566913;0.07837819502566913;0.07837819502566913;0.07837819502566913;0.07837819502566913;0.07837819502566913;0.07837819502566913;0.07837819502566913;0.07837819502566913;0.07837819502566913;0.07837819502566913;0.07837819502566913;0.07837819502566913;0.07837819502566913;0.07837819502566913;0.07837819502566913;0.07837819502566913;0.07837819502566913;0.07837819502566913;0.07837819502566913;0.07837819502566913;0.07837819502566913;0.07837819502566913;0.07837819502566913;0.07837819502566913;0.07837819502566913;0.07837819502566913;0.07837819502566913;0.07837819502566913;0.07837819502566913;0.07837819502566913;0.07837819502566913;0.07837819502566913;0.07837819502566913;0.07837819502566913;0.07837819502566913;0.07837819502566913;0.07837819502566913;0.07837819502566913;0.07837819502566913;0.07837819502566913;0.07837819502566913;0.07837819502566913;0.07837819502566913;0.07837819502566913;0.07837819502566913;0.07837819502566913;0.07837819502566913;0.07837819502566913;0.07837819502566913;0.07837819502566913;0.07837819502566913;0.07837819502566913;0.07837819502566913;0.07837819502566913;0.07837819502566913;0.07837819502566913
2;38;0.061383924384681175;0.06101685859956315;0.06922013103428143;0.06865643345571082;0.06389801088065475;0.07253678871453535;0.07465854386019616;0.0755544136888188;0.07588221914257941;0.07235510314913318;0.0718775595679302;0.07670029773051591;0.08592338372319865;0.08054444517086018;0.0767232661369319;0.0813392716930525;0.08403265527270484;0.0832339144470294;0.07863385565389604;0.08403265527270484;0.08403265527270484;0.08403265527270484;0.08403265527270484;0.08403265527270484;0.08403265527270484;0.08403265527270484;0.08403265527270484;0.08403265527270484;0.08403265527270484;0.08403265527270484;0.08403265527270484;0.08403265527270484;0.08403265527270484;0.08403265527270484;0.08403265527270484;0.08403265527270484;0.08403265527270484;0.08403265527270484;0.08403265527270484;0.08403265527270484;0.08403265527270484;0.08403265527270484;0.08403265527270484;0.08403265527270484;0.08403265527270484;0.08403265527270484;0.08403265527270484;0.08403265527270484;0.08403265527270484;0.08403265527270484;0.08403265527270484;0.08403265527270484;0.08403265527270484;0.08403265527270484;0.08403265527270484;0.08403265527270484;0.08403265527270484;0.08403265527270484;0.08403265527270484;0.08403265527270484;0.08403265527270484;0.08403265527270484;0.08403265527270484;0.08403265527270484;0.08403265527270484;0.08403265527270484;0.08403265527270484;0.08403265527270484;0.08403265527270484;0.08403265527270484;0.08403265527270484;0.08403265527270484;0.08403265527270484;0.08403265527270484;0.08403265527270484;0.08403265527270484;0.08403265527270484;0.08403265527270484;0.08403265527270484;0.08403265527270484;0.08403265527270484;0.08403265527270484;0.08403265527270484;0.08403265527270484;0.08403265527270484;0.08403265527270484;0.08403265527270484;0.08403265527270484;0.08403265527270484;0.08403265527270484;0.08403265527270484;0.08403265527270484;0.08403265527270484;0.08403265527270484;0.08403265527270484;0.08403265527270484;0.08403265527270484
2;39;0.06816967267085956;0.06780260688574154;0.07600587932045981;0.07544218174188921;0.07068375916683314;0.07932253700071373;0.08144429214637455;0.08234016197499719;0.08266796742875779;0.07914085143531158;0.07866330785410858;0.0834860460166943;0.09270913200937703;0.08733019345703856;0.08350901442311029;0.08812501997923089;0.09081840355888322;0.0900196627332078;0.08541960394007442;0.09081840355888322;0.09081840355888322;0.09081840355888322;0.09081840355888322;0.09081840355888322;0.09081840355888322;0.09081840355888322;0.09081840355888322;0.09081840355888322;0.09081840355888322;0.09081840355888322;0.09081840355888322;0.09081840355888322;0.09081840355888322;0.09081840355888322;0.09081840355888322;0.09081840355888322;0.09081840355888322;0.09081840355888322;0.09081840355888322;0.09081840355888322;0.09081840355888322;0.09081840355888322;0.09081840355888322;0.09081840355888322;0.09081840355888322;0.09081840355888322;0.09081840355888322;0.09081840355888322;0.09081840355888322;0.09081840355888322;0.09081840355888322;0.09081840355888322;0.09081840355888322;0.09081840355888322;0.09081840355888322;0.09081840355888322;0.09081840355888322;0.09081840355888322;0.09081840355888322;0.09081840355888322;0.09081840355888322;0.09081840355888322;0.09081840355888322;0.09081840355888322;0.09081840355888322;0.09081840355888322;0.09081840355888322;0.09081840355888322;0.09081840355888322;0.09081840355888322;0.09081840355888322;0.09081840355888322;0.09081840355888322;0.09081840355888322;0.09081840355888322;0.09081840355888322;0.09081840355888322;0.09081840355888322;0.09081840355888322;0.09081840355888322;0.09081840355888322;0.09081840355888322;0.09081840355888322;0.09081840355888322;0.09081840355888322;0.09081840355888322;0.09081840355888322;0.09081840355888322;0.09081840355888322;0.09081840355888322;0.09081840355888322;0.09081840355888322;0.09081840355888322;0.09081840355888322;0.09081840355888322;0.09081840355888322;0.09081840355888322
2;40;0.07544321488578976;0.07507614910067173;0.08327942153539;0.0827157239568194;0.07795730138176334;0.08659607921564393;0.08871783436130475;0.08961370418992737;0.08994150964368798;0.08641439365024176;0.08593685006903878;0.0907595882316245;0.09998267422430723;0.09460373567196875;0.09078255663804047;0.09539856219416108;0.09809194577381342;0.09729320494813799;0.09269314615500461;0.09809194577381342;0.09809194577381342;0.09809194577381342;0.09809194577381342;0.09809194577381342;0.09809194577381342;0.09809194577381342;0.09809194577381342;0.09809194577381342;0.09809194577381342;0.09809194577381342;0.09809194577381342;0.09809194577381342;0.09809194577381342;0.09809194577381342;0.09809194577381342;0.09809194577381342;0.09809194577381342;0.09809194577381342;0.09809194577381342;0.09809194577381342;0.09809194577381342;0.09809194577381342;0.09809194577381342;0.09809194577381342;0.09809194577381342;0.09809194577381342;0.09809194577381342;0.09809194577381342;0.09809194577381342;0.09809194577381342;0.09809194577381342;0.09809194577381342;0.09809194577381342;0.09809194577381342;0.09809194577381342;0.09809194577381342;0.09809194577381342;0.09809194577381342;0.09809194577381342;0.09809194577381342;0.09809194577381342;0.09809194577381342;0.09809194577381342;0.09809194577381342;0.09809194577381342;0.09809194577381342;0.09809194577381342;0.09809194577381342;0.09809194577381342;0.09809194577381342;0.09809194577381342;0.09809194577381342;0.09809194577381342;0.09809194577381342;0.09809194577381342;0.09809194577381342;0.09809194577381342;0.09809194577381342;0.09809194577381342;0.09809194577381342;0.09809194577381342;0.09809194577381342;0.09809194577381342;0.09809194577381342;0.09809194577381342;0.09809194577381342;0.09809194577381342;0.09809194577381342;0.09809194577381342;0.09809194577381342;0.09809194577381342;0.09809194577381342;0.09809194577381342;0.09809194577381342;0.09809194577381342;0.09809194577381342;0.09809194577381342
2;41;0.08262871612047473;0.0822616503353567;0.09046492277007499;0.0899012251915044;0.08514280261644833;0.09378158045032892;0.09590333559598972;0.09679920542461236;0.09712701087837297;0.09359989488492675;0.09312235130372376;0.09794508946630948;0.10716817545899221;0.10178923690665374;0.09796805787272546;0.10258406342884606;0.10527744700849839;0.10447870618282298;0.0998786473896896;0.10527744700849839;0.10527744700849839;0.10527744700849839;0.10527744700849839;0.10527744700849839;0.10527744700849839;0.10527744700849839;0.10527744700849839;0.10527744700849839;0.10527744700849839;0.10527744700849839;0.10527744700849839;0.10527744700849839;0.10527744700849839;0.10527744700849839;0.10527744700849839;0.10527744700849839;0.10527744700849839;0.10527744700849839;0.10527744700849839;0.10527744700849839;0.10527744700849839;0.10527744700849839;0.10527744700849839;0.10527744700849839;0.10527744700849839;0.10527744700849839;0.10527744700849839;0.10527744700849839;0.10527744700849839;0.10527744700849839;0.10527744700849839;0.10527744700849839;0.10527744700849839;0.10527744700849839;0.10527744700849839;0.10527744700849839;0.10527744700849839;0.10527744700849839;0.10527744700849839;0.10527744700849839;0.10527744700849839;0.10527744700849839;0.10527744700849839;0.10527744700849839;0.10527744700849839;0.10527744700849839;0.10527744700849839;0.10527744700849839;0.10527744700849839;0.10527744700849839;0.10527744700849839;0.10527744700849839;0.10527744700849839;0.10527744700849839;0.10527744700849839;0.10527744700849839;0.10527744700849839;0.10527744700849839;0.10527744700849839;0.10527744700849839;0.10527744700849839;0.10527744700849839;0.10527744700849839;0.10527744700849839;0.10527744700849839;0.10527744700849839;0.10527744700849839;0.10527744700849839;0.10527744700849839;0.10527744700849839;0.10527744700849839;0.10527744700849839;0.10527744700849839;0.10527744700849839;0.10527744700849839;0.10527744700849839;0.10527744700849839
2;42;0.08942097827149291;0.08905391248637488;0.09725718492109316;0.09669348734252256;0.09193506476746649;0.10057384260134708;0.1026955977470079;0.10359146757563054;0.10391927302939113;0.10039215703594492;0.09991461345474192;0.10473735161732765;0.11396043761001037;0.10858149905767192;0.10476032002374364;0.10937632557986424;0.11206970915951658;0.11127096833384115;0.10667090954070778;0.11206970915951658;0.11206970915951658;0.11206970915951658;0.11206970915951658;0.11206970915951658;0.11206970915951658;0.11206970915951658;0.11206970915951658;0.11206970915951658;0.11206970915951658;0.11206970915951658;0.11206970915951658;0.11206970915951658;0.11206970915951658;0.11206970915951658;0.11206970915951658;0.11206970915951658;0.11206970915951658;0.11206970915951658;0.11206970915951658;0.11206970915951658;0.11206970915951658;0.11206970915951658;0.11206970915951658;0.11206970915951658;0.11206970915951658;0.11206970915951658;0.11206970915951658;0.11206970915951658;0.11206970915951658;0.11206970915951658;0.11206970915951658;0.11206970915951658;0.11206970915951658;0.11206970915951658;0.11206970915951658;0.11206970915951658;0.11206970915951658;0.11206970915951658;0.11206970915951658;0.11206970915951658;0.11206970915951658;0.11206970915951658;0.11206970915951658;0.11206970915951658;0.11206970915951658;0.11206970915951658;0.11206970915951658;0.11206970915951658;0.11206970915951658;0.11206970915951658;0.11206970915951658;0.11206970915951658;0.11206970915951658;0.11206970915951658;0.11206970915951658;0.11206970915951658;0.11206970915951658;0.11206970915951658;0.11206970915951658;0.11206970915951658;0.11206970915951658;0.11206970915951658;0.11206970915951658;0.11206970915951658;0.11206970915951658;0.11206970915951658;0.11206970915951658;0.11206970915951658;0.11206970915951658;0.11206970915951658;0.11206970915951658;0.11206970915951658;0.11206970915951658;0.11206970915951658;0.11206970915951658;0.11206970915951658;0.11206970915951658
2;43;0.09558246243681659;0.09521539665169856;0.10341866908641684;0.10285497150784623;0.09809654893279016;0.10673532676667076;0.10885708191233157;0.1097529517409542;0.11008075719471482;0.10655364120126859;0.1060760976200656;0.11089883578265132;0.12012192177533405;0.11474298322299559;0.1109218041890673;0.1155378097451879;0.11823119332484025;0.11743245249916481;0.11283239370603144;0.11823119332484025;0.11823119332484025;0.11823119332484025;0.11823119332484025;0.11823119332484025;0.11823119332484025;0.11823119332484025;0.11823119332484025;0.11823119332484025;0.11823119332484025;0.11823119332484025;0.11823119332484025;0.11823119332484025;0.11823119332484025;0.11823119332484025;0.11823119332484025;0.11823119332484025;0.11823119332484025;0.11823119332484025;0.11823119332484025;0.11823119332484025;0.11823119332484025;0.11823119332484025;0.11823119332484025;0.11823119332484025;0.11823119332484025;0.11823119332484025;0.11823119332484025;0.11823119332484025;0.11823119332484025;0.11823119332484025;0.11823119332484025;0.11823119332484025;0.11823119332484025;0.11823119332484025;0.11823119332484025;0.11823119332484025;0.11823119332484025;0.11823119332484025;0.11823119332484025;0.11823119332484025;0.11823119332484025;0.11823119332484025;0.11823119332484025;0.11823119332484025;0.11823119332484025;0.11823119332484025;0.11823119332484025;0.11823119332484025;0.11823119332484025;0.11823119332484025;0.11823119332484025;0.11823119332484025;0.11823119332484025;0.11823119332484025;0.11823119332484025;0.11823119332484025;0.11823119332484025;0.11823119332484025;0.11823119332484025;0.11823119332484025;0.11823119332484025;0.11823119332484025;0.11823119332484025;0.11823119332484025;0.11823119332484025;0.11823119332484025;0.11823119332484025;0.11823119332484025;0.11823119332484025;0.11823119332484025;0.11823119332484025;0.11823119332484025;0.11823119332484025;0.11823119332484025;0.11823119332484025;0.11823119332484025;0.11823119332484025
2;44;0.10087562971441802;0.1005085639293;0.10871183636401827;0.10814813878544766;0.10338971621039159;0.11202849404427219;0.114150249189933;0.11504611901855563;0.11537392447231624;0.11184680847887002;0.11136926489766703;0.11619200306025275;0.12541508905293547;0.12003615050059702;0.11621497146666873;0.12083097702278933;0.12352436060244168;0.12272561977676624;0.11812556098363287;0.12352436060244168;0.12352436060244168;0.12352436060244168;0.12352436060244168;0.12352436060244168;0.12352436060244168;0.12352436060244168;0.12352436060244168;0.12352436060244168;0.12352436060244168;0.12352436060244168;0.12352436060244168;0.12352436060244168;0.12352436060244168;0.12352436060244168;0.12352436060244168;0.12352436060244168;0.12352436060244168;0.12352436060244168;0.12352436060244168;0.12352436060244168;0.12352436060244168;0.12352436060244168;0.12352436060244168;0.12352436060244168;0.12352436060244168;0.12352436060244168;0.12352436060244168;0.12352436060244168;0.12352436060244168;0.12352436060244168;0.12352436060244168;0.12352436060244168;0.12352436060244168;0.12352436060244168;0.12352436060244168;0.12352436060244168;0.12352436060244168;0.12352436060244168;0.12352436060244168;0.12352436060244168;0.12352436060244168;0.12352436060244168;0.12352436060244168;0.12352436060244168;0.12352436060244168;0.12352436060244168;0.12352436060244168;0.12352436060244168;0.12352436060244168;0.12352436060244168;0.12352436060244168;0.12352436060244168;0.12352436060244168;0.12352436060244168;0.12352436060244168;0.12352436060244168;0.12352436060244168;0.12352436060244168;0.12352436060244168;0.12352436060244168;0.12352436060244168;0.12352436060244168;0.12352436060244168;0.12352436060244168;0.12352436060244168;0.12352436060244168;0.12352436060244168;0.12352436060244168;0.12352436060244168;0.12352436060244168;0.12352436060244168;0.12352436060244168;0.12352436060244168;0.12352436060244168;0.12352436060244168;0.12352436060244168;0.12352436060244168
2;45;0.10518021922220139;0.10481315343708336;0.11301642587180165;0.11245272829323105;0.10769430571817498;0.11633308355205557;0.11845483869771639;0.11935070852633903;0.11967851398009963;0.11615139798665342;0.11567385440545042;0.12049659256803613;0.12971967856071887;0.12434074000838041;0.12051956097445213;0.12513556653057273;0.12782895011022505;0.12703020928454964;0.12243015049141627;0.12782895011022505;0.12782895011022505;0.12782895011022505;0.12782895011022505;0.12782895011022505;0.12782895011022505;0.12782895011022505;0.12782895011022505;0.12782895011022505;0.12782895011022505;0.12782895011022505;0.12782895011022505;0.12782895011022505;0.12782895011022505;0.12782895011022505;0.12782895011022505;0.12782895011022505;0.12782895011022505;0.12782895011022505;0.12782895011022505;0.12782895011022505;0.12782895011022505;0.12782895011022505;0.12782895011022505;0.12782895011022505;0.12782895011022505;0.12782895011022505;0.12782895011022505;0.12782895011022505;0.12782895011022505;0.12782895011022505;0.12782895011022505;0.12782895011022505;0.12782895011022505;0.12782895011022505;0.12782895011022505;0.12782895011022505;0.12782895011022505;0.12782895011022505;0.12782895011022505;0.12782895011022505;0.12782895011022505;0.12782895011022505;0.12782895011022505;0.12782895011022505;0.12782895011022505;0.12782895011022505;0.12782895011022505;0.12782895011022505;0.12782895011022505;0.12782895011022505;0.12782895011022505;0.12782895011022505;0.12782895011022505;0.12782895011022505;0.12782895011022505;0.12782895011022505;0.12782895011022505;0.12782895011022505;0.12782895011022505;0.12782895011022505;0.12782895011022505;0.12782895011022505;0.12782895011022505;0.12782895011022505;0.12782895011022505;0.12782895011022505;0.12782895011022505;0.12782895011022505;0.12782895011022505;0.12782895011022505;0.12782895011022505;0.12782895011022505;0.12782895011022505;0.12782895011022505;0.12782895011022505;0.12782895011022505;0.12782895011022505
2;46;0.10884508215779853;0.10847801637268051;0.11668128880739878;0.1161175912288282;0.11135916865377213;0.11999794648765272;0.12211970163331354;0.12301557146193617;0.12334337691569677;0.11981626092225056;0.11933871734104756;0.12416145550363328;0.133384541496316;0.12800560294397753;0.12418442391004927;0.12880042946616987;0.1314938130458222;0.13069507222014676;0.1260950134270134;0.1314938130458222;0.1314938130458222;0.1314938130458222;0.1314938130458222;0.1314938130458222;0.1314938130458222;0.1314938130458222;0.1314938130458222;0.1314938130458222;0.1314938130458222;0.1314938130458222;0.1314938130458222;0.1314938130458222;0.1314938130458222;0.1314938130458222;0.1314938130458222;0.1314938130458222;0.1314938130458222;0.1314938130458222;0.1314938130458222;0.1314938130458222;0.1314938130458222;0.1314938130458222;0.1314938130458222;0.1314938130458222;0.1314938130458222;0.1314938130458222;0.1314938130458222;0.1314938130458222;0.1314938130458222;0.1314938130458222;0.1314938130458222;0.1314938130458222;0.1314938130458222;0.1314938130458222;0.1314938130458222;0.1314938130458222;0.1314938130458222;0.1314938130458222;0.1314938130458222;0.1314938130458222;0.1314938130458222;0.1314938130458222;0.1314938130458222;0.1314938130458222;0.1314938130458222;0.1314938130458222;0.1314938130458222;0.1314938130458222;0.1314938130458222;0.1314938130458222;0.1314938130458222;0.1314938130458222;0.1314938130458222;0.1314938130458222;0.1314938130458222;0.1314938130458222;0.1314938130458222;0.1314938130458222;0.1314938130458222;0.1314938130458222;0.1314938130458222;0.1314938130458222;0.1314938130458222;0.1314938130458222;0.1314938130458222;0.1314938130458222;0.1314938130458222;0.1314938130458222;0.1314938130458222;0.1314938130458222;0.1314938130458222;0.1314938130458222;0.1314938130458222;0.1314938130458222;0.1314938130458222;0.1314938130458222;0.1314938130458222
2;47;0.11233634773877318;0.11196928195365516;0.12017255438837343;0.11960885680980284;0.11485043423474676;0.12348921206862735;0.12561096721428816;0.1265068370429108;0.12683464249667142;0.12330752650322518;0.12282998292202221;0.12765272108460793;0.13687580707729063;0.13149686852495218;0.1276756894910239;0.1322916950471445;0.13498507862679684;0.1341863378011214;0.12958627900798803;0.13498507862679684;0.13498507862679684;0.13498507862679684;0.13498507862679684;0.13498507862679684;0.13498507862679684;0.13498507862679684;0.13498507862679684;0.13498507862679684;0.13498507862679684;0.13498507862679684;0.13498507862679684;0.13498507862679684;0.13498507862679684;0.13498507862679684;0.13498507862679684;0.13498507862679684;0.13498507862679684;0.13498507862679684;0.13498507862679684;0.13498507862679684;0.13498507862679684;0.13498507862679684;0.13498507862679684;0.13498507862679684;0.13498507862679684;0.13498507862679684;0.13498507862679684;0.13498507862679684;0.13498507862679684;0.13498507862679684;0.13498507862679684;0.13498507862679684;0.13498507862679684;0.13498507862679684;0.13498507862679684;0.13498507862679684;0.13498507862679684;0.13498507862679684;0.13498507862679684;0.13498507862679684;0.13498507862679684;0.13498507862679684;0.13498507862679684;0.13498507862679684;0.13498507862679684;0.13498507862679684;0.13498507862679684;0.13498507862679684;0.13498507862679684;0.13498507862679684;0.13498507862679684;0.13498507862679684;0.13498507862679684;0.13498507862679684;0.13498507862679684;0.13498507862679684;0.13498507862679684;0.13498507862679684;0.13498507862679684;0.13498507862679684;0.13498507862679684;0.13498507862679684;0.13498507862679684;0.13498507862679684;0.13498507862679684;0.13498507862679684;0.13498507862679684;0.13498507862679684;0.13498507862679684;0.13498507862679684;0.13498507862679684;0.13498507862679684;0.13498507862679684;0.13498507862679684;0.13498507862679684;0.13498507862679684;0.13498507862679684
2;48;0.11612014518268904;0.11575307939757101;0.12395635183228929;0.12339265425371869;0.11863423167866262;0.12727300951254322;0.12939476465820404;0.13029063448682665;0.13061843994058728;0.12709132394714107;0.12661378036593807;0.13143651852852378;0.14065960452120652;0.13528066596886806;0.13145948693493975;0.13607549249106038;0.1387688760707127;0.1379701352450373;0.1333700764519039;0.1387688760707127;0.1387688760707127;0.1387688760707127;0.1387688760707127;0.1387688760707127;0.1387688760707127;0.1387688760707127;0.1387688760707127;0.1387688760707127;0.1387688760707127;0.1387688760707127;0.1387688760707127;0.1387688760707127;0.1387688760707127;0.1387688760707127;0.1387688760707127;0.1387688760707127;0.1387688760707127;0.1387688760707127;0.1387688760707127;0.1387688760707127;0.1387688760707127;0.1387688760707127;0.1387688760707127;0.1387688760707127;0.1387688760707127;0.1387688760707127;0.1387688760707127;0.1387688760707127;0.1387688760707127;0.1387688760707127;0.1387688760707127;0.1387688760707127;0.1387688760707127;0.1387688760707127;0.1387688760707127;0.1387688760707127;0.1387688760707127;0.1387688760707127;0.1387688760707127;0.1387688760707127;0.1387688760707127;0.1387688760707127;0.1387688760707127;0.1387688760707127;0.1387688760707127;0.1387688760707127;0.1387688760707127;0.1387688760707127;0.1387688760707127;0.1387688760707127;0.1387688760707127;0.1387688760707127;0.1387688760707127;0.1387688760707127;0.1387688760707127;0.1387688760707127;0.1387688760707127;0.1387688760707127;0.1387688760707127;0.1387688760707127;0.1387688760707127;0.1387688760707127;0.1387688760707127;0.1387688760707127;0.1387688760707127;0.1387688760707127;0.1387688760707127;0.1387688760707127;0.1387688760707127;0.1387688760707127;0.1387688760707127;0.1387688760707127;0.1387688760707127;0.1387688760707127;0.1387688760707127;0.1387688760707127;0.1387688760707127
2;49;0.12050238278444061;0.12013531699932259;0.12833858943404086;0.12777489185547028;0.12301646928041421;0.13165524711429483;0.1337770022599556;0.13467287208857825;0.13500067754233885;0.13147356154889261;0.13099601796768967;0.1358187561302754;0.14504184212295812;0.1396629035706196;0.13584172453669136;0.14045773009281196;0.1431511136724643;0.14235237284678887;0.13775231405365548;0.1431511136724643;0.1431511136724643;0.1431511136724643;0.1431511136724643;0.1431511136724643;0.1431511136724643;0.1431511136724643;0.1431511136724643;0.1431511136724643;0.1431511136724643;0.1431511136724643;0.1431511136724643;0.1431511136724643;0.1431511136724643;0.1431511136724643;0.1431511136724643;0.1431511136724643;0.1431511136724643;0.1431511136724643;0.1431511136724643;0.1431511136724643;0.1431511136724643;0.1431511136724643;0.1431511136724643;0.1431511136724643;0.1431511136724643;0.1431511136724643;0.1431511136724643;0.1431511136724643;0.1431511136724643;0.1431511136724643;0.1431511136724643;0.1431511136724643;0.1431511136724643;0.1431511136724643;0.1431511136724643;0.1431511136724643;0.1431511136724643;0.1431511136724643;0.1431511136724643;0.1431511136724643;0.1431511136724643;0.1431511136724643;0.1431511136724643;0.1431511136724643;0.1431511136724643;0.1431511136724643;0.1431511136724643;0.1431511136724643;0.1431511136724643;0.1431511136724643;0.1431511136724643;0.1431511136724643;0.1431511136724643;0.1431511136724643;0.1431511136724643;0.1431511136724643;0.1431511136724643;0.1431511136724643;0.1431511136724643;0.1431511136724643;0.1431511136724643;0.1431511136724643;0.1431511136724643;0.1431511136724643;0.1431511136724643;0.1431511136724643;0.1431511136724643;0.1431511136724643;0.1431511136724643;0.1431511136724643;0.1431511136724643;0.1431511136724643;0.1431511136724643;0.1431511136724643;0.1431511136724643;0.1431511136724643;0.1431511136724643
2;50;0.1251480851482454;0.12478101936312738;0.13298429179784566;0.13242059421927507;0.127662171644219;0.1363009494780996;0.13842270462376038;0.13931857445238305;0.13964637990614365;0.1361192639126974;0.13564172033149444;0.14046445849408018;0.14968754448676289;0.1443086059344244;0.14048742690049615;0.14510343245661672;0.1477968160362691;0.14699807521059366;0.14239801641746028;0.1477968160362691;0.1477968160362691;0.1477968160362691;0.1477968160362691;0.1477968160362691;0.1477968160362691;0.1477968160362691;0.1477968160362691;0.1477968160362691;0.1477968160362691;0.1477968160362691;0.1477968160362691;0.1477968160362691;0.1477968160362691;0.1477968160362691;0.1477968160362691;0.1477968160362691;0.1477968160362691;0.1477968160362691;0.1477968160362691;0.1477968160362691;0.1477968160362691;0.1477968160362691;0.1477968160362691;0.1477968160362691;0.1477968160362691;0.1477968160362691;0.1477968160362691;0.1477968160362691;0.1477968160362691;0.1477968160362691;0.1477968160362691;0.1477968160362691;0.1477968160362691;0.1477968160362691;0.1477968160362691;0.1477968160362691;0.1477968160362691;0.1477968160362691;0.1477968160362691;0.1477968160362691;0.1477968160362691;0.1477968160362691;0.1477968160362691;0.1477968160362691;0.1477968160362691;0.1477968160362691;0.1477968160362691;0.1477968160362691;0.1477968160362691;0.1477968160362691;0.1477968160362691;0.1477968160362691;0.1477968160362691;0.1477968160362691;0.1477968160362691;0.1477968160362691;0.1477968160362691;0.1477968160362691;0.1477968160362691;0.1477968160362691;0.1477968160362691;0.1477968160362691;0.1477968160362691;0.1477968160362691;0.1477968160362691;0.1477968160362691;0.1477968160362691;0.1477968160362691;0.1477968160362691;0.1477968160362691;0.1477968160362691;0.1477968160362691;0.1477968160362691;0.1477968160362691;0.1477968160362691;0.1477968160362691;0.1477968160362691
2;51;0.12956205595565165;0.12919499017053362;0.1373982626052519;0.13683456502668132;0.13207614245162524;0.14071492028550583;0.14283667543116665;0.1437325452597893;0.1440603507135499;0.14053323472010368;0.1400556911389007;0.14487842930148642;0.15410151529416913;0.14872257674183065;0.1449013977079024;0.149517403264023;0.15221078684367534;0.1514120460179999;0.14681198722486652;0.15221078684367534;0.15221078684367534;0.15221078684367534;0.15221078684367534;0.15221078684367534;0.15221078684367534;0.15221078684367534;0.15221078684367534;0.15221078684367534;0.15221078684367534;0.15221078684367534;0.15221078684367534;0.15221078684367534;0.15221078684367534;0.15221078684367534;0.15221078684367534;0.15221078684367534;0.15221078684367534;0.15221078684367534;0.15221078684367534;0.15221078684367534;0.15221078684367534;0.15221078684367534;0.15221078684367534;0.15221078684367534;0.15221078684367534;0.15221078684367534;0.15221078684367534;0.15221078684367534;0.15221078684367534;0.15221078684367534;0.15221078684367534;0.15221078684367534;0.15221078684367534;0.15221078684367534;0.15221078684367534;0.15221078684367534;0.15221078684367534;0.15221078684367534;0.15221078684367534;0.15221078684367534;0.15221078684367534;0.15221078684367534;0.15221078684367534;0.15221078684367534;0.15221078684367534;0.15221078684367534;0.15221078684367534;0.15221078684367534;0.15221078684367534;0.15221078684367534;0.15221078684367534;0.15221078684367534;0.15221078684367534;0.15221078684367534;0.15221078684367534;0.15221078684367534;0.15221078684367534;0.15221078684367534;0.15221078684367534;0.15221078684367534;0.15221078684367534;0.15221078684367534;0.15221078684367534;0.15221078684367534;0.15221078684367534;0.15221078684367534;0.15221078684367534;0.15221078684367534;0.15221078684367534;0.15221078684367534;0.15221078684367534;0.15221078684367534;0.15221078684367534;0.15221078684367534;0.15221078684367534;0.15221078684367534;0.15221078684367534
2;52;0.13324909888820763;0.1328820331030896;0.1410853055378079;0.1405216079592373;0.13576318538418125;0.1444019632180618;0.14652371836372263;0.1474195881923453;0.1477473936461059;0.14422027765265966;0.14374273407145666;0.14856547223404237;0.1577885582267251;0.15240961967438665;0.1485884406404584;0.15320444619657897;0.15589782977623132;0.15509908895055588;0.15049903015742253;0.15589782977623132;0.15589782977623132;0.15589782977623132;0.15589782977623132;0.15589782977623132;0.15589782977623132;0.15589782977623132;0.15589782977623132;0.15589782977623132;0.15589782977623132;0.15589782977623132;0.15589782977623132;0.15589782977623132;0.15589782977623132;0.15589782977623132;0.15589782977623132;0.15589782977623132;0.15589782977623132;0.15589782977623132;0.15589782977623132;0.15589782977623132;0.15589782977623132;0.15589782977623132;0.15589782977623132;0.15589782977623132;0.15589782977623132;0.15589782977623132;0.15589782977623132;0.15589782977623132;0.15589782977623132;0.15589782977623132;0.15589782977623132;0.15589782977623132;0.15589782977623132;0.15589782977623132;0.15589782977623132;0.15589782977623132;0.15589782977623132;0.15589782977623132;0.15589782977623132;0.15589782977623132;0.15589782977623132;0.15589782977623132;0.15589782977623132;0.15589782977623132;0.15589782977623132;0.15589782977623132;0.15589782977623132;0.15589782977623132;0.15589782977623132;0.15589782977623132;0.15589782977623132;0.15589782977623132;0.15589782977623132;0.15589782977623132;0.15589782977623132;0.15589782977623132;0.15589782977623132;0.15589782977623132;0.15589782977623132;0.15589782977623132;0.15589782977623132;0.15589782977623132;0.15589782977623132;0.15589782977623132;0.15589782977623132;0.15589782977623132;0.15589782977623132;0.15589782977623132;0.15589782977623132;0.15589782977623132;0.15589782977623132;0.15589782977623132;0.15589782977623132;0.15589782977623132;0.15589782977623132;0.15589782977623132;0.15589782977623132
2;53;0.1358181666748507;0.13545110088973267;0.14365437332445097;0.14309067574588036;0.1383322531708243;0.14697103100470488;0.1490927861503657;0.14998865597898833;0.15031646143274896;0.14678934543930272;0.14631180185809972;0.15113454002068544;0.16035762601336817;0.15497868746102972;0.15115750842710143;0.15577351398322203;0.15846689756287438;0.15766815673719894;0.15306809794406556;0.15846689756287438;0.15846689756287438;0.15846689756287438;0.15846689756287438;0.15846689756287438;0.15846689756287438;0.15846689756287438;0.15846689756287438;0.15846689756287438;0.15846689756287438;0.15846689756287438;0.15846689756287438;0.15846689756287438;0.15846689756287438;0.15846689756287438;0.15846689756287438;0.15846689756287438;0.15846689756287438;0.15846689756287438;0.15846689756287438;0.15846689756287438;0.15846689756287438;0.15846689756287438;0.15846689756287438;0.15846689756287438;0.15846689756287438;0.15846689756287438;0.15846689756287438;0.15846689756287438;0.15846689756287438;0.15846689756287438;0.15846689756287438;0.15846689756287438;0.15846689756287438;0.15846689756287438;0.15846689756287438;0.15846689756287438;0.15846689756287438;0.15846689756287438;0.15846689756287438;0.15846689756287438;0.15846689756287438;0.15846689756287438;0.15846689756287438;0.15846689756287438;0.15846689756287438;0.15846689756287438;0.15846689756287438;0.15846689756287438;0.15846689756287438;0.15846689756287438;0.15846689756287438;0.15846689756287438;0.15846689756287438;0.15846689756287438;0.15846689756287438;0.15846689756287438;0.15846689756287438;0.15846689756287438;0.15846689756287438;0.15846689756287438;0.15846689756287438;0.15846689756287438;0.15846689756287438;0.15846689756287438;0.15846689756287438;0.15846689756287438;0.15846689756287438;0.15846689756287438;0.15846689756287438;0.15846689756287438;0.15846689756287438;0.15846689756287438;0.15846689756287438;0.15846689756287438;0.15846689756287438;0.15846689756287438;0.15846689756287438
2;54;0.1372948082340747;0.13692774244895667;0.1451310148836749;0.14456731730510433;0.13980889473004826;0.14844767256392885;0.15056942770958967;0.1514652975382123;0.1517931029919729;0.1482659869985267;0.1477884434173237;0.1526111815799094;0.16183426757259214;0.1564553290202537;0.1526341499863254;0.157250155542446;0.15994353912209835;0.15914479829642292;0.15454473950328956;0.15994353912209835;0.15994353912209835;0.15994353912209835;0.15994353912209835;0.15994353912209835;0.15994353912209835;0.15994353912209835;0.15994353912209835;0.15994353912209835;0.15994353912209835;0.15994353912209835;0.15994353912209835;0.15994353912209835;0.15994353912209835;0.15994353912209835;0.15994353912209835;0.15994353912209835;0.15994353912209835;0.15994353912209835;0.15994353912209835;0.15994353912209835;0.15994353912209835;0.15994353912209835;0.15994353912209835;0.15994353912209835;0.15994353912209835;0.15994353912209835;0.15994353912209835;0.15994353912209835;0.15994353912209835;0.15994353912209835;0.15994353912209835;0.15994353912209835;0.15994353912209835;0.15994353912209835;0.15994353912209835;0.15994353912209835;0.15994353912209835;0.15994353912209835;0.15994353912209835;0.15994353912209835;0.15994353912209835;0.15994353912209835;0.15994353912209835;0.15994353912209835;0.15994353912209835;0.15994353912209835;0.15994353912209835;0.15994353912209835;0.15994353912209835;0.15994353912209835;0.15994353912209835;0.15994353912209835;0.15994353912209835;0.15994353912209835;0.15994353912209835;0.15994353912209835;0.15994353912209835;0.15994353912209835;0.15994353912209835;0.15994353912209835;0.15994353912209835;0.15994353912209835;0.15994353912209835;0.15994353912209835;0.15994353912209835;0.15994353912209835;0.15994353912209835;0.15994353912209835;0.15994353912209835;0.15994353912209835;0.15994353912209835;0.15994353912209835;0.15994353912209835;0.15994353912209835;0.15994353912209835;0.15994353912209835;0.15994353912209835
2;55;0.13780872153176246;0.13744165574664444;0.1456449281813627;0.1450812306027921;0.14032280802773606;0.14896158586161662;0.15108334100727744;0.1519792108359001;0.1523070162896607;0.14877990029621446;0.14830235671501146;0.15312509487759718;0.1623481808702799;0.15696924231794146;0.1531480632840132;0.15776406884013378;0.16045745241978612;0.15965871159411069;0.15505865280097733;0.16045745241978612;0.16045745241978612;0.16045745241978612;0.16045745241978612;0.16045745241978612;0.16045745241978612;0.16045745241978612;0.16045745241978612;0.16045745241978612;0.16045745241978612;0.16045745241978612;0.16045745241978612;0.16045745241978612;0.16045745241978612;0.16045745241978612;0.16045745241978612;0.16045745241978612;0.16045745241978612;0.16045745241978612;0.16045745241978612;0.16045745241978612;0.16045745241978612;0.16045745241978612;0.16045745241978612;0.16045745241978612;0.16045745241978612;0.16045745241978612;0.16045745241978612;0.16045745241978612;0.16045745241978612;0.16045745241978612;0.16045745241978612;0.16045745241978612;0.16045745241978612;0.16045745241978612;0.16045745241978612;0.16045745241978612;0.16045745241978612;0.16045745241978612;0.16045745241978612;0.16045745241978612;0.16045745241978612;0.16045745241978612;0.16045745241978612;0.16045745241978612;0.16045745241978612;0.16045745241978612;0.16045745241978612;0.16045745241978612;0.16045745241978612;0.16045745241978612;0.16045745241978612;0.16045745241978612;0.16045745241978612;0.16045745241978612;0.16045745241978612;0.16045745241978612;0.16045745241978612;0.16045745241978612;0.16045745241978612;0.16045745241978612;0.16045745241978612;0.16045745241978612;0.16045745241978612;0.16045745241978612;0.16045745241978612;0.16045745241978612;0.16045745241978612;0.16045745241978612;0.16045745241978612;0.16045745241978612;0.16045745241978612;0.16045745241978612;0.16045745241978612;0.16045745241978612;0.16045745241978612;0.16045745241978612;0.16045745241978612
2;56;0.13748960453379697;0.13712253874867894;0.1453258111833972;0.1447621136048266;0.14000369102977056;0.14864246886365112;0.15076422400931194;0.1516600938379346;0.1519878992916952;0.14846078329824897;0.14798323971704602;0.15280597787963174;0.16202906387231442;0.15665012531997596;0.1528289462860477;0.15744495184216828;0.16013833542182065;0.1593395945961452;0.15473953580301184;0.16013833542182065;0.16013833542182065;0.16013833542182065;0.16013833542182065;0.16013833542182065;0.16013833542182065;0.16013833542182065;0.16013833542182065;0.16013833542182065;0.16013833542182065;0.16013833542182065;0.16013833542182065;0.16013833542182065;0.16013833542182065;0.16013833542182065;0.16013833542182065;0.16013833542182065;0.16013833542182065;0.16013833542182065;0.16013833542182065;0.16013833542182065;0.16013833542182065;0.16013833542182065;0.16013833542182065;0.16013833542182065;0.16013833542182065;0.16013833542182065;0.16013833542182065;0.16013833542182065;0.16013833542182065;0.16013833542182065;0.16013833542182065;0.16013833542182065;0.16013833542182065;0.16013833542182065;0.16013833542182065;0.16013833542182065;0.16013833542182065;0.16013833542182065;0.16013833542182065;0.16013833542182065;0.16013833542182065;0.16013833542182065;0.16013833542182065;0.16013833542182065;0.16013833542182065;0.16013833542182065;0.16013833542182065;0.16013833542182065;0.16013833542182065;0.16013833542182065;0.16013833542182065;0.16013833542182065;0.16013833542182065;0.16013833542182065;0.16013833542182065;0.16013833542182065;0.16013833542182065;0.16013833542182065;0.16013833542182065;0.16013833542182065;0.16013833542182065;0.16013833542182065;0.16013833542182065;0.16013833542182065;0.16013833542182065;0.16013833542182065;0.16013833542182065;0.16013833542182065;0.16013833542182065;0.16013833542182065;0.16013833542182065;0.16013833542182065;0.16013833542182065;0.16013833542182065;0.16013833542182065;0.16013833542182065;0.16013833542182065
2;57;0.13652367923267156;0.13615661344755353;0.14435988588227183;0.14379618830370122;0.13903776572864515;0.14767654356252574;0.14979829870818656;0.1506941685368092;0.1510219739905698;0.14749485799712359;0.14701731441592059;0.1518400525785063;0.16106313857118904;0.15568420001885058;0.1518630209849223;0.1564790265410429;0.15917241012069522;0.1583736692950198;0.15377361050188643;0.15917241012069522;0.15917241012069522;0.15917241012069522;0.15917241012069522;0.15917241012069522;0.15917241012069522;0.15917241012069522;0.15917241012069522;0.15917241012069522;0.15917241012069522;0.15917241012069522;0.15917241012069522;0.15917241012069522;0.15917241012069522;0.15917241012069522;0.15917241012069522;0.15917241012069522;0.15917241012069522;0.15917241012069522;0.15917241012069522;0.15917241012069522;0.15917241012069522;0.15917241012069522;0.15917241012069522;0.15917241012069522;0.15917241012069522;0.15917241012069522;0.15917241012069522;0.15917241012069522;0.15917241012069522;0.15917241012069522;0.15917241012069522;0.15917241012069522;0.15917241012069522;0.15917241012069522;0.15917241012069522;0.15917241012069522;0.15917241012069522;0.15917241012069522;0.15917241012069522;0.15917241012069522;0.15917241012069522;0.15917241012069522;0.15917241012069522;0.15917241012069522;0.15917241012069522;0.15917241012069522;0.15917241012069522;0.15917241012069522;0.15917241012069522;0.15917241012069522;0.15917241012069522;0.15917241012069522;0.15917241012069522;0.15917241012069522;0.15917241012069522;0.15917241012069522;0.15917241012069522;0.15917241012069522;0.15917241012069522;0.15917241012069522;0.15917241012069522;0.15917241012069522;0.15917241012069522;0.15917241012069522;0.15917241012069522;0.15917241012069522;0.15917241012069522;0.15917241012069522;0.15917241012069522;0.15917241012069522;0.15917241012069522;0.15917241012069522;0.15917241012069522;0.15917241012069522;0.15917241012069522;0.15917241012069522;0.15917241012069522
2;58;0.13532326372732117;0.13495619794220315;0.14315947037692145;0.14259577279835084;0.13783735022329474;0.14647612805717536;0.14859788320283618;0.1494937530314588;0.1498215584852194;0.1462944424917732;0.1458168989105702;0.15063963707315592;0.15986272306583865;0.1544837845135002;0.1506626054795719;0.15527861103569252;0.15797199461534484;0.15717325378966943;0.15257319499653604;0.15797199461534484;0.15797199461534484;0.15797199461534484;0.15797199461534484;0.15797199461534484;0.15797199461534484;0.15797199461534484;0.15797199461534484;0.15797199461534484;0.15797199461534484;0.15797199461534484;0.15797199461534484;0.15797199461534484;0.15797199461534484;0.15797199461534484;0.15797199461534484;0.15797199461534484;0.15797199461534484;0.15797199461534484;0.15797199461534484;0.15797199461534484;0.15797199461534484;0.15797199461534484;0.15797199461534484;0.15797199461534484;0.15797199461534484;0.15797199461534484;0.15797199461534484;0.15797199461534484;0.15797199461534484;0.15797199461534484;0.15797199461534484;0.15797199461534484;0.15797199461534484;0.15797199461534484;0.15797199461534484;0.15797199461534484;0.15797199461534484;0.15797199461534484;0.15797199461534484;0.15797199461534484;0.15797199461534484;0.15797199461534484;0.15797199461534484;0.15797199461534484;0.15797199461534484;0.15797199461534484;0.15797199461534484;0.15797199461534484;0.15797199461534484;0.15797199461534484;0.15797199461534484;0.15797199461534484;0.15797199461534484;0.15797199461534484;0.15797199461534484;0.15797199461534484;0.15797199461534484;0.15797199461534484;0.15797199461534484;0.15797199461534484;0.15797199461534484;0.15797199461534484;0.15797199461534484;0.15797199461534484;0.15797199461534484;0.15797199461534484;0.15797199461534484;0.15797199461534484;0.15797199461534484;0.15797199461534484;0.15797199461534484;0.15797199461534484;0.15797199461534484;0.15797199461534484;0.15797199461534484;0.15797199461534484;0.15797199461534484
2;59;0.13435720014329122;0.1339901343581732;0.14219340679289144;0.14162970921432086;0.1368712866392648;0.14551006447314538;0.1476318196188062;0.14852768944742883;0.14885549490118943;0.14532837890774322;0.14485083532654025;0.14967357348912597;0.15889665948180867;0.15351772092947022;0.14969654189554193;0.15431254745166254;0.15700593103131488;0.15620719020563945;0.1516071314125061;0.15700593103131488;0.15700593103131488;0.15700593103131488;0.15700593103131488;0.15700593103131488;0.15700593103131488;0.15700593103131488;0.15700593103131488;0.15700593103131488;0.15700593103131488;0.15700593103131488;0.15700593103131488;0.15700593103131488;0.15700593103131488;0.15700593103131488;0.15700593103131488;0.15700593103131488;0.15700593103131488;0.15700593103131488;0.15700593103131488;0.15700593103131488;0.15700593103131488;0.15700593103131488;0.15700593103131488;0.15700593103131488;0.15700593103131488;0.15700593103131488;0.15700593103131488;0.15700593103131488;0.15700593103131488;0.15700593103131488;0.15700593103131488;0.15700593103131488;0.15700593103131488;0.15700593103131488;0.15700593103131488;0.15700593103131488;0.15700593103131488;0.15700593103131488;0.15700593103131488;0.15700593103131488;0.15700593103131488;0.15700593103131488;0.15700593103131488;0.15700593103131488;0.15700593103131488;0.15700593103131488;0.15700593103131488;0.15700593103131488;0.15700593103131488;0.15700593103131488;0.15700593103131488;0.15700593103131488;0.15700593103131488;0.15700593103131488;0.15700593103131488;0.15700593103131488;0.15700593103131488;0.15700593103131488;0.15700593103131488;0.15700593103131488;0.15700593103131488;0.15700593103131488;0.15700593103131488;0.15700593103131488;0.15700593103131488;0.15700593103131488;0.15700593103131488;0.15700593103131488;0.15700593103131488;0.15700593103131488;0.15700593103131488;0.15700593103131488;0.15700593103131488;0.15700593103131488;0.15700593103131488;0.15700593103131488;0.15700593103131488
2;60;0.134094330606127;0.13372726482100897;0.14193053725572724;0.14136683967715663;0.1366084171021006;0.14524719493598115;0.14736895008164197;0.1482648199102646;0.14859262536402523;0.145065509370579;0.144587965789376;0.1494107039519617;0.15863378994464444;0.153254851392306;0.1494336723583777;0.1540496779144983;0.15674306149415063;0.15594432066847522;0.15134426187534183;0.15674306149415063;0.15674306149415063;0.15674306149415063;0.15674306149415063;0.15674306149415063;0.15674306149415063;0.15674306149415063;0.15674306149415063;0.15674306149415063;0.15674306149415063;0.15674306149415063;0.15674306149415063;0.15674306149415063;0.15674306149415063;0.15674306149415063;0.15674306149415063;0.15674306149415063;0.15674306149415063;0.15674306149415063;0.15674306149415063;0.15674306149415063;0.15674306149415063;0.15674306149415063;0.15674306149415063;0.15674306149415063;0.15674306149415063;0.15674306149415063;0.15674306149415063;0.15674306149415063;0.15674306149415063;0.15674306149415063;0.15674306149415063;0.15674306149415063;0.15674306149415063;0.15674306149415063;0.15674306149415063;0.15674306149415063;0.15674306149415063;0.15674306149415063;0.15674306149415063;0.15674306149415063;0.15674306149415063;0.15674306149415063;0.15674306149415063;0.15674306149415063;0.15674306149415063;0.15674306149415063;0.15674306149415063;0.15674306149415063;0.15674306149415063;0.15674306149415063;0.15674306149415063;0.15674306149415063;0.15674306149415063;0.15674306149415063;0.15674306149415063;0.15674306149415063;0.15674306149415063;0.15674306149415063;0.15674306149415063;0.15674306149415063;0.15674306149415063;0.15674306149415063;0.15674306149415063;0.15674306149415063;0.15674306149415063;0.15674306149415063;0.15674306149415063;0.15674306149415063;0.15674306149415063;0.15674306149415063;0.15674306149415063;0.15674306149415063;0.15674306149415063;0.15674306149415063;0.15674306149415063;0.15674306149415063;0.15674306149415063
2;61;0.13480169007658246;0.13443462429146444;0.1426378967261827;0.1420741991476121;0.13731577657255606;0.14595455440643662;0.14807630955209744;0.1489721793807201;0.1492999848344807;0.14577286884103446;0.1452953252598315;0.1501180634224172;0.15934114941509991;0.15396221086276146;0.1501410318288332;0.15475703738495378;0.15745042096460612;0.1566516801389307;0.15205162134579733;0.15745042096460612;0.15745042096460612;0.15745042096460612;0.15745042096460612;0.15745042096460612;0.15745042096460612;0.15745042096460612;0.15745042096460612;0.15745042096460612;0.15745042096460612;0.15745042096460612;0.15745042096460612;0.15745042096460612;0.15745042096460612;0.15745042096460612;0.15745042096460612;0.15745042096460612;0.15745042096460612;0.15745042096460612;0.15745042096460612;0.15745042096460612;0.15745042096460612;0.15745042096460612;0.15745042096460612;0.15745042096460612;0.15745042096460612;0.15745042096460612;0.15745042096460612;0.15745042096460612;0.15745042096460612;0.15745042096460612;0.15745042096460612;0.15745042096460612;0.15745042096460612;0.15745042096460612;0.15745042096460612;0.15745042096460612;0.15745042096460612;0.15745042096460612;0.15745042096460612;0.15745042096460612;0.15745042096460612;0.15745042096460612;0.15745042096460612;0.15745042096460612;0.15745042096460612;0.15745042096460612;0.15745042096460612;0.15745042096460612;0.15745042096460612;0.15745042096460612;0.15745042096460612;0.15745042096460612;0.15745042096460612;0.15745042096460612;0.15745042096460612;0.15745042096460612;0.15745042096460612;0.15745042096460612;0.15745042096460612;0.15745042096460612;0.15745042096460612;0.15745042096460612;0.15745042096460612;0.15745042096460612;0.15745042096460612;0.15745042096460612;0.15745042096460612;0.15745042096460612;0.15745042096460612;0.15745042096460612;0.15745042096460612;0.15745042096460612;0.15745042096460612;0.15745042096460612;0.15745042096460612;0.15745042096460612;0.15745042096460612
2;62;0.13593908485624595;0.13557201907112792;0.1437752915058462;0.1432115939272756;0.13845317135221952;0.1470919491861001;0.14921370433176093;0.15010957416038356;0.15043737961414416;0.14691026362069795;0.14643272003949498;0.1512554582020807;0.1604785441947634;0.15509960564242495;0.15127842660849666;0.15589443216461726;0.1585878157442696;0.15778907491859417;0.15318901612546082;0.1585878157442696;0.1585878157442696;0.1585878157442696;0.1585878157442696;0.1585878157442696;0.1585878157442696;0.1585878157442696;0.1585878157442696;0.1585878157442696;0.1585878157442696;0.1585878157442696;0.1585878157442696;0.1585878157442696;0.1585878157442696;0.1585878157442696;0.1585878157442696;0.1585878157442696;0.1585878157442696;0.1585878157442696;0.1585878157442696;0.1585878157442696;0.1585878157442696;0.1585878157442696;0.1585878157442696;0.1585878157442696;0.1585878157442696;0.1585878157442696;0.1585878157442696;0.1585878157442696;0.1585878157442696;0.1585878157442696;0.1585878157442696;0.1585878157442696;0.1585878157442696;0.1585878157442696;0.1585878157442696;0.1585878157442696;0.1585878157442696;0.1585878157442696;0.1585878157442696;0.1585878157442696;0.1585878157442696;0.1585878157442696;0.1585878157442696;0.1585878157442696;0.1585878157442696;0.1585878157442696;0.1585878157442696;0.1585878157442696;0.1585878157442696;0.1585878157442696;0.1585878157442696;0.1585878157442696;0.1585878157442696;0.1585878157442696;0.1585878157442696;0.1585878157442696;0.1585878157442696;0.1585878157442696;0.1585878157442696;0.1585878157442696;0.1585878157442696;0.1585878157442696;0.1585878157442696;0.1585878157442696;0.1585878157442696;0.1585878157442696;0.1585878157442696;0.1585878157442696;0.1585878157442696;0.1585878157442696;0.1585878157442696;0.1585878157442696;0.1585878157442696;0.1585878157442696;0.1585878157442696;0.1585878157442696;0.1585878157442696
2;63;0.13676451408191423;0.1363974482967962;0.14460072073151448;0.14403702315294387;0.1392786005778878;0.14791737841176839;0.1500391335574292;0.15093500338605184;0.15126280883981247;0.14773569284636623;0.14725814926516323;0.15208088742774897;0.16130397342043168;0.15592503486809323;0.15210385583416494;0.15671986139028554;0.1594132449699379;0.15861450414426245;0.15401444535112907;0.1594132449699379;0.1594132449699379;0.1594132449699379;0.1594132449699379;0.1594132449699379;0.1594132449699379;0.1594132449699379;0.1594132449699379;0.1594132449699379;0.1594132449699379;0.1594132449699379;0.1594132449699379;0.1594132449699379;0.1594132449699379;0.1594132449699379;0.1594132449699379;0.1594132449699379;0.1594132449699379;0.1594132449699379;0.1594132449699379;0.1594132449699379;0.1594132449699379;0.1594132449699379;0.1594132449699379;0.1594132449699379;0.1594132449699379;0.1594132449699379;0.1594132449699379;0.1594132449699379;0.1594132449699379;0.1594132449699379;0.1594132449699379;0.1594132449699379;0.1594132449699379;0.1594132449699379;0.1594132449699379;0.1594132449699379;0.1594132449699379;0.1594132449699379;0.1594132449699379;0.1594132449699379;0.1594132449699379;0.1594132449699379;0.1594132449699379;0.1594132449699379;0.1594132449699379;0.1594132449699379;0.1594132449699379;0.1594132449699379;0.1594132449699379;0.1594132449699379;0.1594132449699379;0.1594132449699379;0.1594132449699379;0.1594132449699379;0.1594132449699379;0.1594132449699379;0.1594132449699379;0.1594132449699379;0.1594132449699379;0.1594132449699379;0.1594132449699379;0.1594132449699379;0.1594132449699379;0.1594132449699379;0.1594132449699379;0.1594132449699379;0.1594132449699379;0.1594132449699379;0.1594132449699379;0.1594132449699379;0.1594132449699379;0.1594132449699379;0.1594132449699379;0.1594132449699379;0.1594132449699379;0.1594132449699379;0.1594132449699379
2;64;0.13653597689038421;0.1361689111052662;0.14437218353998443;0.14380848596141385;0.13905006338635778;0.14768884122023837;0.1498105963658992;0.15070646619452183;0.15103427164828243;0.1475071556548362;0.14702961207363321;0.15185235023621893;0.16107543622890166;0.15569649767656318;0.15187531864263493;0.15649132419875553;0.15918470777840787;0.15838596695273244;0.15378590815959906;0.15918470777840787;0.15918470777840787;0.15918470777840787;0.15918470777840787;0.15918470777840787;0.15918470777840787;0.15918470777840787;0.15918470777840787;0.15918470777840787;0.15918470777840787;0.15918470777840787;0.15918470777840787;0.15918470777840787;0.15918470777840787;0.15918470777840787;0.15918470777840787;0.15918470777840787;0.15918470777840787;0.15918470777840787;0.15918470777840787;0.15918470777840787;0.15918470777840787;0.15918470777840787;0.15918470777840787;0.15918470777840787;0.15918470777840787;0.15918470777840787;0.15918470777840787;0.15918470777840787;0.15918470777840787;0.15918470777840787;0.15918470777840787;0.15918470777840787;0.15918470777840787;0.15918470777840787;0.15918470777840787;0.15918470777840787;0.15918470777840787;0.15918470777840787;0.15918470777840787;0.15918470777840787;0.15918470777840787;0.15918470777840787;0.15918470777840787;0.15918470777840787;0.15918470777840787;0.15918470777840787;0.15918470777840787;0.15918470777840787;0.15918470777840787;0.15918470777840787;0.15918470777840787;0.15918470777840787;0.15918470777840787;0.15918470777840787;0.15918470777840787;0.15918470777840787;0.15918470777840787;0.15918470777840787;0.15918470777840787;0.15918470777840787;0.15918470777840787;0.15918470777840787;0.15918470777840787;0.15918470777840787;0.15918470777840787;0.15918470777840787;0.15918470777840787;0.15918470777840787;0.15918470777840787;0.15918470777840787;0.15918470777840787;0.15918470777840787;0.15918470777840787;0.15918470777840787;0.15918470777840787;0.15918470777840787;0.15918470777840787
2;65;0.13470683468760172;0.1343397689024837;0.14254304133720197;0.14197934375863136;0.13722092118357532;0.14585969901745588;0.1479814541631167;0.14887732399173936;0.14920512944549996;0.14567801345205372;0.14520046987085075;0.15002320803343647;0.15924629402611917;0.15386735547378072;0.15004617643985246;0.15466218199597304;0.15735556557562538;0.15655682474994995;0.1519567659568166;0.15735556557562538;0.15735556557562538;0.15735556557562538;0.15735556557562538;0.15735556557562538;0.15735556557562538;0.15735556557562538;0.15735556557562538;0.15735556557562538;0.15735556557562538;0.15735556557562538;0.15735556557562538;0.15735556557562538;0.15735556557562538;0.15735556557562538;0.15735556557562538;0.15735556557562538;0.15735556557562538;0.15735556557562538;0.15735556557562538;0.15735556557562538;0.15735556557562538;0.15735556557562538;0.15735556557562538;0.15735556557562538;0.15735556557562538;0.15735556557562538;0.15735556557562538;0.15735556557562538;0.15735556557562538;0.15735556557562538;0.15735556557562538;0.15735556557562538;0.15735556557562538;0.15735556557562538;0.15735556557562538;0.15735556557562538;0.15735556557562538;0.15735556557562538;0.15735556557562538;0.15735556557562538;0.15735556557562538;0.15735556557562538;0.15735556557562538;0.15735556557562538;0.15735556557562538;0.15735556557562538;0.15735556557562538;0.15735556557562538;0.15735556557562538;0.15735556557562538;0.15735556557562538;0.15735556557562538;0.15735556557562538;0.15735556557562538;0.15735556557562538;0.15735556557562538;0.15735556557562538;0.15735556557562538;0.15735556557562538;0.15735556557562538;0.15735556557562538;0.15735556557562538;0.15735556557562538;0.15735556557562538;0.15735556557562538;0.15735556557562538;0.15735556557562538;0.15735556557562538;0.15735556557562538;0.15735556557562538;0.15735556557562538;0.15735556557562538;0.15735556557562538;0.15735556557562538;0.15735556557562538;0.15735556557562538;0.15735556557562538
2;66;0.13151189795610857;0.13114483217099054;0.13934810460570884;0.13878440702713823;0.13402598445208216;0.14266476228596275;0.14478651743162357;0.14568238726024618;0.1460101927140068;0.1424830767205606;0.1420055331393576;0.14682827130194331;0.15605135729462605;0.1506724187422876;0.14685123970835928;0.1514672452644799;0.15416062884413223;0.15336188801845682;0.14876182922532344;0.15416062884413223;0.15416062884413223;0.15416062884413223;0.15416062884413223;0.15416062884413223;0.15416062884413223;0.15416062884413223;0.15416062884413223;0.15416062884413223;0.15416062884413223;0.15416062884413223;0.15416062884413223;0.15416062884413223;0.15416062884413223;0.15416062884413223;0.15416062884413223;0.15416062884413223;0.15416062884413223;0.15416062884413223;0.15416062884413223;0.15416062884413223;0.15416062884413223;0.15416062884413223;0.15416062884413223;0.15416062884413223;0.15416062884413223;0.15416062884413223;0.15416062884413223;0.15416062884413223;0.15416062884413223;0.15416062884413223;0.15416062884413223;0.15416062884413223;0.15416062884413223;0.15416062884413223;0.15416062884413223;0.15416062884413223;0.15416062884413223;0.15416062884413223;0.15416062884413223;0.15416062884413223;0.15416062884413223;0.15416062884413223;0.15416062884413223;0.15416062884413223;0.15416062884413223;0.15416062884413223;0.15416062884413223;0.15416062884413223;0.15416062884413223;0.15416062884413223;0.15416062884413223;0.15416062884413223;0.15416062884413223;0.15416062884413223;0.15416062884413223;0.15416062884413223;0.15416062884413223;0.15416062884413223;0.15416062884413223;0.15416062884413223;0.15416062884413223;0.15416062884413223;0.15416062884413223;0.15416062884413223;0.15416062884413223;0.15416062884413223;0.15416062884413223;0.15416062884413223;0.15416062884413223;0.15416062884413223;0.15416062884413223;0.15416062884413223;0.15416062884413223;0.15416062884413223;0.15416062884413223;0.15416062884413223;0.15416062884413223
2;67;0.12738133944759567;0.12701427366247764;0.1352175460971959;0.13465384851862533;0.12989542594356923;0.13853420377744985;0.14065595892311067;0.14155182875173328;0.14187963420549388;0.13835251821204766;0.1378749746308447;0.1426977127934304;0.15192079878611314;0.14654186023377466;0.14272068119984638;0.147336686755967;0.15003007033561933;0.1492313295099439;0.14463127071681053;0.15003007033561933;0.15003007033561933;0.15003007033561933;0.15003007033561933;0.15003007033561933;0.15003007033561933;0.15003007033561933;0.15003007033561933;0.15003007033561933;0.15003007033561933;0.15003007033561933;0.15003007033561933;0.15003007033561933;0.15003007033561933;0.15003007033561933;0.15003007033561933;0.15003007033561933;0.15003007033561933;0.15003007033561933;0.15003007033561933;0.15003007033561933;0.15003007033561933;0.15003007033561933;0.15003007033561933;0.15003007033561933;0.15003007033561933;0.15003007033561933;0.15003007033561933;0.15003007033561933;0.15003007033561933;0.15003007033561933;0.15003007033561933;0.15003007033561933;0.15003007033561933;0.15003007033561933;0.15003007033561933;0.15003007033561933;0.15003007033561933;0.15003007033561933;0.15003007033561933;0.15003007033561933;0.15003007033561933;0.15003007033561933;0.15003007033561933;0.15003007033561933;0.15003007033561933;0.15003007033561933;0.15003007033561933;0.15003007033561933;0.15003007033561933;0.15003007033561933;0.15003007033561933;0.15003007033561933;0.15003007033561933;0.15003007033561933;0.15003007033561933;0.15003007033561933;0.15003007033561933;0.15003007033561933;0.15003007033561933;0.15003007033561933;0.15003007033561933;0.15003007033561933;0.15003007033561933;0.15003007033561933;0.15003007033561933;0.15003007033561933;0.15003007033561933;0.15003007033561933;0.15003007033561933;0.15003007033561933;0.15003007033561933;0.15003007033561933;0.15003007033561933;0.15003007033561933;0.15003007033561933;0.15003007033561933;0.15003007033561933
2;68;0.12274533191375377;0.12237826612863574;0.13058153856335403;0.13001784098478342;0.12525941840972735;0.13389819624360794;0.13601995138926876;0.13691582121789136;0.137243626671652;0.13371651067820578;0.13323896709700278;0.1380617052595885;0.14728479125227123;0.14190585269993278;0.13808467366600446;0.1427006792221251;0.1453940628017774;0.144595321976102;0.13999526318296862;0.1453940628017774;0.1453940628017774;0.1453940628017774;0.1453940628017774;0.1453940628017774;0.1453940628017774;0.1453940628017774;0.1453940628017774;0.1453940628017774;0.1453940628017774;0.1453940628017774;0.1453940628017774;0.1453940628017774;0.1453940628017774;0.1453940628017774;0.1453940628017774;0.1453940628017774;0.1453940628017774;0.1453940628017774;0.1453940628017774;0.1453940628017774;0.1453940628017774;0.1453940628017774;0.1453940628017774;0.1453940628017774;0.1453940628017774;0.1453940628017774;0.1453940628017774;0.1453940628017774;0.1453940628017774;0.1453940628017774;0.1453940628017774;0.1453940628017774;0.1453940628017774;0.1453940628017774;0.1453940628017774;0.1453940628017774;0.1453940628017774;0.1453940628017774;0.1453940628017774;0.1453940628017774;0.1453940628017774;0.1453940628017774;0.1453940628017774;0.1453940628017774;0.1453940628017774;0.1453940628017774;0.1453940628017774;0.1453940628017774;0.1453940628017774;0.1453940628017774;0.1453940628017774;0.1453940628017774;0.1453940628017774;0.1453940628017774;0.1453940628017774;0.1453940628017774;0.1453940628017774;0.1453940628017774;0.1453940628017774;0.1453940628017774;0.1453940628017774;0.1453940628017774;0.1453940628017774;0.1453940628017774;0.1453940628017774;0.1453940628017774;0.1453940628017774;0.1453940628017774;0.1453940628017774;0.1453940628017774;0.1453940628017774;0.1453940628017774;0.1453940628017774;0.1453940628017774;0.1453940628017774;0.1453940628017774;0.1453940628017774
2;69;0.11796173026256576;0.11759466447744774;0.125797936912166;0.1252342393335954;0.12047581675853934;0.12911459459241992;0.13123634973808077;0.1321322195667034;0.132460025020464;0.12893290902701776;0.1284553654458148;0.1332781036084005;0.14250118960108324;0.13712225104874476;0.1333010720148165;0.1379170775709371;0.14061046115058942;0.139811720324914;0.13521166153178063;0.14061046115058942;0.14061046115058942;0.14061046115058942;0.14061046115058942;0.14061046115058942;0.14061046115058942;0.14061046115058942;0.14061046115058942;0.14061046115058942;0.14061046115058942;0.14061046115058942;0.14061046115058942;0.14061046115058942;0.14061046115058942;0.14061046115058942;0.14061046115058942;0.14061046115058942;0.14061046115058942;0.14061046115058942;0.14061046115058942;0.14061046115058942;0.14061046115058942;0.14061046115058942;0.14061046115058942;0.14061046115058942;0.14061046115058942;0.14061046115058942;0.14061046115058942;0.14061046115058942;0.14061046115058942;0.14061046115058942;0.14061046115058942;0.14061046115058942;0.14061046115058942;0.14061046115058942;0.14061046115058942;0.14061046115058942;0.14061046115058942;0.14061046115058942;0.14061046115058942;0.14061046115058942;0.14061046115058942;0.14061046115058942;0.14061046115058942;0.14061046115058942;0.14061046115058942;0.14061046115058942;0.14061046115058942;0.14061046115058942;0.14061046115058942;0.14061046115058942;0.14061046115058942;0.14061046115058942;0.14061046115058942;0.14061046115058942;0.14061046115058942;0.14061046115058942;0.14061046115058942;0.14061046115058942;0.14061046115058942;0.14061046115058942;0.14061046115058942;0.14061046115058942;0.14061046115058942;0.14061046115058942;0.14061046115058942;0.14061046115058942;0.14061046115058942;0.14061046115058942;0.14061046115058942;0.14061046115058942;0.14061046115058942;0.14061046115058942;0.14061046115058942;0.14061046115058942;0.14061046115058942;0.14061046115058942;0.14061046115058942
2;70;0.11309911802718298;0.11273205224206495;0.12093532467678322;0.12037162709821264;0.11561320452315656;0.12425198235703716;0.12637373750269798;0.1272696073313206;0.12759741278508122;0.12407029679163499;0.123592753210432;0.12841549137301772;0.13763857736570045;0.13225963881336197;0.1284384597794337;0.13305446533555432;0.13574784891520664;0.1349491080895312;0.13034904929639785;0.13574784891520664;0.13574784891520664;0.13574784891520664;0.13574784891520664;0.13574784891520664;0.13574784891520664;0.13574784891520664;0.13574784891520664;0.13574784891520664;0.13574784891520664;0.13574784891520664;0.13574784891520664;0.13574784891520664;0.13574784891520664;0.13574784891520664;0.13574784891520664;0.13574784891520664;0.13574784891520664;0.13574784891520664;0.13574784891520664;0.13574784891520664;0.13574784891520664;0.13574784891520664;0.13574784891520664;0.13574784891520664;0.13574784891520664;0.13574784891520664;0.13574784891520664;0.13574784891520664;0.13574784891520664;0.13574784891520664;0.13574784891520664;0.13574784891520664;0.13574784891520664;0.13574784891520664;0.13574784891520664;0.13574784891520664;0.13574784891520664;0.13574784891520664;0.13574784891520664;0.13574784891520664;0.13574784891520664;0.13574784891520664;0.13574784891520664;0.13574784891520664;0.13574784891520664;0.13574784891520664;0.13574784891520664;0.13574784891520664;0.13574784891520664;0.13574784891520664;0.13574784891520664;0.13574784891520664;0.13574784891520664;0.13574784891520664;0.13574784891520664;0.13574784891520664;0.13574784891520664;0.13574784891520664;0.13574784891520664;0.13574784891520664;0.13574784891520664;0.13574784891520664;0.13574784891520664;0.13574784891520664;0.13574784891520664;0.13574784891520664;0.13574784891520664;0.13574784891520664;0.13574784891520664;0.13574784891520664;0.13574784891520664;0.13574784891520664;0.13574784891520664;0.13574784891520664;0.13574784891520664;0.13574784891520664;0.13574784891520664
2;71;0.1081537608970487;0.10778669511193067;0.11598996754664895;0.11542626996807835;0.11066784739302228;0.11930662522690287;0.12142838037256369;0.12232425020118633;0.12265205565494693;0.11912493966150071;0.11864739608029773;0.12347013424288344;0.13269322023556618;0.1273142816832277;0.12349310264929943;0.12810910820542004;0.13080249178507236;0.13000375095939692;0.12540369216626357;0.13080249178507236;0.13080249178507236;0.13080249178507236;0.13080249178507236;0.13080249178507236;0.13080249178507236;0.13080249178507236;0.13080249178507236;0.13080249178507236;0.13080249178507236;0.13080249178507236;0.13080249178507236;0.13080249178507236;0.13080249178507236;0.13080249178507236;0.13080249178507236;0.13080249178507236;0.13080249178507236;0.13080249178507236;0.13080249178507236;0.13080249178507236;0.13080249178507236;0.13080249178507236;0.13080249178507236;0.13080249178507236;0.13080249178507236;0.13080249178507236;0.13080249178507236;0.13080249178507236;0.13080249178507236;0.13080249178507236;0.13080249178507236;0.13080249178507236;0.13080249178507236;0.13080249178507236;0.13080249178507236;0.13080249178507236;0.13080249178507236;0.13080249178507236;0.13080249178507236;0.13080249178507236;0.13080249178507236;0.13080249178507236;0.13080249178507236;0.13080249178507236;0.13080249178507236;0.13080249178507236;0.13080249178507236;0.13080249178507236;0.13080249178507236;0.13080249178507236;0.13080249178507236;0.13080249178507236;0.13080249178507236;0.13080249178507236;0.13080249178507236;0.13080249178507236;0.13080249178507236;0.13080249178507236;0.13080249178507236;0.13080249178507236;0.13080249178507236;0.13080249178507236;0.13080249178507236;0.13080249178507236;0.13080249178507236;0.13080249178507236;0.13080249178507236;0.13080249178507236;0.13080249178507236;0.13080249178507236;0.13080249178507236;0.13080249178507236;0.13080249178507236;0.13080249178507236;0.13080249178507236;0.13080249178507236;0.13080249178507236
2;72;0.10312192456160632;0.1027548587764883;0.11095813121120657;0.11039443363263599;0.10563601105757991;0.1142747888914605;0.11639654403712132;0.11729241386574396;0.11762021931950456;0.11409310332605835;0.11361555974485535;0.11843829790744106;0.1276613839001238;0.12228244534778533;0.11846126631385706;0.12307727186997766;0.12577065544962998;0.12497191462395457;0.12037185583082119;0.12577065544962998;0.12577065544962998;0.12577065544962998;0.12577065544962998;0.12577065544962998;0.12577065544962998;0.12577065544962998;0.12577065544962998;0.12577065544962998;0.12577065544962998;0.12577065544962998;0.12577065544962998;0.12577065544962998;0.12577065544962998;0.12577065544962998;0.12577065544962998;0.12577065544962998;0.12577065544962998;0.12577065544962998;0.12577065544962998;0.12577065544962998;0.12577065544962998;0.12577065544962998;0.12577065544962998;0.12577065544962998;0.12577065544962998;0.12577065544962998;0.12577065544962998;0.12577065544962998;0.12577065544962998;0.12577065544962998;0.12577065544962998;0.12577065544962998;0.12577065544962998;0.12577065544962998;0.12577065544962998;0.12577065544962998;0.12577065544962998;0.12577065544962998;0.12577065544962998;0.12577065544962998;0.12577065544962998;0.12577065544962998;0.12577065544962998;0.12577065544962998;0.12577065544962998;0.12577065544962998;0.12577065544962998;0.12577065544962998;0.12577065544962998;0.12577065544962998;0.12577065544962998;0.12577065544962998;0.12577065544962998;0.12577065544962998;0.12577065544962998;0.12577065544962998;0.12577065544962998;0.12577065544962998;0.12577065544962998;0.12577065544962998;0.12577065544962998;0.12577065544962998;0.12577065544962998;0.12577065544962998;0.12577065544962998;0.12577065544962998;0.12577065544962998;0.12577065544962998;0.12577065544962998;0.12577065544962998;0.12577065544962998;0.12577065544962998;0.12577065544962998;0.12577065544962998;0.12577065544962998;0.12577065544962998;0.12577065544962998
2;73;0.09796224053155202;0.09759517474643399;0.10579844718115226;0.10523474960258167;0.1004763270275256;0.10911510486140619;0.111236860007067;0.11213272983568964;0.11246053528945024;0.10893341929600403;0.10845587571480104;0.11327861387738676;0.12250169987006948;0.11712276131773103;0.11330158228380274;0.11791758783992334;0.12061097141957568;0.11981223059390025;0.11521217180076689;0.12061097141957568;0.12061097141957568;0.12061097141957568;0.12061097141957568;0.12061097141957568;0.12061097141957568;0.12061097141957568;0.12061097141957568;0.12061097141957568;0.12061097141957568;0.12061097141957568;0.12061097141957568;0.12061097141957568;0.12061097141957568;0.12061097141957568;0.12061097141957568;0.12061097141957568;0.12061097141957568;0.12061097141957568;0.12061097141957568;0.12061097141957568;0.12061097141957568;0.12061097141957568;0.12061097141957568;0.12061097141957568;0.12061097141957568;0.12061097141957568;0.12061097141957568;0.12061097141957568;0.12061097141957568;0.12061097141957568;0.12061097141957568;0.12061097141957568;0.12061097141957568;0.12061097141957568;0.12061097141957568;0.12061097141957568;0.12061097141957568;0.12061097141957568;0.12061097141957568;0.12061097141957568;0.12061097141957568;0.12061097141957568;0.12061097141957568;0.12061097141957568;0.12061097141957568;0.12061097141957568;0.12061097141957568;0.12061097141957568;0.12061097141957568;0.12061097141957568;0.12061097141957568;0.12061097141957568;0.12061097141957568;0.12061097141957568;0.12061097141957568;0.12061097141957568;0.12061097141957568;0.12061097141957568;0.12061097141957568;0.12061097141957568;0.12061097141957568;0.12061097141957568;0.12061097141957568;0.12061097141957568;0.12061097141957568;0.12061097141957568;0.12061097141957568;0.12061097141957568;0.12061097141957568;0.12061097141957568;0.12061097141957568;0.12061097141957568;0.12061097141957568;0.12061097141957568;0.12061097141957568;0.12061097141957568;0.12061097141957568
2;74;0.09248280360259356;0.09211573781747553;0.10031901025219381;0.09975531267362321;0.09499689009856714;0.10363566793244774;0.10575742307810855;0.10665329290673119;0.1069810983604918;0.10345398236704557;0.10297643878584259;0.1077991769484283;0.11702226294111104;0.11164332438877256;0.10782214535484429;0.11243815091096489;0.11513153449061722;0.1143327936649418;0.10973273487180843;0.11513153449061722;0.11513153449061722;0.11513153449061722;0.11513153449061722;0.11513153449061722;0.11513153449061722;0.11513153449061722;0.11513153449061722;0.11513153449061722;0.11513153449061722;0.11513153449061722;0.11513153449061722;0.11513153449061722;0.11513153449061722;0.11513153449061722;0.11513153449061722;0.11513153449061722;0.11513153449061722;0.11513153449061722;0.11513153449061722;0.11513153449061722;0.11513153449061722;0.11513153449061722;0.11513153449061722;0.11513153449061722;0.11513153449061722;0.11513153449061722;0.11513153449061722;0.11513153449061722;0.11513153449061722;0.11513153449061722;0.11513153449061722;0.11513153449061722;0.11513153449061722;0.11513153449061722;0.11513153449061722;0.11513153449061722;0.11513153449061722;0.11513153449061722;0.11513153449061722;0.11513153449061722;0.11513153449061722;0.11513153449061722;0.11513153449061722;0.11513153449061722;0.11513153449061722;0.11513153449061722;0.11513153449061722;0.11513153449061722;0.11513153449061722;0.11513153449061722;0.11513153449061722;0.11513153449061722;0.11513153449061722;0.11513153449061722;0.11513153449061722;0.11513153449061722;0.11513153449061722;0.11513153449061722;0.11513153449061722;0.11513153449061722;0.11513153449061722;0.11513153449061722;0.11513153449061722;0.11513153449061722;0.11513153449061722;0.11513153449061722;0.11513153449061722;0.11513153449061722;0.11513153449061722;0.11513153449061722;0.11513153449061722;0.11513153449061722;0.11513153449061722;0.11513153449061722;0.11513153449061722;0.11513153449061722;0.11513153449061722
2;75;0.08645407439169146;0.08608700860657344;0.09429028104129171;0.09372658346272111;0.08896816088766504;0.09760693872154563;0.09972869386720645;0.10062456369582909;0.10095236914958969;0.09742525315614348;0.09694770957494049;0.1017704477375262;0.11099353373020893;0.10561459517787047;0.10179341614394219;0.10640942170006279;0.10910280527971514;0.1083040644540397;0.10370400566090633;0.10910280527971514;0.10910280527971514;0.10910280527971514;0.10910280527971514;0.10910280527971514;0.10910280527971514;0.10910280527971514;0.10910280527971514;0.10910280527971514;0.10910280527971514;0.10910280527971514;0.10910280527971514;0.10910280527971514;0.10910280527971514;0.10910280527971514;0.10910280527971514;0.10910280527971514;0.10910280527971514;0.10910280527971514;0.10910280527971514;0.10910280527971514;0.10910280527971514;0.10910280527971514;0.10910280527971514;0.10910280527971514;0.10910280527971514;0.10910280527971514;0.10910280527971514;0.10910280527971514;0.10910280527971514;0.10910280527971514;0.10910280527971514;0.10910280527971514;0.10910280527971514;0.10910280527971514;0.10910280527971514;0.10910280527971514;0.10910280527971514;0.10910280527971514;0.10910280527971514;0.10910280527971514;0.10910280527971514;0.10910280527971514;0.10910280527971514;0.10910280527971514;0.10910280527971514;0.10910280527971514;0.10910280527971514;0.10910280527971514;0.10910280527971514;0.10910280527971514;0.10910280527971514;0.10910280527971514;0.10910280527971514;0.10910280527971514;0.10910280527971514;0.10910280527971514;0.10910280527971514;0.10910280527971514;0.10910280527971514;0.10910280527971514;0.10910280527971514;0.10910280527971514;0.10910280527971514;0.10910280527971514;0.10910280527971514;0.10910280527971514;0.10910280527971514;0.10910280527971514;0.10910280527971514;0.10910280527971514;0.10910280527971514;0.10910280527971514;0.10910280527971514;0.10910280527971514;0.10910280527971514;0.10910280527971514;0.10910280527971514
2;76;0.07964651351580643;0.0792794477306884;0.08748272016540667;0.08691902258683608;0.08216060001178001;0.0907993778456606;0.0929211329913214;0.09381700281994404;0.09414480827370465;0.09061769228025843;0.09014014869905546;0.09496288686164117;0.1041859728543239;0.09880703430198542;0.09498585526805714;0.09960186082417774;0.10229524440383009;0.10149650357815466;0.09689644478502128;0.10229524440383009;0.10229524440383009;0.10229524440383009;0.10229524440383009;0.10229524440383009;0.10229524440383009;0.10229524440383009;0.10229524440383009;0.10229524440383009;0.10229524440383009;0.10229524440383009;0.10229524440383009;0.10229524440383009;0.10229524440383009;0.10229524440383009;0.10229524440383009;0.10229524440383009;0.10229524440383009;0.10229524440383009;0.10229524440383009;0.10229524440383009;0.10229524440383009;0.10229524440383009;0.10229524440383009;0.10229524440383009;0.10229524440383009;0.10229524440383009;0.10229524440383009;0.10229524440383009;0.10229524440383009;0.10229524440383009;0.10229524440383009;0.10229524440383009;0.10229524440383009;0.10229524440383009;0.10229524440383009;0.10229524440383009;0.10229524440383009;0.10229524440383009;0.10229524440383009;0.10229524440383009;0.10229524440383009;0.10229524440383009;0.10229524440383009;0.10229524440383009;0.10229524440383009;0.10229524440383009;0.10229524440383009;0.10229524440383009;0.10229524440383009;0.10229524440383009;0.10229524440383009;0.10229524440383009;0.10229524440383009;0.10229524440383009;0.10229524440383009;0.10229524440383009;0.10229524440383009;0.10229524440383009;0.10229524440383009;0.10229524440383009;0.10229524440383009;0.10229524440383009;0.10229524440383009;0.10229524440383009;0.10229524440383009;0.10229524440383009;0.10229524440383009;0.10229524440383009;0.10229524440383009;0.10229524440383009;0.10229524440383009;0.10229524440383009;0.10229524440383009;0.10229524440383009;0.10229524440383009;0.10229524440383009;0.10229524440383009
2;77;0.07195448499050802;0.07158741920539;0.07979069164010827;0.07922699406153767;0.0744685714864816;0.0831073493203622;0.08522910446602301;0.08612497429464565;0.08645277974840626;0.08292566375496004;0.08244812017375705;0.08727085833634277;0.09649394432902549;0.09111500577668703;0.08729382674275875;0.09190983229887935;0.09460321587853168;0.09380447505285626;0.08920441625972289;0.09460321587853168;0.09460321587853168;0.09460321587853168;0.09460321587853168;0.09460321587853168;0.09460321587853168;0.09460321587853168;0.09460321587853168;0.09460321587853168;0.09460321587853168;0.09460321587853168;0.09460321587853168;0.09460321587853168;0.09460321587853168;0.09460321587853168;0.09460321587853168;0.09460321587853168;0.09460321587853168;0.09460321587853168;0.09460321587853168;0.09460321587853168;0.09460321587853168;0.09460321587853168;0.09460321587853168;0.09460321587853168;0.09460321587853168;0.09460321587853168;0.09460321587853168;0.09460321587853168;0.09460321587853168;0.09460321587853168;0.09460321587853168;0.09460321587853168;0.09460321587853168;0.09460321587853168;0.09460321587853168;0.09460321587853168;0.09460321587853168;0.09460321587853168;0.09460321587853168;0.09460321587853168;0.09460321587853168;0.09460321587853168;0.09460321587853168;0.09460321587853168;0.09460321587853168;0.09460321587853168;0.09460321587853168;0.09460321587853168;0.09460321587853168;0.09460321587853168;0.09460321587853168;0.09460321587853168;0.09460321587853168;0.09460321587853168;0.09460321587853168;0.09460321587853168;0.09460321587853168;0.09460321587853168;0.09460321587853168;0.09460321587853168;0.09460321587853168;0.09460321587853168;0.09460321587853168;0.09460321587853168;0.09460321587853168;0.09460321587853168;0.09460321587853168;0.09460321587853168;0.09460321587853168;0.09460321587853168;0.09460321587853168;0.09460321587853168;0.09460321587853168;0.09460321587853168;0.09460321587853168;0.09460321587853168;0.09460321587853168
2;78;0.06376796642580246;0.06340090064068443;0.0716041730754027;0.07104047549683212;0.06628205292177605;0.07492083075565664;0.07704258590131745;0.07793845572994008;0.0782662611837007;0.07473914519025447;0.07426160160905149;0.0790843397716372;0.08830742576431994;0.08292848721198147;0.07910730817805318;0.08372331373417378;0.08641669731382613;0.08561795648815071;0.08101789769501733;0.08641669731382613;0.08641669731382613;0.08641669731382613;0.08641669731382613;0.08641669731382613;0.08641669731382613;0.08641669731382613;0.08641669731382613;0.08641669731382613;0.08641669731382613;0.08641669731382613;0.08641669731382613;0.08641669731382613;0.08641669731382613;0.08641669731382613;0.08641669731382613;0.08641669731382613;0.08641669731382613;0.08641669731382613;0.08641669731382613;0.08641669731382613;0.08641669731382613;0.08641669731382613;0.08641669731382613;0.08641669731382613;0.08641669731382613;0.08641669731382613;0.08641669731382613;0.08641669731382613;0.08641669731382613;0.08641669731382613;0.08641669731382613;0.08641669731382613;0.08641669731382613;0.08641669731382613;0.08641669731382613;0.08641669731382613;0.08641669731382613;0.08641669731382613;0.08641669731382613;0.08641669731382613;0.08641669731382613;0.08641669731382613;0.08641669731382613;0.08641669731382613;0.08641669731382613;0.08641669731382613;0.08641669731382613;0.08641669731382613;0.08641669731382613;0.08641669731382613;0.08641669731382613;0.08641669731382613;0.08641669731382613;0.08641669731382613;0.08641669731382613;0.08641669731382613;0.08641669731382613;0.08641669731382613;0.08641669731382613;0.08641669731382613;0.08641669731382613;0.08641669731382613;0.08641669731382613;0.08641669731382613;0.08641669731382613;0.08641669731382613;0.08641669731382613;0.08641669731382613;0.08641669731382613;0.08641669731382613;0.08641669731382613;0.08641669731382613;0.08641669731382613;0.08641669731382613;0.08641669731382613;0.08641669731382613;0.08641669731382613
2;79;0.0556008388303048;0.05523377304518677;0.06343704547990504;0.06287334790133445;0.05811492532627838;0.06675370316015897;0.06887545830581979;0.06977132813444242;0.07009913358820302;0.06657201759475681;0.06609447401355381;0.07091721217613953;0.08014029816882226;0.07476135961648381;0.07094018058255552;0.07555618613867612;0.07824956971832846;0.07745082889265303;0.07285077009951967;0.07824956971832846;0.07824956971832846;0.07824956971832846;0.07824956971832846;0.07824956971832846;0.07824956971832846;0.07824956971832846;0.07824956971832846;0.07824956971832846;0.07824956971832846;0.07824956971832846;0.07824956971832846;0.07824956971832846;0.07824956971832846;0.07824956971832846;0.07824956971832846;0.07824956971832846;0.07824956971832846;0.07824956971832846;0.07824956971832846;0.07824956971832846;0.07824956971832846;0.07824956971832846;0.07824956971832846;0.07824956971832846;0.07824956971832846;0.07824956971832846;0.07824956971832846;0.07824956971832846;0.07824956971832846;0.07824956971832846;0.07824956971832846;0.07824956971832846;0.07824956971832846;0.07824956971832846;0.07824956971832846;0.07824956971832846;0.07824956971832846;0.07824956971832846;0.07824956971832846;0.07824956971832846;0.07824956971832846;0.07824956971832846;0.07824956971832846;0.07824956971832846;0.07824956971832846;0.07824956971832846;0.07824956971832846;0.07824956971832846;0.07824956971832846;0.07824956971832846;0.07824956971832846;0.07824956971832846;0.07824956971832846;0.07824956971832846;0.07824956971832846;0.07824956971832846;0.07824956971832846;0.07824956971832846;0.07824956971832846;0.07824956971832846;0.07824956971832846;0.07824956971832846;0.07824956971832846;0.07824956971832846;0.07824956971832846;0.07824956971832846;0.07824956971832846;0.07824956971832846;0.07824956971832846;0.07824956971832846;0.07824956971832846;0.07824956971832846;0.07824956971832846;0.07824956971832846;0.07824956971832846;0.07824956971832846;0.07824956971832846
2;80;0.04796698321263032;0.047599917427512295;0.05580318986223058;0.05523949228365997;0.0504810697086039;0.0591198475424845;0.06124160268814531;0.06213747251676795;0.06246527797052855;0.058938161977082335;0.05846061839587935;0.06328335655846506;0.0725064425511478;0.06712750399880933;0.06330632496488105;0.06792233052100165;0.07061571410065398;0.06981697327497857;0.06521691448184519;0.07061571410065398;0.07061571410065398;0.07061571410065398;0.07061571410065398;0.07061571410065398;0.07061571410065398;0.07061571410065398;0.07061571410065398;0.07061571410065398;0.07061571410065398;0.07061571410065398;0.07061571410065398;0.07061571410065398;0.07061571410065398;0.07061571410065398;0.07061571410065398;0.07061571410065398;0.07061571410065398;0.07061571410065398;0.07061571410065398;0.07061571410065398;0.07061571410065398;0.07061571410065398;0.07061571410065398;0.07061571410065398;0.07061571410065398;0.07061571410065398;0.07061571410065398;0.07061571410065398;0.07061571410065398;0.07061571410065398;0.07061571410065398;0.07061571410065398;0.07061571410065398;0.07061571410065398;0.07061571410065398;0.07061571410065398;0.07061571410065398;0.07061571410065398;0.07061571410065398;0.07061571410065398;0.07061571410065398;0.07061571410065398;0.07061571410065398;0.07061571410065398;0.07061571410065398;0.07061571410065398;0.07061571410065398;0.07061571410065398;0.07061571410065398;0.07061571410065398;0.07061571410065398;0.07061571410065398;0.07061571410065398;0.07061571410065398;0.07061571410065398;0.07061571410065398;0.07061571410065398;0.07061571410065398;0.07061571410065398;0.07061571410065398;0.07061571410065398;0.07061571410065398;0.07061571410065398;0.07061571410065398;0.07061571410065398;0.07061571410065398;0.07061571410065398;0.07061571410065398;0.07061571410065398;0.07061571410065398;0.07061571410065398;0.07061571410065398;0.07061571410065398;0.07061571410065398;0.07061571410065398;0.07061571410065398;0.07061571410065398
2;81;0.04121168194715842;0.040844616162040395;0.04904788859675868;0.048484191018188086;0.043725768443132015;0.052364546277012605;0.05448630142267341;0.05538217125129605;0.05570997670505666;0.052182860711610435;0.05170531713040745;0.05652805529299317;0.06575114128567588;0.06037220273333743;0.05655102369940915;0.061167029255529755;0.0638604128351821;0.06306167200950666;0.05846161321637329;0.0638604128351821;0.0638604128351821;0.0638604128351821;0.0638604128351821;0.0638604128351821;0.0638604128351821;0.0638604128351821;0.0638604128351821;0.0638604128351821;0.0638604128351821;0.0638604128351821;0.0638604128351821;0.0638604128351821;0.0638604128351821;0.0638604128351821;0.0638604128351821;0.0638604128351821;0.0638604128351821;0.0638604128351821;0.0638604128351821;0.0638604128351821;0.0638604128351821;0.0638604128351821;0.0638604128351821;0.0638604128351821;0.0638604128351821;0.0638604128351821;0.0638604128351821;0.0638604128351821;0.0638604128351821;0.0638604128351821;0.0638604128351821;0.0638604128351821;0.0638604128351821;0.0638604128351821;0.0638604128351821;0.0638604128351821;0.0638604128351821;0.0638604128351821;0.0638604128351821;0.0638604128351821;0.0638604128351821;0.0638604128351821;0.0638604128351821;0.0638604128351821;0.0638604128351821;0.0638604128351821;0.0638604128351821;0.0638604128351821;0.0638604128351821;0.0638604128351821;0.0638604128351821;0.0638604128351821;0.0638604128351821;0.0638604128351821;0.0638604128351821;0.0638604128351821;0.0638604128351821;0.0638604128351821;0.0638604128351821;0.0638604128351821;0.0638604128351821;0.0638604128351821;0.0638604128351821;0.0638604128351821;0.0638604128351821;0.0638604128351821;0.0638604128351821;0.0638604128351821;0.0638604128351821;0.0638604128351821;0.0638604128351821;0.0638604128351821;0.0638604128351821;0.0638604128351821;0.0638604128351821;0.0638604128351821;0.0638604128351821
2;82;0.03500582287132599;0.034638757086207964;0.04284202952092625;0.042278331942355654;0.037519909367299584;0.046158687201180174;0.04828044234684099;0.04917631217546363;0.04950411762922423;0.04597700163577802;0.04549945805457503;0.05032219621716075;0.05954528220984347;0.054166343657505;0.05034516462357673;0.05496117017969733;0.057654553759349664;0.056855812933674234;0.052255754140540865;0.057654553759349664;0.057654553759349664;0.057654553759349664;0.057654553759349664;0.057654553759349664;0.057654553759349664;0.057654553759349664;0.057654553759349664;0.057654553759349664;0.057654553759349664;0.057654553759349664;0.057654553759349664;0.057654553759349664;0.057654553759349664;0.057654553759349664;0.057654553759349664;0.057654553759349664;0.057654553759349664;0.057654553759349664;0.057654553759349664;0.057654553759349664;0.057654553759349664;0.057654553759349664;0.057654553759349664;0.057654553759349664;0.057654553759349664;0.057654553759349664;0.057654553759349664;0.057654553759349664;0.057654553759349664;0.057654553759349664;0.057654553759349664;0.057654553759349664;0.057654553759349664;0.057654553759349664;0.057654553759349664;0.057654553759349664;0.057654553759349664;0.057654553759349664;0.057654553759349664;0.057654553759349664;0.057654553759349664;0.057654553759349664;0.057654553759349664;0.057654553759349664;0.057654553759349664;0.057654553759349664;0.057654553759349664;0.057654553759349664;0.057654553759349664;0.057654553759349664;0.057654553759349664;0.057654553759349664;0.057654553759349664;0.057654553759349664;0.057654553759349664;0.057654553759349664;0.057654553759349664;0.057654553759349664;0.057654553759349664;0.057654553759349664;0.057654553759349664;0.057654553759349664;0.057654553759349664;0.057654553759349664;0.057654553759349664;0.057654553759349664;0.057654553759349664;0.057654553759349664;0.057654553759349664;0.057654553759349664;0.057654553759349664;0.057654553759349664;0.057654553759349664;0.057654553759349664;0.057654553759349664;0.057654553759349664;0.057654553759349664
2;83;0.028851695188334053;0.028484629403216027;0.0366879018379343;0.036124204259363704;0.031365781684307634;0.040004559518188224;0.04212631466384904;0.04302218449247168;0.04334998994623228;0.03982287395278607;0.03934533037158307;0.0441680685341688;0.05339115452685152;0.048012215974513064;0.04419103694058478;0.04880704249670538;0.051500426076357714;0.05070168525068229;0.04610162645754892;0.051500426076357714;0.051500426076357714;0.051500426076357714;0.051500426076357714;0.051500426076357714;0.051500426076357714;0.051500426076357714;0.051500426076357714;0.051500426076357714;0.051500426076357714;0.051500426076357714;0.051500426076357714;0.051500426076357714;0.051500426076357714;0.051500426076357714;0.051500426076357714;0.051500426076357714;0.051500426076357714;0.051500426076357714;0.051500426076357714;0.051500426076357714;0.051500426076357714;0.051500426076357714;0.051500426076357714;0.051500426076357714;0.051500426076357714;0.051500426076357714;0.051500426076357714;0.051500426076357714;0.051500426076357714;0.051500426076357714;0.051500426076357714;0.051500426076357714;0.051500426076357714;0.051500426076357714;0.051500426076357714;0.051500426076357714;0.051500426076357714;0.051500426076357714;0.051500426076357714;0.051500426076357714;0.051500426076357714;0.051500426076357714;0.051500426076357714;0.051500426076357714;0.051500426076357714;0.051500426076357714;0.051500426076357714;0.051500426076357714;0.051500426076357714;0.051500426076357714;0.051500426076357714;0.051500426076357714;0.051500426076357714;0.051500426076357714;0.051500426076357714;0.051500426076357714;0.051500426076357714;0.051500426076357714;0.051500426076357714;0.051500426076357714;0.051500426076357714;0.051500426076357714;0.051500426076357714;0.051500426076357714;0.051500426076357714;0.051500426076357714;0.051500426076357714;0.051500426076357714;0.051500426076357714;0.051500426076357714;0.051500426076357714;0.051500426076357714;0.051500426076357714;0.051500426076357714;0.051500426076357714;0.051500426076357714;0.051500426076357714
2;84;0.022251588101383793;0.021884522316265767;0.03008779475098404;0.029524097172413444;0.024765674597357373;0.03340445243123796;0.03552620757689877;0.036422077405521405;0.03674988285928203;0.03322276686583579;0.03274522328463282;0.03756796144721854;0.04679104743990126;0.04141210888756279;0.037590929853634505;0.042206935409755106;0.04490031898940745;0.04410157816373202;0.03950151937059865;0.04490031898940745;0.04490031898940745;0.04490031898940745;0.04490031898940745;0.04490031898940745;0.04490031898940745;0.04490031898940745;0.04490031898940745;0.04490031898940745;0.04490031898940745;0.04490031898940745;0.04490031898940745;0.04490031898940745;0.04490031898940745;0.04490031898940745;0.04490031898940745;0.04490031898940745;0.04490031898940745;0.04490031898940745;0.04490031898940745;0.04490031898940745;0.04490031898940745;0.04490031898940745;0.04490031898940745;0.04490031898940745;0.04490031898940745;0.04490031898940745;0.04490031898940745;0.04490031898940745;0.04490031898940745;0.04490031898940745;0.04490031898940745;0.04490031898940745;0.04490031898940745;0.04490031898940745;0.04490031898940745;0.04490031898940745;0.04490031898940745;0.04490031898940745;0.04490031898940745;0.04490031898940745;0.04490031898940745;0.04490031898940745;0.04490031898940745;0.04490031898940745;0.04490031898940745;0.04490031898940745;0.04490031898940745;0.04490031898940745;0.04490031898940745;0.04490031898940745;0.04490031898940745;0.04490031898940745;0.04490031898940745;0.04490031898940745;0.04490031898940745;0.04490031898940745;0.04490031898940745;0.04490031898940745;0.04490031898940745;0.04490031898940745;0.04490031898940745;0.04490031898940745;0.04490031898940745;0.04490031898940745;0.04490031898940745;0.04490031898940745;0.04490031898940745;0.04490031898940745;0.04490031898940745;0.04490031898940745;0.04490031898940745;0.04490031898940745;0.04490031898940745;0.04490031898940745;0.04490031898940745;0.04490031898940745;0.04490031898940745
2;85;0.015262587713521375;0.014895521928403349;0.023098794363121636;0.022535096784551026;0.017776674209494955;0.02641545204337556;0.028537207189036365;0.029433077017659;0.029760882471419614;0.02623376647797339;0.025756222896770403;0.03057896105935612;0.03980204705203885;0.034423108499700386;0.0306019294657721;0.0352179350218927;0.03791131860154505;0.03711257777586962;0.032512518982736244;0.03791131860154505;0.03791131860154505;0.03791131860154505;0.03791131860154505;0.03791131860154505;0.03791131860154505;0.03791131860154505;0.03791131860154505;0.03791131860154505;0.03791131860154505;0.03791131860154505;0.03791131860154505;0.03791131860154505;0.03791131860154505;0.03791131860154505;0.03791131860154505;0.03791131860154505;0.03791131860154505;0.03791131860154505;0.03791131860154505;0.03791131860154505;0.03791131860154505;0.03791131860154505;0.03791131860154505;0.03791131860154505;0.03791131860154505;0.03791131860154505;0.03791131860154505;0.03791131860154505;0.03791131860154505;0.03791131860154505;0.03791131860154505;0.03791131860154505;0.03791131860154505;0.03791131860154505;0.03791131860154505;0.03791131860154505;0.03791131860154505;0.03791131860154505;0.03791131860154505;0.03791131860154505;0.03791131860154505;0.03791131860154505;0.03791131860154505;0.03791131860154505;0.03791131860154505;0.03791131860154505;0.03791131860154505;0.03791131860154505;0.03791131860154505;0.03791131860154505;0.03791131860154505;0.03791131860154505;0.03791131860154505;0.03791131860154505;0.03791131860154505;0.03791131860154505;0.03791131860154505;0.03791131860154505;0.03791131860154505;0.03791131860154505;0.03791131860154505;0.03791131860154505;0.03791131860154505;0.03791131860154505;0.03791131860154505;0.03791131860154505;0.03791131860154505;0.03791131860154505;0.03791131860154505;0.03791131860154505;0.03791131860154505;0.03791131860154505;0.03791131860154505;0.03791131860154505;0.03791131860154505;0.03791131860154505;0.03791131860154505
2;86;0.008273587325658971;0.007906521540540945;0.016109793975259218;0.015546096396688622;0.010787673821632551;0.01942645165551314;0.02154820680117396;0.022444076629796597;0.022771882083557196;0.01924476609011097;0.018767222508907985;0.0235899606714937;0.032813046664176435;0.027434108111837968;0.023612929077909697;0.028228934634030298;0.03092231821368263;0.0301235773880072;0.025523518594873833;0.03092231821368263;0.03092231821368263;0.03092231821368263;0.03092231821368263;0.03092231821368263;0.03092231821368263;0.03092231821368263;0.03092231821368263;0.03092231821368263;0.03092231821368263;0.03092231821368263;0.03092231821368263;0.03092231821368263;0.03092231821368263;0.03092231821368263;0.03092231821368263;0.03092231821368263;0.03092231821368263;0.03092231821368263;0.03092231821368263;0.03092231821368263;0.03092231821368263;0.03092231821368263;0.03092231821368263;0.03092231821368263;0.03092231821368263;0.03092231821368263;0.03092231821368263;0.03092231821368263;0.03092231821368263;0.03092231821368263;0.03092231821368263;0.03092231821368263;0.03092231821368263;0.03092231821368263;0.03092231821368263;0.03092231821368263;0.03092231821368263;0.03092231821368263;0.03092231821368263;0.03092231821368263;0.03092231821368263;0.03092231821368263;0.03092231821368263;0.03092231821368263;0.03092231821368263;0.03092231821368263;0.03092231821368263;0.03092231821368263;0.03092231821368263;0.03092231821368263;0.03092231821368263;0.03092231821368263;0.03092231821368263;0.03092231821368263;0.03092231821368263;0.03092231821368263;0.03092231821368263;0.03092231821368263;0.03092231821368263;0.03092231821368263;0.03092231821368263;0.03092231821368263;0.03092231821368263;0.03092231821368263;0.03092231821368263;0.03092231821368263;0.03092231821368263;0.03092231821368263;0.03092231821368263;0.03092231821368263;0.03092231821368263;0.03092231821368263;0.03092231821368263;0.03092231821368263;0.03092231821368263;0.03092231821368263;0.03092231821368263
2;87;0.0012845869377964558;0.0009175211526784299;0.009120793587396703;0.008557096008826107;0.003798673433770036;0.012437451267650626;0.014559206413311446;0.015455076241934082;0.01578288169569468;0.01225576570224847;0.01177822212104547;0.0166009602836312;0.02582404627631392;0.020445107723975453;0.016623928690047182;0.021239934246167783;0.023933317825820116;0.023134577000144686;0.018534518207011318;0.023933317825820116;0.023933317825820116;0.023933317825820116;0.023933317825820116;0.023933317825820116;0.023933317825820116;0.023933317825820116;0.023933317825820116;0.023933317825820116;0.023933317825820116;0.023933317825820116;0.023933317825820116;0.023933317825820116;0.023933317825820116;0.023933317825820116;0.023933317825820116;0.023933317825820116;0.023933317825820116;0.023933317825820116;0.023933317825820116;0.023933317825820116;0.023933317825820116;0.023933317825820116;0.023933317825820116;0.023933317825820116;0.023933317825820116;0.023933317825820116;0.023933317825820116;0.023933317825820116;0.023933317825820116;0.023933317825820116;0.023933317825820116;0.023933317825820116;0.023933317825820116;0.023933317825820116;0.023933317825820116;0.023933317825820116;0.023933317825820116;0.023933317825820116;0.023933317825820116;0.023933317825820116;0.023933317825820116;0.023933317825820116;0.023933317825820116;0.023933317825820116;0.023933317825820116;0.023933317825820116;0.023933317825820116;0.023933317825820116;0.023933317825820116;0.023933317825820116;0.023933317825820116;0.023933317825820116;0.023933317825820116;0.023933317825820116;0.023933317825820116;0.023933317825820116;0.023933317825820116;0.023933317825820116;0.023933317825820116;0.023933317825820116;0.023933317825820116;0.023933317825820116;0.023933317825820116;0.023933317825820116;0.023933317825820116;0.023933317825820116;0.023933317825820116;0.023933317825820116;0.023933317825820116;0.023933317825820116;0.023933317825820116;0.023933317825820116;0.023933317825820116;0.023933317825820116;0.023933317825820116;0.023933317825820116;0.023933317825820116
2;88;0.0;0.0;0.0021317931995342987;0.0015680956209637026;0.0;0.005448450879788222;0.007570206025449042;0.008466075854071664;0.008793881307832277;0.0052667653143860516;0.004789221733183066;0.009611959895768782;0.018835045888451515;0.013456107336113049;0.009634928302184764;0.014250933858305379;0.016944317437957712;0.016145576612282282;0.011545517819148907;0.016944317437957712;0.016944317437957712;0.016944317437957712;0.016944317437957712;0.016944317437957712;0.016944317437957712;0.016944317437957712;0.016944317437957712;0.016944317437957712;0.016944317437957712;0.016944317437957712;0.016944317437957712;0.016944317437957712;0.016944317437957712;0.016944317437957712;0.016944317437957712;0.016944317437957712;0.016944317437957712;0.016944317437957712;0.016944317437957712;0.016944317437957712;0.016944317437957712;0.016944317437957712;0.016944317437957712;0.016944317437957712;0.016944317437957712;0.016944317437957712;0.016944317437957712;0.016944317437957712;0.016944317437957712;0.016944317437957712;0.016944317437957712;0.016944317437957712;0.016944317437957712;0.016944317437957712;0.016944317437957712;0.016944317437957712;0.016944317437957712;0.016944317437957712;0.016944317437957712;0.016944317437957712;0.016944317437957712;0.016944317437957712;0.016944317437957712;0.016944317437957712;0.016944317437957712;0.016944317437957712;0.016944317437957712;0.016944317437957712;0.016944317437957712;0.016944317437957712;0.016944317437957712;0.016944317437957712;0.016944317437957712;0.016944317437957712;0.016944317437957712;0.016944317437957712;0.016944317437957712;0.016944317437957712;0.016944317437957712;0.016944317437957712;0.016944317437957712;0.016944317437957712;0.016944317437957712;0.016944317437957712;0.016944317437957712;0.016944317437957712;0.016944317437957712;0.016944317437957712;0.016944317437957712;0.016944317437957712;0.016944317437957712;0.016944317437957712;0.016944317437957712;0.016944317437957712;0.016944317437957712;0.016944317437957712;0.016944317437957712
2;89;0.0;0.0;0.0;0.0;0.0;0.0;0.0005812056375866237;0.0014770754662092461;0.001804880919969859;0.0;0.0;0.0026229595079063778;0.011846045500589097;0.006467106948250631;0.0026459279143223463;0.0072619334704429606;0.009955317050095294;0.009156576224419864;0.004556517431286489;0.009955317050095294;0.009955317050095294;0.009955317050095294;0.009955317050095294;0.009955317050095294;0.009955317050095294;0.009955317050095294;0.009955317050095294;0.009955317050095294;0.009955317050095294;0.009955317050095294;0.009955317050095294;0.009955317050095294;0.009955317050095294;0.009955317050095294;0.009955317050095294;0.009955317050095294;0.009955317050095294;0.009955317050095294;0.009955317050095294;0.009955317050095294;0.009955317050095294;0.009955317050095294;0.009955317050095294;0.009955317050095294;0.009955317050095294;0.009955317050095294;0.009955317050095294;0.009955317050095294;0.009955317050095294;0.009955317050095294;0.009955317050095294;0.009955317050095294;0.009955317050095294;0.009955317050095294;0.009955317050095294;0.009955317050095294;0.009955317050095294;0.009955317050095294;0.009955317050095294;0.009955317050095294;0.009955317050095294;0.009955317050095294;0.009955317050095294;0.009955317050095294;0.009955317050095294;0.009955317050095294;0.009955317050095294;0.009955317050095294;0.009955317050095294;0.009955317050095294;0.009955317050095294;0.009955317050095294;0.009955317050095294;0.009955317050095294;0.009955317050095294;0.009955317050095294;0.009955317050095294;0.009955317050095294;0.009955317050095294;0.009955317050095294;0.009955317050095294;0.009955317050095294;0.009955317050095294;0.009955317050095294;0.009955317050095294;0.009955317050095294;0.009955317050095294;0.009955317050095294;0.009955317050095294;0.009955317050095294;0.009955317050095294;0.009955317050095294;0.009955317050095294;0.009955317050095294;0.009955317050095294;0.009955317050095294;0.009955317050095294
2;90;0.0;0.0;0.0;0.0;0.0;0.0;0.0;0.0;0.0;0.0;0.0;0.0;0.004857045112726693;0.0;0.0;0.0002729330825805426;0.00296631666223289;0.0024285225563633467;0.0;0.00296631666223289;0.00296631666223289;0.00296631666223289;0.00296631666223289;0.00296631666223289;0.00296631666223289;0.00296631666223289;0.00296631666223289;0.00296631666223289;0.00296631666223289;0.00296631666223289;0.00296631666223289;0.00296631666223289;0.00296631666223289;0.00296631666223289;0.00296631666223289;0.00296631666223289;0.00296631666223289;0.00296631666223289;0.00296631666223289;0.00296631666223289;0.00296631666223289;0.00296631666223289;0.00296631666223289;0.00296631666223289;0.00296631666223289;0.00296631666223289;0.00296631666223289;0.00296631666223289;0.00296631666223289;0.00296631666223289;0.00296631666223289;0.00296631666223289;0.00296631666223289;0.00296631666223289;0.00296631666223289;0.00296631666223289;0.00296631666223289;0.00296631666223289;0.00296631666223289;0.00296631666223289;0.00296631666223289;0.00296631666223289;0.00296631666223289;0.00296631666223289;0.00296631666223289;0.00296631666223289;0.00296631666223289;0.00296631666223289;0.00296631666223289;0.00296631666223289;0.00296631666223289;0.00296631666223289;0.00296631666223289;0.00296631666223289;0.00296631666223289;0.00296631666223289;0.00296631666223289;0.00296631666223289;0.00296631666223289;0.00296631666223289;0.00296631666223289;0.00296631666223289;0.00296631666223289;0.00296631666223289;0.00296631666223289;0.00296631666223289;0.00296631666223289;0.00296631666223289;0.00296631666223289;0.00296631666223289;0.00296631666223289;0.00296631666223289;0.00296631666223289;0.00296631666223289;0.00296631666223289;0.00296631666223289;0.00296631666223289
2;91;0.0;0.0;0.0;0.0;0.0;0.0;0.0;0.0;0.0;0.0;0.0;0.0;0.0;0.0;0.0;0.0;0.0;0.0;0.0;0.0;0.0;0.0;0.0;0.0;0.0;0.0;0.0;0.0;0.0;0.0;0.0;0.0;0.0;0.0;0.0;0.0;0.0;0.0;0.0;0.0;0.0;0.0;0.0;0.0;0.0;0.0;0.0;0.0;0.0;0.0;0.0;0.0;0.0;0.0;0.0;0.0;0.0;0.0;0.0;0.0;0.0;0.0;0.0;0.0;0.0;0.0;0.0;0.0;0.0;0.0;0.0;0.0;0.0;0.0;0.0;0.0;0.0;0.0;0.0;0.0;0.0;0.0;0.0;0.0;0.0;0.0;0.0;0.0;0.0;0.0;0.0;0.0;0.0;0.0;0.0;0.0;0.0
2;92;0.0;0.0;0.0;0.0;0.0;0.0;0.0;0.0;0.0;0.0;0.0;0.0;0.0;0.0;0.0;0.0;0.0;0.0;0.0;0.0;0.0;0.0;0.0;0.0;0.0;0.0;0.0;0.0;0.0;0.0;0.0;0.0;0.0;0.0;0.0;0.0;0.0;0.0;0.0;0.0;0.0;0.0;0.0;0.0;0.0;0.0;0.0;0.0;0.0;0.0;0.0;0.0;0.0;0.0;0.0;0.0;0.0;0.0;0.0;0.0;0.0;0.0;0.0;0.0;0.0;0.0;0.0;0.0;0.0;0.0;0.0;0.0;0.0;0.0;0.0;0.0;0.0;0.0;0.0;0.0;0.0;0.0;0.0;0.0;0.0;0.0;0.0;0.0;0.0;0.0;0.0;0.0;0.0;0.0;0.0;0.0;0.0
2;93;0.0;0.0;0.0;0.0;0.0;0.0;0.0;0.0;0.0;0.0;0.0;0.0;0.0;0.0;0.0;0.0;0.0;0.0;0.0;0.0;0.0;0.0;0.0;0.0;0.0;0.0;0.0;0.0;0.0;0.0;0.0;0.0;0.0;0.0;0.0;0.0;0.0;0.0;0.0;0.0;0.0;0.0;0.0;0.0;0.0;0.0;0.0;0.0;0.0;0.0;0.0;0.0;0.0;0.0;0.0;0.0;0.0;0.0;0.0;0.0;0.0;0.0;0.0;0.0;0.0;0.0;0.0;0.0;0.0;0.0;0.0;0.0;0.0;0.0;0.0;0.0;0.0;0.0;0.0;0.0;0.0;0.0;0.0;0.0;0.0;0.0;0.0;0.0;0.0;0.0;0.0;0.0;0.0;0.0;0.0;0.0;0.0
2;94;0.0;0.0;0.0;0.0;0.0;0.0;0.0;0.0;0.0;0.0;0.0;0.0;0.0;0.0;0.0;0.0;0.0;0.0;0.0;0.0;0.0;0.0;0.0;0.0;0.0;0.0;0.0;0.0;0.0;0.0;0.0;0.0;0.0;0.0;0.0;0.0;0.0;0.0;0.0;0.0;0.0;0.0;0.0;0.0;0.0;0.0;0.0;0.0;0.0;0.0;0.0;0.0;0.0;0.0;0.0;0.0;0.0;0.0;0.0;0.0;0.0;0.0;0.0;0.0;0.0;0.0;0.0;0.0;0.0;0.0;0.0;0.0;0.0;0.0;0.0;0.0;0.0;0.0;0.0;0.0;0.0;0.0;0.0;0.0;0.0;0.0;0.0;0.0;0.0;0.0;0.0;0.0;0.0;0.0;0.0;0.0;0.0
2;95;0.0;0.0;0.0;0.0;0.0;0.0;0.0;0.0;0.0;0.0;0.0;0.0;0.0;0.0;0.0;0.0;0.0;0.0;0.0;0.0;0.0;0.0;0.0;0.0;0.0;0.0;0.0;0.0;0.0;0.0;0.0;0.0;0.0;0.0;0.0;0.0;0.0;0.0;0.0;0.0;0.0;0.0;0.0;0.0;0.0;0.0;0.0;0.0;0.0;0.0;0.0;0.0;0.0;0.0;0.0;0.0;0.0;0.0;0.0;0.0;0.0;0.0;0.0;0.0;0.0;0.0;0.0;0.0;0.0;0.0;0.0;0.0;0.0;0.0;0.0;0.0;0.0;0.0;0.0;0.0;0.0;0.0;0.0;0.0;0.0;0.0;0.0;0.0;0.0;0.0;0.0;0.0;0.0;0.0;0.0;0.0;0.0
2;96;0.0;0.0;0.0;0.0;0.0;0.0;0.0;0.0;0.0;0.0;0.0;0.0;0.0;0.0;0.0;0.0;0.0;0.0;0.0;0.0;0.0;0.0;0.0;0.0;0.0;0.0;0.0;0.0;0.0;0.0;0.0;0.0;0.0;0.0;0.0;0.0;0.0;0.0;0.0;0.0;0.0;0.0;0.0;0.0;0.0;0.0;0.0;0.0;0.0;0.0;0.0;0.0;0.0;0.0;0.0;0.0;0.0;0.0;0.0;0.0;0.0;0.0;0.0;0.0;0.0;0.0;0.0;0.0;0.0;0.0;0.0;0.0;0.0;0.0;0.0;0.0;0.0;0.0;0.0;0.0;0.0;0.0;0.0;0.0;0.0;0.0;0.0;0.0;0.0;0.0;0.0;0.0;0.0;0.0;0.0;0.0;0.0
2;97;0.0;0.0;0.0;0.0;0.0;0.0;0.0;0.0;0.0;0.0;0.0;0.0;0.0;0.0;0.0;0.0;0.0;0.0;0.0;0.0;0.0;0.0;0.0;0.0;0.0;0.0;0.0;0.0;0.0;0.0;0.0;0.0;0.0;0.0;0.0;0.0;0.0;0.0;0.0;0.0;0.0;0.0;0.0;0.0;0.0;0.0;0.0;0.0;0.0;0.0;0.0;0.0;0.0;0.0;0.0;0.0;0.0;0.0;0.0;0.0;0.0;0.0;0.0;0.0;0.0;0.0;0.0;0.0;0.0;0.0;0.0;0.0;0.0;0.0;0.0;0.0;0.0;0.0;0.0;0.0;0.0;0.0;0.0;0.0;0.0;0.0;0.0;0.0;0.0;0.0;0.0;0.0;0.0;0.0;0.0;0.0;0.0
2;98;0.0;0.0;0.0;0.0;0.0;0.0;0.0;0.0;0.0;0.0;0.0;0.0;0.0;0.0;0.0;0.0;0.0;0.0;0.0;0.0;0.0;0.0;0.0;0.0;0.0;0.0;0.0;0.0;0.0;0.0;0.0;0.0;0.0;0.0;0.0;0.0;0.0;0.0;0.0;0.0;0.0;0.0;0.0;0.0;0.0;0.0;0.0;0.0;0.0;0.0;0.0;0.0;0.0;0.0;0.0;0.0;0.0;0.0;0.0;0.0;0.0;0.0;0.0;0.0;0.0;0.0;0.0;0.0;0.0;0.0;0.0;0.0;0.0;0.0;0.0;0.0;0.0;0.0;0.0;0.0;0.0;0.0;0.0;0.0;0.0;0.0;0.0;0.0;0.0;0.0;0.0;0.0;0.0;0.0;0.0;0.0;0.0
2;99;0.0;0.0;0.0;0.0;0.0;0.0;0.0;0.0;0.0;0.0;0.0;0.0;0.0;0.0;0.0;0.0;0.0;0.0;0.0;0.0;0.0;0.0;0.0;0.0;0.0;0.0;0.0;0.0;0.0;0.0;0.0;0.0;0.0;0.0;0.0;0.0;0.0;0.0;0.0;0.0;0.0;0.0;0.0;0.0;0.0;0.0;0.0;0.0;0.0;0.0;0.0;0.0;0.0;0.0;0.0;0.0;0.0;0.0;0.0;0.0;0.0;0.0;0.0;0.0;0.0;0.0;0.0;0.0;0.0;0.0;0.0;0.0;0.0;0.0;0.0;0.0;0.0;0.0;0.0;0.0;0.0;0.0;0.0;0.0;0.0;0.0;0.0;0.0;0.0;0.0;0.0;0.0;0.0;0.0;0.0;0.0;0.0
2;100;0.0;0.0;0.0;0.0;0.0;0.0;0.0;0.0;0.0;0.0;0.0;0.0;0.0;0.0;0.0;0.0;0.0;0.0;0.0;0.0;0.0;0.0;0.0;0.0;0.0;0.0;0.0;0.0;0.0;0.0;0.0;0.0;0.0;0.0;0.0;0.0;0.0;0.0;0.0;0.0;0.0;0.0;0.0;0.0;0.0;0.0;0.0;0.0;0.0;0.0;0.0;0.0;0.0;0.0;0.0;0.0;0.0;0.0;0.0;0.0;0.0;0.0;0.0;0.0;0.0;0.0;0.0;0.0;0.0;0.0;0.0;0.0;0.0;0.0;0.0;0.0;0.0;0.0;0.0;0.0;0.0;0.0;0.0;0.0;0.0;0.0;0.0;0.0;0.0;0.0;0.0;0.0;0.0;0.0;0.0;0.0;0.0
